<iati-activities version="1.01" generated-datetime="2013-03-28T16:48:56Z"><ir:registry-record xml:lang="en" file-id="GB-1" source-url="http://projects.dfid.gov.uk/iati/Region/89" publisher-id="GB-1" publisher-role="Funding" contact-email="ppisupport@dfid.gov.uk" donor-id="GB-1" donor-type="10" title="DFID Activity File" activity-period="All Periods" last-updated-datetime="2013-03-28T16:48:56Z" generated-datetime="2013-03-28T16:48:56Z" verification-status="1" format="xml" license="IATI" xmlns:ir="http://iatiregistry.org/ns/record#"/><iati-activity xml:lang="en" default-currency="GBP" hierarchy="1"><reporting-org ref="GB-1" type="10">Department for International Development</reporting-org><participating-org ref="GB" type="10" role="Funding">UNITED KINGDOM</participating-org><participating-org ref="GB-1" type="10" role="Extending">Department for International Development</participating-org><iati-identifier>GB-1-110675</iati-identifier><other-identifier owner-ref="GB-1" owner-name="DFID">110675</other-identifier><title>Research By Overseas Development Institute (ODI) Into Financial Crisis</title><description>To ensure that the EU Research and Policy Initiative is effectively designed and planned</description><activity-date type="end-actual">2009-09-30</activity-date><activity-date type="end-planned">2009-09-30</activity-date><activity-date type="start-actual">2007-07-17</activity-date><activity-date type="start-planned">2007-07-17</activity-date><activity-status code="4">Post-completion</activity-status><contact-info><organisation>Department for International Development</organisation><telephone>+44 (0) 1355 84 3132</telephone><email>enquiry@dfid.gov.uk</email><mailing-address>Public Enquiry Point, Abercrombie House, Eaglesham Road, East Kilbride, Glasgow G75 8EA</mailing-address></contact-info><default-tied-status code="5">Untied</default-tied-status><related-activity ref="GB-1-110675-101" type="2">Research By Overseas Development Institute (ODI) Into Financial Crisis</related-activity></iati-activity><iati-activity xml:lang="en" default-currency="GBP" hierarchy="2"><reporting-org ref="GB-1" type="10">Department for International Development</reporting-org><participating-org ref="GB" type="10" role="Funding">UNITED KINGDOM</participating-org><participating-org ref="GB-1" type="10" role="Extending">Department for International Development</participating-org><participating-org ref="51000" role="Implementing">University, college or other teaching institution, research institute or think-tank</participating-org><recipient-region code="89">Europe, regional</recipient-region><collaboration-type code="1">Bilateral</collaboration-type><default-flow-type code="10">ODA</default-flow-type><default-aid-type code="C01">Project-type interventions</default-aid-type><default-finance-type code="110">Aid grant excluding debt reorganisation</default-finance-type><iati-identifier>GB-1-110675-101</iati-identifier><other-identifier owner-ref="GB-1" owner-name="DFID">110675-101</other-identifier><title>Research By Overseas Development Institute (ODI) Into Financial Crisis</title><sector code="43082" percentage="26">Research/scientific institutions</sector><sector code="43082" percentage="25">Research/scientific institutions</sector><sector code="43082" percentage="25">Research/scientific institutions</sector><sector code="41082" percentage="24">Environmental Research</sector><activity-date type="end-actual">2009-09-30</activity-date><activity-date type="end-planned">2009-09-30</activity-date><activity-date type="start-actual">2007-07-17</activity-date><activity-date type="start-planned">2007-07-17</activity-date><activity-status code="4">Post-completion</activity-status><contact-info><organisation>Department for International Development</organisation><telephone>+44 (0) 1355 84 3132</telephone><email>enquiry@dfid.gov.uk</email><mailing-address>Public Enquiry Point, Abercrombie House, Eaglesham Road, East Kilbride, Glasgow G75 8EA</mailing-address></contact-info><default-tied-status code="5">Untied</default-tied-status><policy-marker code="1" vocabulary="DAC" significance="0">Gender Equality</policy-marker><policy-marker code="2" vocabulary="DAC" significance="0">Aid to Environment</policy-marker><policy-marker code="3" vocabulary="DAC" significance="0">Participatory Development/Good Governance</policy-marker><policy-marker code="4" vocabulary="DAC" significance="0">Trade Development</policy-marker><policy-marker code="5" vocabulary="DAC" significance="0">Aid Targeting the Objectives of the Convention on Biological Diversity</policy-marker><policy-marker code="6" vocabulary="DAC" significance="0">Aid Targeting the Objectives of the Framework Convention on Climate Change - Mitigation</policy-marker><policy-marker code="7" vocabulary="DAC" significance="0">Aid Targeting the Objectives of the Framework Convention on Climate Change - Adaptation</policy-marker><policy-marker code="8" vocabulary="DAC" significance="0">Aid Targeting the Objectives of the Convention to Combat Desertification</policy-marker><transaction><value value-date="2009-04-01">19580</value><transaction-type code="C">Commitment</transaction-type><transaction-date iso-date="2007-07-17">Total Commitment to 30 Sep 2009</transaction-date></transaction><transaction><value currency="GBP" value-date="2007-09-30">3963</value><transaction-type code="D">Disbursement</transaction-type><provider-org ref="GB-1">Department for International Development</provider-org><description>Aggregated spend data - Financial Year 2007 Quarter 2</description><transaction-date iso-date="2007-09-30"/></transaction><transaction><value currency="GBP" value-date="2010-03-31">15617</value><transaction-type code="D">Disbursement</transaction-type><provider-org ref="GB-1">Department for International Development</provider-org><description>Aggregated spend data - Financial Year 2009 Quarter 4</description><transaction-date iso-date="2010-03-31"/></transaction><budget type="Revised"><period-start iso-date="2007-04-01"/><period-end iso-date="2008-03-31"/><value value-date="2007-04-01" currency="GBP">3963</value></budget><budget type="Revised"><period-start iso-date="2009-04-01"/><period-end iso-date="2010-03-31"/><value value-date="2009-04-01" currency="GBP">15617</value></budget><related-activity ref="GB-1-110675" type="1">Research By Overseas Development Institute (ODI) Into Financial Crisis</related-activity><legacy-data name="80010 Economic Research (Global Partnerships)" value="80010" iati-equivalent="sector">26%</legacy-data><legacy-data name="80014 Governance Research (Global Partnerships)" value="80014" iati-equivalent="sector">25%</legacy-data><legacy-data name="80015 Social Research (Global Partnerships)" value="80015" iati-equivalent="sector">25%</legacy-data><legacy-data name="80018 Environment Research (Global Partnerships)" value="80018" iati-equivalent="sector">24%</legacy-data></iati-activity><iati-activity xml:lang="en" default-currency="GBP" hierarchy="1"><reporting-org ref="GB-1" type="10">Department for International Development</reporting-org><participating-org ref="GB" type="10" role="Funding">UNITED KINGDOM</participating-org><participating-org ref="GB-1" type="10" role="Extending">Department for International Development</participating-org><iati-identifier>GB-1-200016</iati-identifier><other-identifier owner-ref="GB-1" owner-name="DFID">200016</other-identifier><title>Outreach and Enabling Others to Engage in Improving the Effectiveness of European Development Assistance</title><description>To foster dialogue on European Community &amp; European Commission Development Cooperation</description><activity-date type="end-actual">2011-04-04</activity-date><activity-date type="end-planned">2011-04-04</activity-date><activity-date type="start-actual">2008-01-08</activity-date><activity-date type="start-planned">2008-01-08</activity-date><activity-status code="4">Post-completion</activity-status><contact-info><organisation>Department for International Development</organisation><telephone>+44 (0) 1355 84 3132</telephone><email>enquiry@dfid.gov.uk</email><mailing-address>Public Enquiry Point, Abercrombie House, Eaglesham Road, East Kilbride, Glasgow G75 8EA</mailing-address></contact-info><default-tied-status code="5">Untied</default-tied-status><related-activity ref="GB-1-200016-102" type="2">Wilton Park</related-activity><related-activity ref="GB-1-200016-103" type="2">Friends of Europe Accountable Grant</related-activity><related-activity ref="GB-1-200016-104" type="2">ODI on How to Take Forward the Debate on Improving EU Aid Architecture</related-activity><related-activity ref="GB-1-200016-105" type="2">ODI- European Development Cooperation Support Programme</related-activity><related-activity ref="GB-1-200016-106" type="2">Bond European Development Day Southern Partners Assistance Programme</related-activity><related-activity ref="GB-1-200016-107" type="2">ODI- Promoting Change and Value for Money in European Development Cooperation</related-activity><related-activity ref="GB-1-200016-108" type="2">Wilton Park Conference on Global Governance</related-activity></iati-activity><iati-activity xml:lang="en" default-currency="GBP" hierarchy="2"><reporting-org ref="GB-1" type="10">Department for International Development</reporting-org><participating-org ref="GB" type="10" role="Funding">UNITED KINGDOM</participating-org><participating-org ref="GB-1" type="10" role="Extending">Department for International Development</participating-org><participating-org ref="52000" role="Implementing">Other.</participating-org><recipient-region code="89">Europe, regional</recipient-region><collaboration-type code="1">Bilateral</collaboration-type><default-flow-type code="10">ODA</default-flow-type><default-aid-type code="C01">Project-type interventions</default-aid-type><default-finance-type code="110">Aid grant excluding debt reorganisation</default-finance-type><iati-identifier>GB-1-200016-102</iati-identifier><other-identifier owner-ref="GB-1" owner-name="DFID">200016-102</other-identifier><title>Wilton Park</title><sector code="15110">Public sector policy and administrative management</sector><activity-date type="end-actual">2008-09-30</activity-date><activity-date type="end-planned">2008-09-30</activity-date><activity-date type="start-actual">2008-01-31</activity-date><activity-date type="start-planned">2008-01-31</activity-date><activity-status code="4">Post-completion</activity-status><contact-info><organisation>Department for International Development</organisation><telephone>+44 (0) 1355 84 3132</telephone><email>enquiry@dfid.gov.uk</email><mailing-address>Public Enquiry Point, Abercrombie House, Eaglesham Road, East Kilbride, Glasgow G75 8EA</mailing-address></contact-info><default-tied-status code="5">Untied</default-tied-status><policy-marker code="1" vocabulary="DAC" significance="0">Gender Equality</policy-marker><policy-marker code="2" vocabulary="DAC" significance="0">Aid to Environment</policy-marker><policy-marker code="3" vocabulary="DAC" significance="0">Participatory Development/Good Governance</policy-marker><policy-marker code="4" vocabulary="DAC" significance="0">Trade Development</policy-marker><policy-marker code="5" vocabulary="DAC" significance="0">Aid Targeting the Objectives of the Convention on Biological Diversity</policy-marker><policy-marker code="6" vocabulary="DAC" significance="0">Aid Targeting the Objectives of the Framework Convention on Climate Change - Mitigation</policy-marker><policy-marker code="7" vocabulary="DAC" significance="0">Aid Targeting the Objectives of the Framework Convention on Climate Change - Adaptation</policy-marker><policy-marker code="8" vocabulary="DAC" significance="0">Aid Targeting the Objectives of the Convention to Combat Desertification</policy-marker><transaction><value value-date="2010-04-01">30000</value><transaction-type code="C">Commitment</transaction-type><transaction-date iso-date="2008-01-31">Total Commitment to 30 Sep 2008</transaction-date></transaction><transaction><value currency="GBP" value-date="2007-06-30">36000</value><transaction-type code="D">Disbursement</transaction-type><provider-org ref="GB-1">Department for International Development</provider-org><description>Aggregated spend data - Financial Year 2007 Quarter 1</description><transaction-date iso-date="2007-06-30"/></transaction><transaction><value currency="GBP" value-date="2008-03-31">30000</value><transaction-type code="D">Disbursement</transaction-type><provider-org ref="GB-1">Department for International Development</provider-org><description>Aggregated spend data - Financial Year 2007 Quarter 4</description><transaction-date iso-date="2008-03-31"/></transaction><transaction><value currency="GBP" value-date="2008-06-30">-36000</value><transaction-type code="D">Disbursement</transaction-type><provider-org ref="GB-1">Department for International Development</provider-org><description>Aggregated spend data - Financial Year 2008 Quarter 1</description><transaction-date iso-date="2008-06-30"/></transaction><budget type="Revised"><period-start iso-date="2007-04-01"/><period-end iso-date="2008-03-31"/><value value-date="2007-04-01" currency="GBP">30000</value></budget><budget type="Revised"><period-start iso-date="2008-04-01"/><period-end iso-date="2009-03-31"/><value value-date="2008-04-01" currency="GBP">60000</value></budget><budget type="Revised"><period-start iso-date="2009-04-01"/><period-end iso-date="2010-03-31"/><value value-date="2009-04-01" currency="GBP">-48000</value></budget><budget type="Revised"><period-start iso-date="2010-04-01"/><period-end iso-date="2011-03-31"/><value value-date="2010-04-01" currency="GBP">-12000</value></budget><related-activity ref="GB-1-200016" type="1">Outreach and Enabling Others to Engage in Improving the Effectiveness of European Development Assistance</related-activity><related-activity ref="GB-1-200016-103" type="3">Friends of Europe Accountable Grant</related-activity><related-activity ref="GB-1-200016-104" type="3">ODI on How to Take Forward the Debate on Improving EU Aid Architecture</related-activity><related-activity ref="GB-1-200016-105" type="3">ODI- European Development Cooperation Support Programme</related-activity><related-activity ref="GB-1-200016-106" type="3">Bond European Development Day Southern Partners Assistance Programme</related-activity><related-activity ref="GB-1-200016-107" type="3">ODI- Promoting Change and Value for Money in European Development Cooperation</related-activity><related-activity ref="GB-1-200016-108" type="3">Wilton Park Conference on Global Governance</related-activity><legacy-data name="15110 Economic and Development Policy/Planning: (Governance and Security)" value="15110" iati-equivalent="sector"/></iati-activity><iati-activity xml:lang="en" default-currency="GBP" hierarchy="2"><reporting-org ref="GB-1" type="10">Department for International Development</reporting-org><participating-org ref="GB" type="10" role="Funding">UNITED KINGDOM</participating-org><participating-org ref="GB-1" type="10" role="Extending">Department for International Development</participating-org><participating-org ref="51000" role="Implementing">University, college or other teaching institution, research institute or think-tank</participating-org><recipient-region code="89">Europe, regional</recipient-region><collaboration-type code="1">Bilateral</collaboration-type><default-flow-type code="10">ODA</default-flow-type><default-aid-type code="C01">Project-type interventions</default-aid-type><default-finance-type code="110">Aid grant excluding debt reorganisation</default-finance-type><iati-identifier>GB-1-200016-103</iati-identifier><other-identifier owner-ref="GB-1" owner-name="DFID">200016-103</other-identifier><title>Friends of Europe Accountable Grant</title><sector code="15110">Public sector policy and administrative management</sector><activity-date type="end-actual">2011-04-04</activity-date><activity-date type="end-planned">2011-04-04</activity-date><activity-date type="start-actual">2008-01-31</activity-date><activity-date type="start-planned">2008-01-31</activity-date><activity-status code="4">Post-completion</activity-status><contact-info><organisation>Department for International Development</organisation><telephone>+44 (0) 1355 84 3132</telephone><email>enquiry@dfid.gov.uk</email><mailing-address>Public Enquiry Point, Abercrombie House, Eaglesham Road, East Kilbride, Glasgow G75 8EA</mailing-address></contact-info><default-tied-status code="5">Untied</default-tied-status><policy-marker code="1" vocabulary="DAC" significance="0">Gender Equality</policy-marker><policy-marker code="2" vocabulary="DAC" significance="0">Aid to Environment</policy-marker><policy-marker code="3" vocabulary="DAC" significance="0">Participatory Development/Good Governance</policy-marker><policy-marker code="4" vocabulary="DAC" significance="0">Trade Development</policy-marker><policy-marker code="5" vocabulary="DAC" significance="0">Aid Targeting the Objectives of the Convention on Biological Diversity</policy-marker><policy-marker code="6" vocabulary="DAC" significance="0">Aid Targeting the Objectives of the Framework Convention on Climate Change - Mitigation</policy-marker><policy-marker code="7" vocabulary="DAC" significance="0">Aid Targeting the Objectives of the Framework Convention on Climate Change - Adaptation</policy-marker><policy-marker code="8" vocabulary="DAC" significance="0">Aid Targeting the Objectives of the Convention to Combat Desertification</policy-marker><transaction><value value-date="2010-04-01">135729</value><transaction-type code="C">Commitment</transaction-type><transaction-date iso-date="2008-01-31">Total Commitment to 04 Apr 2011</transaction-date></transaction><transaction><value currency="GBP" value-date="2008-09-30">36039</value><transaction-type code="D">Disbursement</transaction-type><provider-org ref="GB-1">Department for International Development</provider-org><description>Aggregated spend data - Financial Year 2008 Quarter 2</description><transaction-date iso-date="2008-09-30"/></transaction><transaction><value currency="GBP" value-date="2009-03-31">54000</value><transaction-type code="D">Disbursement</transaction-type><provider-org ref="GB-1">Department for International Development</provider-org><description>Aggregated spend data - Financial Year 2008 Quarter 4</description><transaction-date iso-date="2009-03-31"/></transaction><transaction><value currency="GBP" value-date="2009-06-30">54000</value><transaction-type code="D">Disbursement</transaction-type><provider-org ref="GB-1">Department for International Development</provider-org><description>Aggregated spend data - Financial Year 2009 Quarter 1</description><transaction-date iso-date="2009-06-30"/></transaction><transaction><value currency="GBP" value-date="2010-03-31">-8310</value><transaction-type code="D">Disbursement</transaction-type><provider-org ref="GB-1">Department for International Development</provider-org><description>Aggregated spend data - Financial Year 2009 Quarter 4</description><transaction-date iso-date="2010-03-31"/></transaction><budget type="Revised"><period-start iso-date="2008-04-01"/><period-end iso-date="2009-03-31"/><value value-date="2008-04-01" currency="GBP">90039</value></budget><budget type="Revised"><period-start iso-date="2009-04-01"/><period-end iso-date="2010-03-31"/><value value-date="2009-04-01" currency="GBP">45690</value></budget><related-activity ref="GB-1-200016" type="1">Outreach and Enabling Others to Engage in Improving the Effectiveness of European Development Assistance</related-activity><related-activity ref="GB-1-200016-102" type="3">Wilton Park</related-activity><related-activity ref="GB-1-200016-104" type="3">ODI on How to Take Forward the Debate on Improving EU Aid Architecture</related-activity><related-activity ref="GB-1-200016-105" type="3">ODI- European Development Cooperation Support Programme</related-activity><related-activity ref="GB-1-200016-106" type="3">Bond European Development Day Southern Partners Assistance Programme</related-activity><related-activity ref="GB-1-200016-107" type="3">ODI- Promoting Change and Value for Money in European Development Cooperation</related-activity><related-activity ref="GB-1-200016-108" type="3">Wilton Park Conference on Global Governance</related-activity><legacy-data name="15110 Economic and Development Policy/Planning: (Governance and Security)" value="15110" iati-equivalent="sector"/></iati-activity><iati-activity xml:lang="en" default-currency="GBP" hierarchy="2"><reporting-org ref="GB-1" type="10">Department for International Development</reporting-org><participating-org ref="GB" type="10" role="Funding">UNITED KINGDOM</participating-org><participating-org ref="GB-1" type="10" role="Extending">Department for International Development</participating-org><participating-org ref="51000" role="Implementing">University, college or other teaching institution, research institute or think-tank</participating-org><recipient-region code="89">Europe, regional</recipient-region><collaboration-type code="1">Bilateral</collaboration-type><default-flow-type code="10">ODA</default-flow-type><default-aid-type code="C01">Project-type interventions</default-aid-type><default-finance-type code="110">Aid grant excluding debt reorganisation</default-finance-type><iati-identifier>GB-1-200016-104</iati-identifier><other-identifier owner-ref="GB-1" owner-name="DFID">200016-104</other-identifier><title>ODI on How to Take Forward the Debate on Improving EU Aid Architecture</title><sector code="15110">Public sector policy and administrative management</sector><activity-date type="end-actual">2009-08-05</activity-date><activity-date type="end-planned">2009-08-05</activity-date><activity-date type="start-actual">2009-03-10</activity-date><activity-date type="start-planned">2009-03-10</activity-date><activity-status code="4">Post-completion</activity-status><contact-info><organisation>Department for International Development</organisation><telephone>+44 (0) 1355 84 3132</telephone><email>enquiry@dfid.gov.uk</email><mailing-address>Public Enquiry Point, Abercrombie House, Eaglesham Road, East Kilbride, Glasgow G75 8EA</mailing-address></contact-info><default-tied-status code="5">Untied</default-tied-status><policy-marker code="1" vocabulary="DAC" significance="0">Gender Equality</policy-marker><policy-marker code="2" vocabulary="DAC" significance="0">Aid to Environment</policy-marker><policy-marker code="3" vocabulary="DAC" significance="0">Participatory Development/Good Governance</policy-marker><policy-marker code="4" vocabulary="DAC" significance="0">Trade Development</policy-marker><policy-marker code="5" vocabulary="DAC" significance="0">Aid Targeting the Objectives of the Convention on Biological Diversity</policy-marker><policy-marker code="6" vocabulary="DAC" significance="0">Aid Targeting the Objectives of the Framework Convention on Climate Change - Mitigation</policy-marker><policy-marker code="7" vocabulary="DAC" significance="0">Aid Targeting the Objectives of the Framework Convention on Climate Change - Adaptation</policy-marker><policy-marker code="8" vocabulary="DAC" significance="0">Aid Targeting the Objectives of the Convention to Combat Desertification</policy-marker><transaction><value value-date="2009-04-01">79437</value><transaction-type code="C">Commitment</transaction-type><transaction-date iso-date="2009-03-10">Total Commitment to 05 Aug 2009</transaction-date></transaction><transaction><value currency="GBP" value-date="2009-03-31">25000</value><transaction-type code="D">Disbursement</transaction-type><provider-org ref="GB-1">Department for International Development</provider-org><description>Aggregated spend data - Financial Year 2008 Quarter 4</description><transaction-date iso-date="2009-03-31"/></transaction><transaction><value currency="GBP" value-date="2009-06-30">79437</value><transaction-type code="D">Disbursement</transaction-type><provider-org ref="GB-1">Department for International Development</provider-org><description>Aggregated spend data - Financial Year 2009 Quarter 1</description><transaction-date iso-date="2009-06-30"/></transaction><transaction><value currency="GBP" value-date="2010-03-31">-25000</value><transaction-type code="D">Disbursement</transaction-type><provider-org ref="GB-1">Department for International Development</provider-org><description>Aggregated spend data - Financial Year 2009 Quarter 4</description><transaction-date iso-date="2010-03-31"/></transaction><budget type="Revised"><period-start iso-date="2008-04-01"/><period-end iso-date="2009-03-31"/><value value-date="2008-04-01" currency="GBP">25000</value></budget><budget type="Revised"><period-start iso-date="2009-04-01"/><period-end iso-date="2010-03-31"/><value value-date="2009-04-01" currency="GBP">54437</value></budget><related-activity ref="GB-1-200016" type="1">Outreach and Enabling Others to Engage in Improving the Effectiveness of European Development Assistance</related-activity><related-activity ref="GB-1-200016-102" type="3">Wilton Park</related-activity><related-activity ref="GB-1-200016-103" type="3">Friends of Europe Accountable Grant</related-activity><related-activity ref="GB-1-200016-105" type="3">ODI- European Development Cooperation Support Programme</related-activity><related-activity ref="GB-1-200016-106" type="3">Bond European Development Day Southern Partners Assistance Programme</related-activity><related-activity ref="GB-1-200016-107" type="3">ODI- Promoting Change and Value for Money in European Development Cooperation</related-activity><related-activity ref="GB-1-200016-108" type="3">Wilton Park Conference on Global Governance</related-activity><legacy-data name="15110 Economic and Development Policy/Planning: (Governance and Security)" value="15110" iati-equivalent="sector"/></iati-activity><iati-activity xml:lang="en" default-currency="GBP" hierarchy="1"><reporting-org ref="GB-1" type="10">Department for International Development</reporting-org><participating-org ref="GB" type="10" role="Funding">UNITED KINGDOM</participating-org><participating-org ref="GB-1" type="10" role="Extending">Department for International Development</participating-org><iati-identifier>GB-1-201272</iati-identifier><other-identifier owner-ref="GB-1" owner-name="DFID">201272</other-identifier><title>European Development Practitioners Network Support Costs</title><description>To support DFID contributions to the European Development Practitioners Network including Core Costs contributions and preparation for the DFID Presidency of the Network in May 2010</description><activity-date type="end-actual">2015-03-31</activity-date><activity-date type="end-planned">2015-03-31</activity-date><activity-date type="start-actual">2009-11-13</activity-date><activity-date type="start-planned">2009-11-02</activity-date><activity-status code="2">Implementation</activity-status><contact-info><organisation>Department for International Development</organisation><telephone>+44 (0) 1355 84 3132</telephone><email>enquiry@dfid.gov.uk</email><mailing-address>Public Enquiry Point, Abercrombie House, Eaglesham Road, East Kilbride, Glasgow G75 8EA</mailing-address></contact-info><default-tied-status code="5">Untied</default-tied-status><related-activity ref="GB-1-201272-103" type="2">European Development Practitioners Network Support costs</related-activity></iati-activity><iati-activity xml:lang="en" default-currency="GBP" hierarchy="2"><reporting-org ref="GB-1" type="10">Department for International Development</reporting-org><participating-org ref="GB" type="10" role="Funding">UNITED KINGDOM</participating-org><participating-org ref="GB-1" type="10" role="Extending">Department for International Development</participating-org><participating-org ref="32000" role="Implementing">Network</participating-org><recipient-region code="89">Europe, regional</recipient-region><collaboration-type code="7">Aid through PPPs</collaboration-type><default-flow-type code="10">ODA</default-flow-type><default-aid-type code="B04">Basket funds/pooled funding</default-aid-type><default-finance-type code="110">Aid grant excluding debt reorganisation</default-finance-type><iati-identifier>GB-1-201272-103</iati-identifier><other-identifier owner-ref="GB-1" owner-name="DFID">201272-103</other-identifier><title>European Development Practitioners Network Support costs</title><sector code="99820">Promotion of development awareness</sector><activity-date type="end-actual">2015-03-31</activity-date><activity-date type="end-planned">2015-03-31</activity-date><activity-date type="start-actual">2009-11-02</activity-date><activity-date type="start-planned">2009-11-02</activity-date><activity-status code="2">Implementation</activity-status><contact-info><organisation>Department for International Development</organisation><telephone>+44 (0) 1355 84 3132</telephone><email>enquiry@dfid.gov.uk</email><mailing-address>Public Enquiry Point, Abercrombie House, Eaglesham Road, East Kilbride, Glasgow G75 8EA</mailing-address></contact-info><default-tied-status code="5">Untied</default-tied-status><policy-marker code="1" vocabulary="DAC" significance="0">Gender Equality</policy-marker><policy-marker code="2" vocabulary="DAC" significance="0">Aid to Environment</policy-marker><policy-marker code="3" vocabulary="DAC" significance="0">Participatory Development/Good Governance</policy-marker><policy-marker code="4" vocabulary="DAC" significance="0">Trade Development</policy-marker><policy-marker code="5" vocabulary="DAC" significance="0">Aid Targeting the Objectives of the Convention on Biological Diversity</policy-marker><policy-marker code="6" vocabulary="DAC" significance="0">Aid Targeting the Objectives of the Framework Convention on Climate Change - Mitigation</policy-marker><policy-marker code="7" vocabulary="DAC" significance="0">Aid Targeting the Objectives of the Framework Convention on Climate Change - Adaptation</policy-marker><policy-marker code="8" vocabulary="DAC" significance="0">Aid Targeting the Objectives of the Convention to Combat Desertification</policy-marker><transaction><value value-date="2014-04-01">61672</value><transaction-type code="C">Commitment</transaction-type><transaction-date iso-date="2009-11-02">Total Commitment to 31 Mar 2015</transaction-date></transaction><transaction><value currency="GBP" value-date="2013-01-11">12382</value><transaction-type code="D">Disbursement</transaction-type><provider-org ref="GB-1">Department for International Development</provider-org><receiver-org ref="32000">Network</receiver-org><description>Aid to other bilateral donors</description><transaction-date iso-date="2013-01-11"/></transaction><budget type="Revised"><period-start iso-date="2012-04-01"/><period-end iso-date="2013-03-31"/><value value-date="2012-04-01" currency="GBP">20000</value></budget><budget type="Revised"><period-start iso-date="2013-04-01"/><period-end iso-date="2014-03-31"/><value value-date="2013-04-01" currency="GBP">20000</value></budget><budget type="Revised"><period-start iso-date="2014-04-01"/><period-end iso-date="2015-03-31"/><value value-date="2014-04-01" currency="GBP">21672</value></budget><related-activity ref="GB-1-201272" type="1">European Development Practitioners Network Support Costs</related-activity><legacy-data name="99820 Promotion of Development Awareness (Global Partnerships)" value="99820" iati-equivalent="sector"/></iati-activity><iati-activity xml:lang="en" default-currency="GBP" hierarchy="1"><reporting-org ref="GB-1" type="10">Department for International Development</reporting-org><participating-org ref="GB" type="10" role="Funding">UNITED KINGDOM</participating-org><participating-org ref="GB-1" type="10" role="Extending">Department for International Development</participating-org><iati-identifier>GB-1-201959</iati-identifier><other-identifier owner-ref="GB-1" owner-name="DFID">201959</other-identifier><title>EBRD Life in Transition Survey</title><description>Contribution to Life in Transition Survey which assesses the impact of transition on people through their personal and professional experiences</description><activity-date type="end-actual">2011-04-15</activity-date><activity-date type="end-planned">2011-04-15</activity-date><activity-date type="start-actual">2010-07-12</activity-date><activity-date type="start-planned">2010-07-02</activity-date><activity-status code="4">Post-completion</activity-status><contact-info><organisation>Department for International Development</organisation><telephone>+44 (0) 1355 84 3132</telephone><email>enquiry@dfid.gov.uk</email><mailing-address>Public Enquiry Point, Abercrombie House, Eaglesham Road, East Kilbride, Glasgow G75 8EA</mailing-address></contact-info><default-tied-status code="5">Untied</default-tied-status><related-activity ref="GB-1-201959-101" type="2">EBRD Life in Transition Survey 2010</related-activity></iati-activity><iati-activity xml:lang="en" default-currency="GBP" hierarchy="2"><reporting-org ref="GB-1" type="10">Department for International Development</reporting-org><participating-org ref="GB" type="10" role="Funding">UNITED KINGDOM</participating-org><participating-org ref="GB-1" type="10" role="Extending">Department for International Development</participating-org><participating-org ref="46015" role="Implementing">European Bank for Reconstruction and Development</participating-org><recipient-region code="89">Europe, regional</recipient-region><collaboration-type code="1">Bilateral</collaboration-type><default-flow-type code="10">ODA</default-flow-type><default-aid-type code="C01">Project-type interventions</default-aid-type><default-finance-type code="110">Aid grant excluding debt reorganisation</default-finance-type><iati-identifier>GB-1-201959-101</iati-identifier><other-identifier owner-ref="GB-1" owner-name="DFID">201959-101</other-identifier><title>EBRD Life in Transition Survey 2010</title><sector code="15110">Public sector policy and administrative management</sector><activity-date type="end-actual">2010-08-31</activity-date><activity-date type="end-planned">2010-08-31</activity-date><activity-date type="start-actual">2010-07-05</activity-date><activity-date type="start-planned">2010-07-05</activity-date><activity-status code="4">Post-completion</activity-status><contact-info><organisation>Department for International Development</organisation><telephone>+44 (0) 1355 84 3132</telephone><email>enquiry@dfid.gov.uk</email><mailing-address>Public Enquiry Point, Abercrombie House, Eaglesham Road, East Kilbride, Glasgow G75 8EA</mailing-address></contact-info><default-tied-status code="5">Untied</default-tied-status><policy-marker code="1" vocabulary="DAC" significance="0">Gender Equality</policy-marker><policy-marker code="2" vocabulary="DAC" significance="0">Aid to Environment</policy-marker><policy-marker code="3" vocabulary="DAC" significance="0">Participatory Development/Good Governance</policy-marker><policy-marker code="4" vocabulary="DAC" significance="0">Trade Development</policy-marker><policy-marker code="5" vocabulary="DAC" significance="0">Aid Targeting the Objectives of the Convention on Biological Diversity</policy-marker><policy-marker code="6" vocabulary="DAC" significance="0">Aid Targeting the Objectives of the Framework Convention on Climate Change - Mitigation</policy-marker><policy-marker code="7" vocabulary="DAC" significance="0">Aid Targeting the Objectives of the Framework Convention on Climate Change - Adaptation</policy-marker><policy-marker code="8" vocabulary="DAC" significance="0">Aid Targeting the Objectives of the Convention to Combat Desertification</policy-marker><transaction><value value-date="2010-04-01">60000</value><transaction-type code="C">Commitment</transaction-type><transaction-date iso-date="2010-07-05">Total Commitment to 31 Aug 2010</transaction-date></transaction><transaction><value currency="GBP" value-date="2010-07-16">60000</value><transaction-type code="D">Disbursement</transaction-type><provider-org ref="GB-1">Department for International Development</provider-org><receiver-org ref="46015">European Bank for Reconstruction and Development</receiver-org><description>Aid to international organisations</description><transaction-date iso-date="2010-07-16"/></transaction><budget type="Original"><period-start iso-date="2010-04-01"/><period-end iso-date="2011-03-31"/><value value-date="2010-04-01" currency="GBP">60000</value></budget><related-activity ref="GB-1-201959" type="1">EBRD Life in Transition Survey</related-activity><legacy-data name="15110 Economic and Development Policy/Planning: (Governance and Security)" value="15110" iati-equivalent="sector"/></iati-activity></iati-activities>