<iati-activities version="1.01" generated-datetime="2013-03-28T16:48:56Z"><ir:registry-record xml:lang="en" file-id="GB-1" source-url="http://projects.dfid.gov.uk/iati/NonIATI/AC" publisher-id="GB-1" publisher-role="Funding" contact-email="ppisupport@dfid.gov.uk" donor-id="GB-1" donor-type="10" title="DFID Activity File" activity-period="All Periods" last-updated-datetime="2013-03-28T16:48:56Z" generated-datetime="2013-03-28T16:48:56Z" verification-status="1" format="xml" license="IATI" xmlns:ir="http://iatiregistry.org/ns/record#"/><iati-activity xml:lang="en" default-currency="GBP" hierarchy="1"><reporting-org ref="GB-1" type="10">Department for International Development</reporting-org><participating-org ref="GB" type="10" role="Funding">UNITED KINGDOM</participating-org><participating-org ref="GB-1" type="10" role="Extending">Department for International Development</participating-org><iati-identifier>GB-1-113184</iati-identifier><other-identifier owner-ref="GB-1" owner-name="DFID">113184</other-identifier><title>Eval.&amp; Disseminat'n R &amp; D</title><description>To disseminate the research results for ODA funded research into Renewable Natural Resources</description><activity-date type="end-actual">2010-06-30</activity-date><activity-date type="end-planned">2010-06-30</activity-date><activity-date type="start-actual">1990-04-01</activity-date><activity-date type="start-planned">1990-04-01</activity-date><activity-status code="4">Post-completion</activity-status><contact-info><organisation>Department for International Development</organisation><telephone>+44 (0) 1355 84 3132</telephone><email>enquiry@dfid.gov.uk</email><mailing-address>Public Enquiry Point, Abercrombie House, Eaglesham Road, East Kilbride, Glasgow G75 8EA</mailing-address></contact-info><default-tied-status code="5">Untied</default-tied-status><related-activity ref="GB-1-113184-101" type="2">PROCOFSERVICES and P0113 for Eval.&amp; Disseminat'n R &amp; D</related-activity><related-activity ref="GB-1-113184-102" type="2">PROCOFSERVICES and P0112 for Eval.&amp; Disseminat'n R &amp; D</related-activity></iati-activity><iati-activity xml:lang="en" default-currency="GBP" hierarchy="2"><reporting-org ref="GB-1" type="10">Department for International Development</reporting-org><participating-org ref="GB" type="10" role="Funding">UNITED KINGDOM</participating-org><participating-org ref="GB-1" type="10" role="Extending">Department for International Development</participating-org><participating-org ref="52000" role="Implementing">Other.</participating-org><recipient-region>Administrative/Capital (AC)</recipient-region><collaboration-type code="1">Bilateral</collaboration-type><default-flow-type code="10">ODA</default-flow-type><default-aid-type code="C01">Project-type interventions</default-aid-type><default-finance-type code="110">Aid grant excluding debt reorganisation</default-finance-type><iati-identifier>GB-1-113184-101</iati-identifier><other-identifier owner-ref="GB-1" owner-name="DFID">113184-101</other-identifier><title>PROCOFSERVICES and P0113 for Eval.&amp; Disseminat'n R &amp; D</title><sector code="41082">Environmental Research</sector><activity-date type="start-actual">1990-04-01</activity-date><activity-date type="start-planned">1990-04-01</activity-date><activity-status code="4">Post-completion</activity-status><contact-info><organisation>Department for International Development</organisation><telephone>+44 (0) 1355 84 3132</telephone><email>enquiry@dfid.gov.uk</email><mailing-address>Public Enquiry Point, Abercrombie House, Eaglesham Road, East Kilbride, Glasgow G75 8EA</mailing-address></contact-info><default-tied-status code="5">Untied</default-tied-status><policy-marker code="1" vocabulary="DAC" significance="0">Gender Equality</policy-marker><policy-marker code="2" vocabulary="DAC" significance="0">Aid to Environment</policy-marker><policy-marker code="3" vocabulary="DAC" significance="0">Participatory Development/Good Governance</policy-marker><policy-marker code="4" vocabulary="DAC" significance="0">Trade Development</policy-marker><policy-marker code="5" vocabulary="DAC" significance="0">Aid Targeting the Objectives of the Convention on Biological Diversity</policy-marker><policy-marker code="6" vocabulary="DAC" significance="0">Aid Targeting the Objectives of the Framework Convention on Climate Change - Mitigation</policy-marker><policy-marker code="7" vocabulary="DAC" significance="0">Aid Targeting the Objectives of the Framework Convention on Climate Change - Adaptation</policy-marker><policy-marker code="8" vocabulary="DAC" significance="0">Aid Targeting the Objectives of the Convention to Combat Desertification</policy-marker><transaction><value value-date="2009-04-01">3078950</value><transaction-type code="C">Commitment</transaction-type><transaction-date iso-date="1990-04-01"/></transaction><transaction><value currency="GBP" value-date="2002-03-31">2572686</value><transaction-type code="D">Disbursement</transaction-type><provider-org ref="GB-1">Department for International Development</provider-org><description>Aggregated spend data - Financial Year 2001 Quarter 4</description><transaction-date iso-date="2002-03-31"/></transaction><transaction><value currency="GBP" value-date="2002-06-30">46122</value><transaction-type code="D">Disbursement</transaction-type><provider-org ref="GB-1">Department for International Development</provider-org><description>Aggregated spend data - Financial Year 2002 Quarter 1</description><transaction-date iso-date="2002-06-30"/></transaction><transaction><value currency="GBP" value-date="2002-09-30">75723</value><transaction-type code="D">Disbursement</transaction-type><provider-org ref="GB-1">Department for International Development</provider-org><description>Aggregated spend data - Financial Year 2002 Quarter 2</description><transaction-date iso-date="2002-09-30"/></transaction><transaction><value currency="GBP" value-date="2002-12-31">79250</value><transaction-type code="D">Disbursement</transaction-type><provider-org ref="GB-1">Department for International Development</provider-org><description>Aggregated spend data - Financial Year 2002 Quarter 3</description><transaction-date iso-date="2002-12-31"/></transaction><transaction><value currency="GBP" value-date="2003-03-31">75463</value><transaction-type code="D">Disbursement</transaction-type><provider-org ref="GB-1">Department for International Development</provider-org><description>Aggregated spend data - Financial Year 2002 Quarter 4</description><transaction-date iso-date="2003-03-31"/></transaction><transaction><value currency="GBP" value-date="2003-12-31">26693</value><transaction-type code="D">Disbursement</transaction-type><provider-org ref="GB-1">Department for International Development</provider-org><description>Aggregated spend data - Financial Year 2003 Quarter 3</description><transaction-date iso-date="2003-12-31"/></transaction><transaction><value currency="GBP" value-date="2004-03-31">24324</value><transaction-type code="D">Disbursement</transaction-type><provider-org ref="GB-1">Department for International Development</provider-org><description>Aggregated spend data - Financial Year 2003 Quarter 4</description><transaction-date iso-date="2004-03-31"/></transaction><transaction><value currency="GBP" value-date="2004-06-30">-1750</value><transaction-type code="D">Disbursement</transaction-type><provider-org ref="GB-1">Department for International Development</provider-org><description>Aggregated spend data - Financial Year 2004 Quarter 1</description><transaction-date iso-date="2004-06-30"/></transaction><transaction><value currency="GBP" value-date="2004-09-30">7416</value><transaction-type code="D">Disbursement</transaction-type><provider-org ref="GB-1">Department for International Development</provider-org><description>Aggregated spend data - Financial Year 2004 Quarter 2</description><transaction-date iso-date="2004-09-30"/></transaction><transaction><value currency="GBP" value-date="2004-12-31">9534</value><transaction-type code="D">Disbursement</transaction-type><provider-org ref="GB-1">Department for International Development</provider-org><description>Aggregated spend data - Financial Year 2004 Quarter 3</description><transaction-date iso-date="2004-12-31"/></transaction><transaction><value currency="GBP" value-date="2005-03-31">38805</value><transaction-type code="D">Disbursement</transaction-type><provider-org ref="GB-1">Department for International Development</provider-org><description>Aggregated spend data - Financial Year 2004 Quarter 4</description><transaction-date iso-date="2005-03-31"/></transaction><transaction><value currency="GBP" value-date="2005-06-30">1076</value><transaction-type code="D">Disbursement</transaction-type><provider-org ref="GB-1">Department for International Development</provider-org><description>Aggregated spend data - Financial Year 2005 Quarter 1</description><transaction-date iso-date="2005-06-30"/></transaction><transaction><value currency="GBP" value-date="2005-09-30">63117</value><transaction-type code="D">Disbursement</transaction-type><provider-org ref="GB-1">Department for International Development</provider-org><description>Aggregated spend data - Financial Year 2005 Quarter 2</description><transaction-date iso-date="2005-09-30"/></transaction><transaction><value currency="GBP" value-date="2005-12-31">7053</value><transaction-type code="D">Disbursement</transaction-type><provider-org ref="GB-1">Department for International Development</provider-org><description>Aggregated spend data - Financial Year 2005 Quarter 3</description><transaction-date iso-date="2005-12-31"/></transaction><transaction><value currency="GBP" value-date="2006-03-31">9570</value><transaction-type code="D">Disbursement</transaction-type><provider-org ref="GB-1">Department for International Development</provider-org><description>Aggregated spend data - Financial Year 2005 Quarter 4</description><transaction-date iso-date="2006-03-31"/></transaction><transaction><value currency="GBP" value-date="2006-06-30">13189</value><transaction-type code="D">Disbursement</transaction-type><provider-org ref="GB-1">Department for International Development</provider-org><description>Aggregated spend data - Financial Year 2006 Quarter 1</description><transaction-date iso-date="2006-06-30"/></transaction><transaction><value currency="GBP" value-date="2006-09-30">6413</value><transaction-type code="D">Disbursement</transaction-type><provider-org ref="GB-1">Department for International Development</provider-org><description>Aggregated spend data - Financial Year 2006 Quarter 2</description><transaction-date iso-date="2006-09-30"/></transaction><transaction><value currency="GBP" value-date="2007-03-31">9120</value><transaction-type code="D">Disbursement</transaction-type><provider-org ref="GB-1">Department for International Development</provider-org><description>Aggregated spend data - Financial Year 2006 Quarter 4</description><transaction-date iso-date="2007-03-31"/></transaction><transaction><value currency="GBP" value-date="2008-09-30">6837</value><transaction-type code="D">Disbursement</transaction-type><provider-org ref="GB-1">Department for International Development</provider-org><description>Aggregated spend data - Financial Year 2008 Quarter 2</description><transaction-date iso-date="2008-09-30"/></transaction><budget type="Original"><period-start iso-date="2001-04-01"/><period-end iso-date="2002-03-31"/><value value-date="2001-04-01" currency="GBP">2577692</value></budget><budget type="Original"><period-start iso-date="2002-04-01"/><period-end iso-date="2003-03-31"/><value value-date="2002-04-01" currency="GBP">277412</value></budget><budget type="Original"><period-start iso-date="2003-04-01"/><period-end iso-date="2004-03-31"/><value value-date="2003-04-01" currency="GBP">53018</value></budget><budget type="Original"><period-start iso-date="2004-04-01"/><period-end iso-date="2005-03-31"/><value value-date="2004-04-01" currency="GBP">50083</value></budget><budget type="Original"><period-start iso-date="2005-04-01"/><period-end iso-date="2006-03-31"/><value value-date="2005-04-01" currency="GBP">95757</value></budget><budget type="Original"><period-start iso-date="2006-04-01"/><period-end iso-date="2007-03-31"/><value value-date="2006-04-01" currency="GBP">22619</value></budget><budget type="Revised"><period-start iso-date="2008-04-01"/><period-end iso-date="2009-03-31"/><value value-date="2008-04-01" currency="GBP">6837</value></budget><budget type="Revised"><period-start iso-date="2009-04-01"/><period-end iso-date="2010-03-31"/><value value-date="2009-04-01" currency="GBP">-4469</value></budget><related-activity ref="GB-1-113184" type="1">Eval.&amp; Disseminat'n R &amp; D</related-activity><related-activity ref="GB-1-113184-102" type="3">PROCOFSERVICES and P0112 for Eval.&amp; Disseminat'n R &amp; D</related-activity><legacy-data name="80017 Renewable Natural Resources Research (Global Partnerships)" value="80017" iati-equivalent="sector"/></iati-activity><iati-activity xml:lang="en" default-currency="GBP" hierarchy="2"><reporting-org ref="GB-1" type="10">Department for International Development</reporting-org><participating-org ref="GB" type="10" role="Funding">UNITED KINGDOM</participating-org><participating-org ref="GB-1" type="10" role="Extending">Department for International Development</participating-org><participating-org ref="22000" role="Implementing">Donor country-based NGO</participating-org><recipient-region>Administrative/Capital (AC)</recipient-region><collaboration-type code="5">Aid through NGOs</collaboration-type><default-flow-type code="10">ODA</default-flow-type><default-aid-type code="C01">Project-type interventions</default-aid-type><default-finance-type code="110">Aid grant excluding debt reorganisation</default-finance-type><iati-identifier>GB-1-113184-102</iati-identifier><other-identifier owner-ref="GB-1" owner-name="DFID">113184-102</other-identifier><title>PROCOFSERVICES and P0112 for Eval.&amp; Disseminat'n R &amp; D</title><sector code="41082">Environmental Research</sector><activity-date type="start-actual">1990-04-01</activity-date><activity-date type="start-planned">1990-04-01</activity-date><activity-status code="4">Post-completion</activity-status><contact-info><organisation>Department for International Development</organisation><telephone>+44 (0) 1355 84 3132</telephone><email>enquiry@dfid.gov.uk</email><mailing-address>Public Enquiry Point, Abercrombie House, Eaglesham Road, East Kilbride, Glasgow G75 8EA</mailing-address></contact-info><default-tied-status code="5">Untied</default-tied-status><policy-marker code="1" vocabulary="DAC" significance="0">Gender Equality</policy-marker><policy-marker code="2" vocabulary="DAC" significance="0">Aid to Environment</policy-marker><policy-marker code="3" vocabulary="DAC" significance="0">Participatory Development/Good Governance</policy-marker><policy-marker code="4" vocabulary="DAC" significance="0">Trade Development</policy-marker><policy-marker code="5" vocabulary="DAC" significance="0">Aid Targeting the Objectives of the Convention on Biological Diversity</policy-marker><policy-marker code="6" vocabulary="DAC" significance="0">Aid Targeting the Objectives of the Framework Convention on Climate Change - Mitigation</policy-marker><policy-marker code="7" vocabulary="DAC" significance="0">Aid Targeting the Objectives of the Framework Convention on Climate Change - Adaptation</policy-marker><policy-marker code="8" vocabulary="DAC" significance="0">Aid Targeting the Objectives of the Convention to Combat Desertification</policy-marker><transaction><value value-date="2009-04-01">24106</value><transaction-type code="C">Commitment</transaction-type><transaction-date iso-date="1990-04-01"/></transaction><transaction><value currency="GBP" value-date="2003-12-31">18380</value><transaction-type code="D">Disbursement</transaction-type><provider-org ref="GB-1">Department for International Development</provider-org><description>Aggregated spend data - Financial Year 2003 Quarter 3</description><transaction-date iso-date="2003-12-31"/></transaction><transaction><value currency="GBP" value-date="2004-03-31">5725</value><transaction-type code="D">Disbursement</transaction-type><provider-org ref="GB-1">Department for International Development</provider-org><description>Aggregated spend data - Financial Year 2003 Quarter 4</description><transaction-date iso-date="2004-03-31"/></transaction><budget type="Original"><period-start iso-date="2003-04-01"/><period-end iso-date="2004-03-31"/><value value-date="2003-04-01" currency="GBP">24106</value></budget><related-activity ref="GB-1-113184" type="1">Eval.&amp; Disseminat'n R &amp; D</related-activity><related-activity ref="GB-1-113184-101" type="3">PROCOFSERVICES and P0113 for Eval.&amp; Disseminat'n R &amp; D</related-activity><legacy-data name="80017 Renewable Natural Resources Research (Global Partnerships)" value="80017" iati-equivalent="sector"/></iati-activity><iati-activity xml:lang="en" default-currency="GBP" hierarchy="1"><reporting-org ref="GB-1" type="10">Department for International Development</reporting-org><participating-org ref="GB" type="10" role="Funding">UNITED KINGDOM</participating-org><participating-org ref="GB-1" type="10" role="Extending">Department for International Development</participating-org><iati-identifier>GB-1-113238</iati-identifier><other-identifier owner-ref="GB-1" owner-name="DFID">113238</other-identifier><title>Regional Education Networks</title><description>The Enabling Effective Support (EES) programme, which works in twelve regions of the UK, supports teaching in UK schools on global and international development issues.</description><activity-date type="end-actual">2010-11-01</activity-date><activity-date type="end-planned">2010-11-01</activity-date><activity-date type="start-actual">2007-07-06</activity-date><activity-date type="start-planned">2007-06-01</activity-date><activity-status code="4">Post-completion</activity-status><contact-info><organisation>Department for International Development</organisation><telephone>+44 (0) 1355 84 3132</telephone><email>enquiry@dfid.gov.uk</email><mailing-address>Public Enquiry Point, Abercrombie House, Eaglesham Road, East Kilbride, Glasgow G75 8EA</mailing-address></contact-info><default-tied-status code="5">Untied</default-tied-status><related-activity ref="GB-1-113231-105" type="2">Accountable Grant BSFD0009: Enabling Effective Support of the Global Dimension in Scotland - Implementation Strategy Dates (24 Oct 05 30 Sep 09- £575K)</related-activity><related-activity ref="GB-1-113238-101" type="2">All Spend for Effective Enabling Support Before ARIES Was Installed - Feb 2009</related-activity><related-activity ref="GB-1-113238-102" type="2">Accountable Grant BSFD0006: EES: Building Capacity Within the West Midlands Education System (2ND Grant 1 Apr 07 31 Mar '12 800K)</related-activity><related-activity ref="GB-1-113238-103" type="2">Accountable Grant BSFD0007: EES for the Global Dimension in North East Schools (1 Apr 07 31 Mar '12 £800K)</related-activity><related-activity ref="GB-1-113238-104" type="2">Accountable Grant BSFD0016: Enabling Effective Support in Northern Ireland 2ND Grant £240830.92 -1St Nov 06 to 31St Oct 2010</related-activity><related-activity ref="GB-1-113238-107" type="2">Accountable Grant BSFD0008: EES for a Global Dimension in Education Yorkshire/Humber Apr 2007 Mar 2012</related-activity><related-activity ref="GB-1-113238-109" type="2">Accountable Grant BSFD0014: Enabling Effective Support: South West Strategy 1St Apr 07 31 Mar 09 £754649.95</related-activity><related-activity ref="GB-1-113238-111" type="2">Accountable Grant BSFD0031: East of England Development Education Network (EEDEN): Global Thinking £800K 1 Apr 08-31 Mar 12</related-activity><related-activity ref="GB-1-113238-112" type="2">Accountable Grant BSFD0032: EES: North West Global Education Network 1St Apr 2008 31 Mar 2013 £800K</related-activity><related-activity ref="GB-1-113238-113" type="2">Accountable Grant BSFD0034: EES: East Midland Network for Global Perspectives in Schools (EMNGPS) £800K 1St Apr 2008 30 Mar 2013</related-activity><related-activity ref="GB-1-113238-114" type="2">Accountable Grant BSFD0035: Local4Global July 2008- March 2010 £605,300</related-activity><related-activity ref="GB-1-113238-115" type="2">BSFD 13 Wales Contract  Apr -Dec 2009</related-activity><related-activity ref="GB-1-113238-126" type="2">EES Wales Sep 2009- Aug 2010</related-activity></iati-activity><iati-activity xml:lang="en" default-currency="GBP" hierarchy="2"><reporting-org ref="GB-1" type="10">Department for International Development</reporting-org><participating-org ref="GB" type="10" role="Funding">UNITED KINGDOM</participating-org><participating-org ref="GB-1" type="10" role="Extending">Department for International Development</participating-org><participating-org ref="22000" role="Implementing">Donor country-based NGO</participating-org><recipient-region>Administrative/Capital (AC)</recipient-region><collaboration-type code="5">Aid through NGOs</collaboration-type><default-flow-type code="10">ODA</default-flow-type><default-aid-type code="H01">Development awareness</default-aid-type><default-finance-type code="110">Aid grant excluding debt reorganisation</default-finance-type><iati-identifier>GB-1-113231-105</iati-identifier><other-identifier owner-ref="GB-1" owner-name="DFID">113231-105</other-identifier><title>Accountable Grant BSFD0009: Enabling Effective Support of the Global Dimension in Scotland - Implementation Strategy Dates (24 Oct 05 30 Sep 09- £575K)</title><sector code="99820">Promotion of development awareness</sector><activity-date type="end-actual">2009-09-30</activity-date><activity-date type="end-planned">2009-09-30</activity-date><activity-date type="start-actual">2007-06-02</activity-date><activity-date type="start-planned">2007-06-02</activity-date><activity-status code="4">Post-completion</activity-status><contact-info><organisation>Department for International Development</organisation><telephone>+44 (0) 1355 84 3132</telephone><email>enquiry@dfid.gov.uk</email><mailing-address>Public Enquiry Point, Abercrombie House, Eaglesham Road, East Kilbride, Glasgow G75 8EA</mailing-address></contact-info><default-tied-status code="5">Untied</default-tied-status><policy-marker code="1" vocabulary="DAC" significance="0">Gender Equality</policy-marker><policy-marker code="2" vocabulary="DAC" significance="0">Aid to Environment</policy-marker><policy-marker code="3" vocabulary="DAC" significance="0">Participatory Development/Good Governance</policy-marker><policy-marker code="4" vocabulary="DAC" significance="0">Trade Development</policy-marker><policy-marker code="5" vocabulary="DAC" significance="0">Aid Targeting the Objectives of the Convention on Biological Diversity</policy-marker><policy-marker code="6" vocabulary="DAC" significance="0">Aid Targeting the Objectives of the Framework Convention on Climate Change - Mitigation</policy-marker><policy-marker code="7" vocabulary="DAC" significance="0">Aid Targeting the Objectives of the Framework Convention on Climate Change - Adaptation</policy-marker><policy-marker code="8" vocabulary="DAC" significance="0">Aid Targeting the Objectives of the Convention to Combat Desertification</policy-marker><transaction><value value-date="2009-04-01">83051</value><transaction-type code="C">Commitment</transaction-type><transaction-date iso-date="2007-06-02">Total Commitment to 30 Sep 2009</transaction-date></transaction><transaction><value currency="GBP" value-date="2009-06-30">40874</value><transaction-type code="D">Disbursement</transaction-type><provider-org ref="GB-1">Department for International Development</provider-org><description>Aggregated spend data - Financial Year 2009 Quarter 1</description><transaction-date iso-date="2009-06-30"/></transaction><transaction><value currency="GBP" value-date="2009-09-30">42177</value><transaction-type code="D">Disbursement</transaction-type><provider-org ref="GB-1">Department for International Development</provider-org><description>Aggregated spend data - Financial Year 2009 Quarter 2</description><transaction-date iso-date="2009-09-30"/></transaction><budget type="Revised"><period-start iso-date="2009-04-01"/><period-end iso-date="2010-03-31"/><value value-date="2009-04-01" currency="GBP">83051</value></budget><related-activity ref="GB-1-113238" type="1">Regional Education Networks</related-activity><related-activity ref="GB-1-113238-101" type="3">All Spend for Effective Enabling Support Before ARIES Was Installed - Feb 2009</related-activity><related-activity ref="GB-1-113238-102" type="3">Accountable Grant BSFD0006: EES: Building Capacity Within the West Midlands Education System (2ND Grant 1 Apr 07 31 Mar '12 800K)</related-activity><related-activity ref="GB-1-113238-103" type="3">Accountable Grant BSFD0007: EES for the Global Dimension in North East Schools (1 Apr 07 31 Mar '12 £800K)</related-activity><related-activity ref="GB-1-113238-104" type="3">Accountable Grant BSFD0016: Enabling Effective Support in Northern Ireland 2ND Grant £240830.92 -1St Nov 06 to 31St Oct 2010</related-activity><related-activity ref="GB-1-113238-107" type="3">Accountable Grant BSFD0008: EES for a Global Dimension in Education Yorkshire/Humber Apr 2007 Mar 2012</related-activity><related-activity ref="GB-1-113238-109" type="3">Accountable Grant BSFD0014: Enabling Effective Support: South West Strategy 1St Apr 07 31 Mar 09 £754649.95</related-activity><related-activity ref="GB-1-113238-111" type="3">Accountable Grant BSFD0031: East of England Development Education Network (EEDEN): Global Thinking £800K 1 Apr 08-31 Mar 12</related-activity><related-activity ref="GB-1-113238-112" type="3">Accountable Grant BSFD0032: EES: North West Global Education Network 1St Apr 2008 31 Mar 2013 £800K</related-activity><related-activity ref="GB-1-113238-113" type="3">Accountable Grant BSFD0034: EES: East Midland Network for Global Perspectives in Schools (EMNGPS) £800K 1St Apr 2008 30 Mar 2013</related-activity><related-activity ref="GB-1-113238-114" type="3">Accountable Grant BSFD0035: Local4Global July 2008- March 2010 £605,300</related-activity><related-activity ref="GB-1-113238-115" type="3">BSFD 13 Wales Contract  Apr -Dec 2009</related-activity><related-activity ref="GB-1-113238-126" type="3">EES Wales Sep 2009- Aug 2010</related-activity><legacy-data name="99820 Promotion of Development Awareness (Global Partnerships)" value="99820" iati-equivalent="sector"/></iati-activity><iati-activity xml:lang="en" default-currency="GBP" hierarchy="1"><reporting-org ref="GB-1" type="10">Department for International Development</reporting-org><participating-org ref="GB" type="10" role="Funding">UNITED KINGDOM</participating-org><participating-org ref="GB-1" type="10" role="Extending">Department for International Development</participating-org><iati-identifier>GB-1-200054</iati-identifier><other-identifier owner-ref="GB-1" owner-name="DFID">200054</other-identifier><title>Advance Market Commitments</title><activity-date type="end-actual">2010-09-30</activity-date><activity-date type="end-planned">2010-09-30</activity-date><activity-date type="start-actual">2008-02-29</activity-date><activity-date type="start-planned">2008-02-29</activity-date><activity-status code="4">Post-completion</activity-status><contact-info><organisation>Department for International Development</organisation><telephone>+44 (0) 1355 84 3132</telephone><email>enquiry@dfid.gov.uk</email><mailing-address>Public Enquiry Point, Abercrombie House, Eaglesham Road, East Kilbride, Glasgow G75 8EA</mailing-address></contact-info><default-tied-status code="5">Untied</default-tied-status><related-activity ref="GB-1-200054-101" type="2">AMC - Study Costs</related-activity><related-activity ref="GB-1-200054-102" type="2">Advance Market COMMITTMENTS - CONTR to GAVI Fund</related-activity></iati-activity><iati-activity xml:lang="en" default-currency="GBP" hierarchy="2"><reporting-org ref="GB-1" type="10">Department for International Development</reporting-org><participating-org ref="GB" type="10" role="Funding">UNITED KINGDOM</participating-org><participating-org ref="GB-1" type="10" role="Extending">Department for International Development</participating-org><participating-org ref="52000" role="Implementing">Other.</participating-org><recipient-region>Administrative/Capital (AC)</recipient-region><collaboration-type code="1">Bilateral</collaboration-type><default-flow-type code="10">ODA</default-flow-type><default-aid-type code="C01">Project-type interventions</default-aid-type><default-finance-type code="110">Aid grant excluding debt reorganisation</default-finance-type><iati-identifier>GB-1-200054-101</iati-identifier><other-identifier owner-ref="GB-1" owner-name="DFID">200054-101</other-identifier><title>AMC - Study Costs</title><sector code="15110">Public sector policy and administrative management</sector><activity-date type="end-actual">2008-06-01</activity-date><activity-date type="end-planned">2008-06-01</activity-date><activity-date type="start-actual">2008-02-29</activity-date><activity-date type="start-planned">2008-02-29</activity-date><activity-status code="4">Post-completion</activity-status><contact-info><organisation>Department for International Development</organisation><telephone>+44 (0) 1355 84 3132</telephone><email>enquiry@dfid.gov.uk</email><mailing-address>Public Enquiry Point, Abercrombie House, Eaglesham Road, East Kilbride, Glasgow G75 8EA</mailing-address></contact-info><default-tied-status code="5">Untied</default-tied-status><policy-marker code="1" vocabulary="DAC" significance="0">Gender Equality</policy-marker><policy-marker code="2" vocabulary="DAC" significance="0">Aid to Environment</policy-marker><policy-marker code="3" vocabulary="DAC" significance="0">Participatory Development/Good Governance</policy-marker><policy-marker code="4" vocabulary="DAC" significance="0">Trade Development</policy-marker><policy-marker code="5" vocabulary="DAC" significance="0">Aid Targeting the Objectives of the Convention on Biological Diversity</policy-marker><policy-marker code="6" vocabulary="DAC" significance="0">Aid Targeting the Objectives of the Framework Convention on Climate Change - Mitigation</policy-marker><policy-marker code="7" vocabulary="DAC" significance="0">Aid Targeting the Objectives of the Framework Convention on Climate Change - Adaptation</policy-marker><policy-marker code="8" vocabulary="DAC" significance="0">Aid Targeting the Objectives of the Convention to Combat Desertification</policy-marker><transaction><value value-date="2008-04-01">59934</value><transaction-type code="C">Commitment</transaction-type><transaction-date iso-date="2008-02-29">Total Commitment to 01 Jun 2008</transaction-date></transaction><transaction><value currency="GBP" value-date="2008-03-31">45368</value><transaction-type code="D">Disbursement</transaction-type><provider-org ref="GB-1">Department for International Development</provider-org><description>Aggregated spend data - Financial Year 2007 Quarter 4</description><transaction-date iso-date="2008-03-31"/></transaction><transaction><value currency="GBP" value-date="2008-09-30">10340</value><transaction-type code="D">Disbursement</transaction-type><provider-org ref="GB-1">Department for International Development</provider-org><description>Aggregated spend data - Financial Year 2008 Quarter 2</description><transaction-date iso-date="2008-09-30"/></transaction><transaction><value currency="GBP" value-date="2008-12-31">4226</value><transaction-type code="D">Disbursement</transaction-type><provider-org ref="GB-1">Department for International Development</provider-org><description>Aggregated spend data - Financial Year 2008 Quarter 3</description><transaction-date iso-date="2008-12-31"/></transaction><budget type="Revised"><period-start iso-date="2007-04-01"/><period-end iso-date="2008-03-31"/><value value-date="2007-04-01" currency="GBP">45368</value></budget><budget type="Original"><period-start iso-date="2008-04-01"/><period-end iso-date="2009-03-31"/><value value-date="2008-04-01" currency="GBP">14566</value></budget><related-activity ref="GB-1-200054" type="1">Advance Market Commitments</related-activity><related-activity ref="GB-1-200054-102" type="3">Advance Market COMMITTMENTS - CONTR to GAVI Fund</related-activity><legacy-data name="15110 Economic and Development Policy/Planning: (Governance and Security)" value="15110" iati-equivalent="sector"/></iati-activity></iati-activities>