<iati-activities version="1.01" generated-datetime="2013-03-28T16:48:56Z"><ir:registry-record xml:lang="en" file-id="GB-1" source-url="http://projects.dfid.gov.uk/iati/Country/AL" publisher-id="GB-1" publisher-role="Funding" contact-email="ppisupport@dfid.gov.uk" donor-id="GB-1" donor-type="10" title="DFID Activity File" activity-period="All Periods" last-updated-datetime="2013-03-28T16:48:56Z" generated-datetime="2013-03-28T16:48:56Z" verification-status="1" format="xml" license="IATI" xmlns:ir="http://iatiregistry.org/ns/record#"/><iati-activity xml:lang="en" default-currency="GBP" hierarchy="1"><reporting-org ref="GB-1" type="10">Department for International Development</reporting-org><participating-org ref="GB" type="10" role="Funding">UNITED KINGDOM</participating-org><participating-org ref="GB-1" type="10" role="Extending">Department for International Development</participating-org><iati-identifier>GB-1-109616</iati-identifier><other-identifier owner-ref="GB-1" owner-name="DFID">109616</other-identifier><title>Support to the Intergrated Planning System</title><description>To ensure the Govt. of Albania's core Policy and Financial Processes Function in a Coherent, Efficient and Intergrated Manner.  This will be accomplished by building sufficient and sustainable  capacity in Line MInistries to participate fully in IPS.</description><activity-date type="end-actual">2011-03-31</activity-date><activity-date type="end-planned">2011-03-31</activity-date><activity-date type="start-actual">2007-03-15</activity-date><activity-date type="start-planned">2007-01-01</activity-date><activity-status code="4">Post-completion</activity-status><contact-info><organisation>Department for International Development</organisation><telephone>+44 (0) 1355 84 3132</telephone><email>enquiry@dfid.gov.uk</email><mailing-address>Public Enquiry Point, Abercrombie House, Eaglesham Road, East Kilbride, Glasgow G75 8EA</mailing-address></contact-info><default-tied-status code="5">Untied</default-tied-status><related-activity ref="GB-1-109616-101" type="2">MULTILATORGANISATION and P0303 for Support to the Intergrated Planning System</related-activity></iati-activity><iati-activity xml:lang="en" default-currency="GBP" hierarchy="2"><reporting-org ref="GB-1" type="10">Department for International Development</reporting-org><participating-org ref="GB" type="10" role="Funding">UNITED KINGDOM</participating-org><participating-org ref="GB-1" type="10" role="Extending">Department for International Development</participating-org><participating-org ref="44001" role="Implementing">International Bank for Reconstruction and Development</participating-org><recipient-country code="AL">Albania</recipient-country><collaboration-type code="1">Bilateral</collaboration-type><default-flow-type code="10">ODA</default-flow-type><default-aid-type code="C01">Project-type interventions</default-aid-type><default-finance-type code="110">Aid grant excluding debt reorganisation</default-finance-type><iati-identifier>GB-1-109616-101</iati-identifier><other-identifier owner-ref="GB-1" owner-name="DFID">109616-101</other-identifier><title>MULTILATORGANISATION and P0303 for Support to the Intergrated Planning System</title><sector code="15110">Public sector policy and administrative management</sector><activity-date type="end-actual">2009-03-06</activity-date><activity-date type="end-planned">2009-03-06</activity-date><activity-date type="start-actual">2007-01-01</activity-date><activity-date type="start-planned">2007-01-01</activity-date><activity-status code="4">Post-completion</activity-status><contact-info><organisation>Department for International Development</organisation><telephone>+44 (0) 1355 84 3132</telephone><email>enquiry@dfid.gov.uk</email><mailing-address>Public Enquiry Point, Abercrombie House, Eaglesham Road, East Kilbride, Glasgow G75 8EA</mailing-address></contact-info><default-tied-status code="5">Untied</default-tied-status><policy-marker code="1" vocabulary="DAC" significance="0">Gender Equality</policy-marker><policy-marker code="2" vocabulary="DAC" significance="0">Aid to Environment</policy-marker><policy-marker code="3" vocabulary="DAC" significance="0">Participatory Development/Good Governance</policy-marker><policy-marker code="4" vocabulary="DAC" significance="0">Trade Development</policy-marker><policy-marker code="5" vocabulary="DAC" significance="0">Aid Targeting the Objectives of the Convention on Biological Diversity</policy-marker><policy-marker code="6" vocabulary="DAC" significance="0">Aid Targeting the Objectives of the Framework Convention on Climate Change - Mitigation</policy-marker><policy-marker code="7" vocabulary="DAC" significance="0">Aid Targeting the Objectives of the Framework Convention on Climate Change - Adaptation</policy-marker><policy-marker code="8" vocabulary="DAC" significance="0">Aid Targeting the Objectives of the Convention to Combat Desertification</policy-marker><transaction><value value-date="2008-04-01">1500000</value><transaction-type code="C">Commitment</transaction-type><transaction-date iso-date="2007-01-01">Total Commitment to 06 Mar 2009</transaction-date></transaction><transaction><value currency="GBP" value-date="2007-03-31">500000</value><transaction-type code="D">Disbursement</transaction-type><provider-org ref="GB-1">Department for International Development</provider-org><description>Aggregated spend data - Financial Year 2006 Quarter 4</description><transaction-date iso-date="2007-03-31"/></transaction><transaction><value currency="GBP" value-date="2008-03-31">500000</value><transaction-type code="D">Disbursement</transaction-type><provider-org ref="GB-1">Department for International Development</provider-org><description>Aggregated spend data - Financial Year 2007 Quarter 4</description><transaction-date iso-date="2008-03-31"/></transaction><transaction><value currency="GBP" value-date="2009-03-31">500000</value><transaction-type code="D">Disbursement</transaction-type><provider-org ref="GB-1">Department for International Development</provider-org><description>Aggregated spend data - Financial Year 2008 Quarter 4</description><transaction-date iso-date="2009-03-31"/></transaction><budget type="Original"><period-start iso-date="2006-04-01"/><period-end iso-date="2007-03-31"/><value value-date="2006-04-01" currency="GBP">500000</value></budget><budget type="Original"><period-start iso-date="2007-04-01"/><period-end iso-date="2008-03-31"/><value value-date="2007-04-01" currency="GBP">500000</value></budget><budget type="Original"><period-start iso-date="2008-04-01"/><period-end iso-date="2009-03-31"/><value value-date="2008-04-01" currency="GBP">500000</value></budget><related-activity ref="GB-1-109616" type="1">Support to the Intergrated Planning System</related-activity><legacy-data name="15110 Economic and Development Policy/Planning: (Governance and Security)" value="15110" iati-equivalent="sector"/></iati-activity><iati-activity xml:lang="en" default-currency="GBP" hierarchy="1"><reporting-org ref="GB-1" type="10">Department for International Development</reporting-org><participating-org ref="GB" type="10" role="Funding">UNITED KINGDOM</participating-org><participating-org ref="GB-1" type="10" role="Extending">Department for International Development</participating-org><iati-identifier>GB-1-109635</iati-identifier><other-identifier owner-ref="GB-1" owner-name="DFID">109635</other-identifier><title>Mountain Peoples Rights CSCF308</title><description>To establish sustainable mechanisms through which rural constituents can assert their rights to access information and services.</description><activity-date type="end-actual">2010-03-31</activity-date><activity-date type="end-planned">2010-03-31</activity-date><activity-date type="start-actual">2005-04-01</activity-date><activity-date type="start-planned">2005-04-01</activity-date><activity-status code="4">Post-completion</activity-status><contact-info><organisation>Department for International Development</organisation><telephone>+44 (0) 1355 84 3132</telephone><email>enquiry@dfid.gov.uk</email><mailing-address>Public Enquiry Point, Abercrombie House, Eaglesham Road, East Kilbride, Glasgow G75 8EA</mailing-address></contact-info><default-tied-status code="5">Untied</default-tied-status><related-activity ref="GB-1-109635-101" type="2">NOTFORPROFITORG and P0118 for Mountain Peoples Rights CSCF308</related-activity><related-activity ref="GB-1-109635-102" type="2">Accountable Grant CSCF0308: ASSERTION OF MOUNTAIN PEOPLES RIGHTS THROUGH A MOUNTAIN AREA RORUM IN NORTHERN ALBANIA</related-activity></iati-activity><iati-activity xml:lang="en" default-currency="GBP" hierarchy="2"><reporting-org ref="GB-1" type="10">Department for International Development</reporting-org><participating-org ref="GB" type="10" role="Funding">UNITED KINGDOM</participating-org><participating-org ref="GB-1" type="10" role="Extending">Department for International Development</participating-org><participating-org ref="22000" role="Implementing">Donor country-based NGO</participating-org><recipient-country code="AL">Albania</recipient-country><collaboration-type code="5">Aid through NGOs</collaboration-type><default-flow-type code="10">ODA</default-flow-type><default-aid-type code="C01">Project-type interventions</default-aid-type><default-finance-type code="110">Aid grant excluding debt reorganisation</default-finance-type><iati-identifier>GB-1-109635-101</iati-identifier><other-identifier owner-ref="GB-1" owner-name="DFID">109635-101</other-identifier><title>NOTFORPROFITORG and P0118 for Mountain Peoples Rights CSCF308</title><sector code="15150" percentage="51">Democratic participation and civil society</sector><sector code="16010" percentage="49">Social/welfare services</sector><activity-date type="end-actual">2010-03-31</activity-date><activity-date type="end-planned">2010-03-31</activity-date><activity-date type="start-actual">2005-04-01</activity-date><activity-date type="start-planned">2005-04-01</activity-date><activity-status code="4">Post-completion</activity-status><contact-info><organisation>Department for International Development</organisation><telephone>+44 (0) 1355 84 3132</telephone><email>enquiry@dfid.gov.uk</email><mailing-address>Public Enquiry Point, Abercrombie House, Eaglesham Road, East Kilbride, Glasgow G75 8EA</mailing-address></contact-info><default-tied-status code="5">Untied</default-tied-status><policy-marker code="1" vocabulary="DAC" significance="0">Gender Equality</policy-marker><policy-marker code="2" vocabulary="DAC" significance="0">Aid to Environment</policy-marker><policy-marker code="3" vocabulary="DAC" significance="2">Participatory Development/Good Governance</policy-marker><policy-marker code="4" vocabulary="DAC" significance="0">Trade Development</policy-marker><policy-marker code="5" vocabulary="DAC" significance="0">Aid Targeting the Objectives of the Convention on Biological Diversity</policy-marker><policy-marker code="6" vocabulary="DAC" significance="0">Aid Targeting the Objectives of the Framework Convention on Climate Change - Mitigation</policy-marker><policy-marker code="7" vocabulary="DAC" significance="0">Aid Targeting the Objectives of the Framework Convention on Climate Change - Adaptation</policy-marker><policy-marker code="8" vocabulary="DAC" significance="0">Aid Targeting the Objectives of the Convention to Combat Desertification</policy-marker><transaction><value value-date="2009-04-01">162393</value><transaction-type code="C">Commitment</transaction-type><transaction-date iso-date="2005-04-01">Total Commitment to 31 Mar 2010</transaction-date></transaction><transaction><value currency="GBP" value-date="2005-12-31">39640</value><transaction-type code="D">Disbursement</transaction-type><provider-org ref="GB-1">Department for International Development</provider-org><description>Aggregated spend data - Financial Year 2005 Quarter 3</description><transaction-date iso-date="2005-12-31"/></transaction><transaction><value currency="GBP" value-date="2006-03-31">14988</value><transaction-type code="D">Disbursement</transaction-type><provider-org ref="GB-1">Department for International Development</provider-org><description>Aggregated spend data - Financial Year 2005 Quarter 4</description><transaction-date iso-date="2006-03-31"/></transaction><transaction><value currency="GBP" value-date="2006-06-30">3659</value><transaction-type code="D">Disbursement</transaction-type><provider-org ref="GB-1">Department for International Development</provider-org><description>Aggregated spend data - Financial Year 2006 Quarter 1</description><transaction-date iso-date="2006-06-30"/></transaction><transaction><value currency="GBP" value-date="2006-09-30">11619</value><transaction-type code="D">Disbursement</transaction-type><provider-org ref="GB-1">Department for International Development</provider-org><description>Aggregated spend data - Financial Year 2006 Quarter 2</description><transaction-date iso-date="2006-09-30"/></transaction><transaction><value currency="GBP" value-date="2006-12-31">13066</value><transaction-type code="D">Disbursement</transaction-type><provider-org ref="GB-1">Department for International Development</provider-org><description>Aggregated spend data - Financial Year 2006 Quarter 3</description><transaction-date iso-date="2006-12-31"/></transaction><transaction><value currency="GBP" value-date="2007-03-31">11489</value><transaction-type code="D">Disbursement</transaction-type><provider-org ref="GB-1">Department for International Development</provider-org><description>Aggregated spend data - Financial Year 2006 Quarter 4</description><transaction-date iso-date="2007-03-31"/></transaction><transaction><value currency="GBP" value-date="2007-06-30">11970</value><transaction-type code="D">Disbursement</transaction-type><provider-org ref="GB-1">Department for International Development</provider-org><description>Aggregated spend data - Financial Year 2007 Quarter 1</description><transaction-date iso-date="2007-06-30"/></transaction><transaction><value currency="GBP" value-date="2007-12-31">16177</value><transaction-type code="D">Disbursement</transaction-type><provider-org ref="GB-1">Department for International Development</provider-org><description>Aggregated spend data - Financial Year 2007 Quarter 3</description><transaction-date iso-date="2007-12-31"/></transaction><transaction><value currency="GBP" value-date="2008-03-31">7953</value><transaction-type code="D">Disbursement</transaction-type><provider-org ref="GB-1">Department for International Development</provider-org><description>Aggregated spend data - Financial Year 2007 Quarter 4</description><transaction-date iso-date="2008-03-31"/></transaction><transaction><value currency="GBP" value-date="2008-06-30">7773</value><transaction-type code="D">Disbursement</transaction-type><provider-org ref="GB-1">Department for International Development</provider-org><description>Aggregated spend data - Financial Year 2008 Quarter 1</description><transaction-date iso-date="2008-06-30"/></transaction><transaction><value currency="GBP" value-date="2008-12-31">16004</value><transaction-type code="D">Disbursement</transaction-type><provider-org ref="GB-1">Department for International Development</provider-org><description>Aggregated spend data - Financial Year 2008 Quarter 3</description><transaction-date iso-date="2008-12-31"/></transaction><transaction><value currency="GBP" value-date="2009-03-31">8055</value><transaction-type code="D">Disbursement</transaction-type><provider-org ref="GB-1">Department for International Development</provider-org><description>Aggregated spend data - Financial Year 2008 Quarter 4</description><transaction-date iso-date="2009-03-31"/></transaction><budget type="Original"><period-start iso-date="2005-04-01"/><period-end iso-date="2006-03-31"/><value value-date="2005-04-01" currency="GBP">58287</value></budget><budget type="Original"><period-start iso-date="2006-04-01"/><period-end iso-date="2007-03-31"/><value value-date="2006-04-01" currency="GBP">48144</value></budget><budget type="Original"><period-start iso-date="2007-04-01"/><period-end iso-date="2008-03-31"/><value value-date="2007-04-01" currency="GBP">31956</value></budget><budget type="Revised"><period-start iso-date="2008-04-01"/><period-end iso-date="2009-03-31"/><value value-date="2008-04-01" currency="GBP">31832</value></budget><budget type="Revised"><period-start iso-date="2009-04-01"/><period-end iso-date="2010-03-31"/><value value-date="2009-04-01" currency="GBP">-7826</value></budget><related-activity ref="GB-1-109635" type="1">Mountain Peoples Rights CSCF308</related-activity><related-activity ref="GB-1-109635-102" type="3">Accountable Grant CSCF0308: ASSERTION OF MOUNTAIN PEOPLES RIGHTS THROUGH A MOUNTAIN AREA RORUM IN NORTHERN ALBANIA</related-activity><legacy-data name="15150 Strengthening Civil Society: (Governance and Security)" value="15150" iati-equivalent="sector">51%</legacy-data><legacy-data name="16011 Social Protection, Social Infrastructure and Services (MDG Poverty, Hunger and Vulnerability)" value="16011" iati-equivalent="sector">49%</legacy-data></iati-activity><iati-activity xml:lang="en" default-currency="GBP" hierarchy="2"><reporting-org ref="GB-1" type="10">Department for International Development</reporting-org><participating-org ref="GB" type="10" role="Funding">UNITED KINGDOM</participating-org><participating-org ref="GB-1" type="10" role="Extending">Department for International Development</participating-org><participating-org ref="22000" role="Implementing">Donor country-based NGO</participating-org><recipient-country code="AL">Albania</recipient-country><collaboration-type code="5">Aid through NGOs</collaboration-type><default-flow-type code="10">ODA</default-flow-type><default-aid-type code="C01">Project-type interventions</default-aid-type><default-finance-type code="110">Aid grant excluding debt reorganisation</default-finance-type><iati-identifier>GB-1-109635-102</iati-identifier><other-identifier owner-ref="GB-1" owner-name="DFID">109635-102</other-identifier><title>Accountable Grant CSCF0308: ASSERTION OF MOUNTAIN PEOPLES RIGHTS THROUGH A MOUNTAIN AREA RORUM IN NORTHERN ALBANIA</title><sector code="15150" percentage="51">Democratic participation and civil society</sector><sector code="16010" percentage="49">Social/welfare services</sector><activity-date type="end-actual">2010-03-31</activity-date><activity-date type="end-planned">2010-03-31</activity-date><activity-date type="start-actual">2005-04-01</activity-date><activity-date type="start-planned">2005-04-01</activity-date><activity-status code="4">Post-completion</activity-status><contact-info><organisation>Department for International Development</organisation><telephone>+44 (0) 1355 84 3132</telephone><email>enquiry@dfid.gov.uk</email><mailing-address>Public Enquiry Point, Abercrombie House, Eaglesham Road, East Kilbride, Glasgow G75 8EA</mailing-address></contact-info><default-tied-status code="5">Untied</default-tied-status><policy-marker code="1" vocabulary="DAC" significance="0">Gender Equality</policy-marker><policy-marker code="2" vocabulary="DAC" significance="0">Aid to Environment</policy-marker><policy-marker code="3" vocabulary="DAC" significance="2">Participatory Development/Good Governance</policy-marker><policy-marker code="4" vocabulary="DAC" significance="0">Trade Development</policy-marker><policy-marker code="5" vocabulary="DAC" significance="0">Aid Targeting the Objectives of the Convention on Biological Diversity</policy-marker><policy-marker code="6" vocabulary="DAC" significance="0">Aid Targeting the Objectives of the Framework Convention on Climate Change - Mitigation</policy-marker><policy-marker code="7" vocabulary="DAC" significance="0">Aid Targeting the Objectives of the Framework Convention on Climate Change - Adaptation</policy-marker><policy-marker code="8" vocabulary="DAC" significance="0">Aid Targeting the Objectives of the Convention to Combat Desertification</policy-marker><transaction><value value-date="2009-04-01">40012</value><transaction-type code="C">Commitment</transaction-type><transaction-date iso-date="2005-04-01">Total Commitment to 31 Mar 2010</transaction-date></transaction><transaction><value currency="GBP" value-date="2009-06-30">8003</value><transaction-type code="D">Disbursement</transaction-type><provider-org ref="GB-1">Department for International Development</provider-org><description>Aggregated spend data - Financial Year 2009 Quarter 1</description><transaction-date iso-date="2009-06-30"/></transaction><transaction><value currency="GBP" value-date="2009-09-30">9516</value><transaction-type code="D">Disbursement</transaction-type><provider-org ref="GB-1">Department for International Development</provider-org><description>Aggregated spend data - Financial Year 2009 Quarter 2</description><transaction-date iso-date="2009-09-30"/></transaction><transaction><value currency="GBP" value-date="2009-12-31">12643</value><transaction-type code="D">Disbursement</transaction-type><provider-org ref="GB-1">Department for International Development</provider-org><description>Aggregated spend data - Financial Year 2009 Quarter 3</description><transaction-date iso-date="2009-12-31"/></transaction><transaction><value currency="GBP" value-date="2010-03-31">9850</value><transaction-type code="D">Disbursement</transaction-type><provider-org ref="GB-1">Department for International Development</provider-org><description>Aggregated spend data - Financial Year 2009 Quarter 4</description><transaction-date iso-date="2010-03-31"/></transaction><budget type="Revised"><period-start iso-date="2009-04-01"/><period-end iso-date="2010-03-31"/><value value-date="2009-04-01" currency="GBP">40012</value></budget><related-activity ref="GB-1-109635" type="1">Mountain Peoples Rights CSCF308</related-activity><related-activity ref="GB-1-109635-101" type="3">NOTFORPROFITORG and P0118 for Mountain Peoples Rights CSCF308</related-activity><legacy-data name="15150 Strengthening Civil Society: (Governance and Security)" value="15150" iati-equivalent="sector">51%</legacy-data><legacy-data name="16011 Social Protection, Social Infrastructure and Services (MDG Poverty, Hunger and Vulnerability)" value="16011" iati-equivalent="sector">49%</legacy-data></iati-activity><iati-activity xml:lang="en" default-currency="GBP" hierarchy="1"><reporting-org ref="GB-1" type="10">Department for International Development</reporting-org><participating-org ref="GB" type="10" role="Funding">UNITED KINGDOM</participating-org><participating-org ref="GB-1" type="10" role="Extending">Department for International Development</participating-org><iati-identifier>GB-1-109636</iati-identifier><other-identifier owner-ref="GB-1" owner-name="DFID">109636</other-identifier><title>Women's Leadership Programme CSCF316</title><description>To contribute towards a more gender representative and accountable democracy</description><activity-date type="end-actual">2010-09-30</activity-date><activity-date type="end-planned">2010-09-30</activity-date><activity-date type="start-actual">2005-10-01</activity-date><activity-date type="start-planned">2005-04-01</activity-date><activity-status code="4">Post-completion</activity-status><contact-info><organisation>Department for International Development</organisation><telephone>+44 (0) 1355 84 3132</telephone><email>enquiry@dfid.gov.uk</email><mailing-address>Public Enquiry Point, Abercrombie House, Eaglesham Road, East Kilbride, Glasgow G75 8EA</mailing-address></contact-info><default-tied-status code="5">Untied</default-tied-status><related-activity ref="GB-1-109636-101" type="2">NOTFORPROFITORG and P0118 for Women's Leadership Programme CSCF316</related-activity><related-activity ref="GB-1-109636-102" type="2">Accountable Grant CSCF0316: ALBANIAN WOMEN'S LEADERSHIP PROGRAMME</related-activity></iati-activity><iati-activity xml:lang="en" default-currency="GBP" hierarchy="2"><reporting-org ref="GB-1" type="10">Department for International Development</reporting-org><participating-org ref="GB" type="10" role="Funding">UNITED KINGDOM</participating-org><participating-org ref="GB-1" type="10" role="Extending">Department for International Development</participating-org><participating-org ref="22000" role="Implementing">Donor country-based NGO</participating-org><recipient-country code="AL">Albania</recipient-country><collaboration-type code="5">Aid through NGOs</collaboration-type><default-flow-type code="10">ODA</default-flow-type><default-aid-type code="C01">Project-type interventions</default-aid-type><default-finance-type code="110">Aid grant excluding debt reorganisation</default-finance-type><iati-identifier>GB-1-109636-101</iati-identifier><other-identifier owner-ref="GB-1" owner-name="DFID">109636-101</other-identifier><title>NOTFORPROFITORG and P0118 for Women's Leadership Programme CSCF316</title><sector code="15150" percentage="20">Democratic participation and civil society</sector><activity-date type="end-actual">2010-09-30</activity-date><activity-date type="end-planned">2010-09-30</activity-date><activity-date type="start-actual">2005-04-01</activity-date><activity-date type="start-planned">2005-04-01</activity-date><activity-status code="4">Post-completion</activity-status><contact-info><organisation>Department for International Development</organisation><telephone>+44 (0) 1355 84 3132</telephone><email>enquiry@dfid.gov.uk</email><mailing-address>Public Enquiry Point, Abercrombie House, Eaglesham Road, East Kilbride, Glasgow G75 8EA</mailing-address></contact-info><default-tied-status code="5">Untied</default-tied-status><policy-marker code="1" vocabulary="DAC" significance="0">Gender Equality</policy-marker><policy-marker code="2" vocabulary="DAC" significance="0">Aid to Environment</policy-marker><policy-marker code="3" vocabulary="DAC" significance="2">Participatory Development/Good Governance</policy-marker><policy-marker code="4" vocabulary="DAC" significance="0">Trade Development</policy-marker><policy-marker code="5" vocabulary="DAC" significance="0">Aid Targeting the Objectives of the Convention on Biological Diversity</policy-marker><policy-marker code="6" vocabulary="DAC" significance="0">Aid Targeting the Objectives of the Framework Convention on Climate Change - Mitigation</policy-marker><policy-marker code="7" vocabulary="DAC" significance="0">Aid Targeting the Objectives of the Framework Convention on Climate Change - Adaptation</policy-marker><policy-marker code="8" vocabulary="DAC" significance="0">Aid Targeting the Objectives of the Convention to Combat Desertification</policy-marker><transaction><value value-date="2009-04-01">336915</value><transaction-type code="C">Commitment</transaction-type><transaction-date iso-date="2005-04-01">Total Commitment to 30 Sep 2010</transaction-date></transaction><transaction><value currency="GBP" value-date="2006-03-31">43157</value><transaction-type code="D">Disbursement</transaction-type><provider-org ref="GB-1">Department for International Development</provider-org><description>Aggregated spend data - Financial Year 2005 Quarter 4</description><transaction-date iso-date="2006-03-31"/></transaction><transaction><value currency="GBP" value-date="2006-06-30">27247</value><transaction-type code="D">Disbursement</transaction-type><provider-org ref="GB-1">Department for International Development</provider-org><description>Aggregated spend data - Financial Year 2006 Quarter 1</description><transaction-date iso-date="2006-06-30"/></transaction><transaction><value currency="GBP" value-date="2006-09-30">13158</value><transaction-type code="D">Disbursement</transaction-type><provider-org ref="GB-1">Department for International Development</provider-org><description>Aggregated spend data - Financial Year 2006 Quarter 2</description><transaction-date iso-date="2006-09-30"/></transaction><transaction><value currency="GBP" value-date="2006-12-31">9999</value><transaction-type code="D">Disbursement</transaction-type><provider-org ref="GB-1">Department for International Development</provider-org><description>Aggregated spend data - Financial Year 2006 Quarter 3</description><transaction-date iso-date="2006-12-31"/></transaction><transaction><value currency="GBP" value-date="2007-03-31">19533</value><transaction-type code="D">Disbursement</transaction-type><provider-org ref="GB-1">Department for International Development</provider-org><description>Aggregated spend data - Financial Year 2006 Quarter 4</description><transaction-date iso-date="2007-03-31"/></transaction><transaction><value currency="GBP" value-date="2007-06-30">32025</value><transaction-type code="D">Disbursement</transaction-type><provider-org ref="GB-1">Department for International Development</provider-org><description>Aggregated spend data - Financial Year 2007 Quarter 1</description><transaction-date iso-date="2007-06-30"/></transaction><transaction><value currency="GBP" value-date="2007-09-30">29230</value><transaction-type code="D">Disbursement</transaction-type><provider-org ref="GB-1">Department for International Development</provider-org><description>Aggregated spend data - Financial Year 2007 Quarter 2</description><transaction-date iso-date="2007-09-30"/></transaction><transaction><value currency="GBP" value-date="2007-12-31">27887</value><transaction-type code="D">Disbursement</transaction-type><provider-org ref="GB-1">Department for International Development</provider-org><description>Aggregated spend data - Financial Year 2007 Quarter 3</description><transaction-date iso-date="2007-12-31"/></transaction><transaction><value currency="GBP" value-date="2008-03-31">17230</value><transaction-type code="D">Disbursement</transaction-type><provider-org ref="GB-1">Department for International Development</provider-org><description>Aggregated spend data - Financial Year 2007 Quarter 4</description><transaction-date iso-date="2008-03-31"/></transaction><transaction><value currency="GBP" value-date="2008-06-30">16208</value><transaction-type code="D">Disbursement</transaction-type><provider-org ref="GB-1">Department for International Development</provider-org><description>Aggregated spend data - Financial Year 2008 Quarter 1</description><transaction-date iso-date="2008-06-30"/></transaction><transaction><value currency="GBP" value-date="2008-09-30">30233</value><transaction-type code="D">Disbursement</transaction-type><provider-org ref="GB-1">Department for International Development</provider-org><description>Aggregated spend data - Financial Year 2008 Quarter 2</description><transaction-date iso-date="2008-09-30"/></transaction><transaction><value currency="GBP" value-date="2008-12-31">16762</value><transaction-type code="D">Disbursement</transaction-type><provider-org ref="GB-1">Department for International Development</provider-org><description>Aggregated spend data - Financial Year 2008 Quarter 3</description><transaction-date iso-date="2008-12-31"/></transaction><transaction><value currency="GBP" value-date="2009-03-31">54246</value><transaction-type code="D">Disbursement</transaction-type><provider-org ref="GB-1">Department for International Development</provider-org><description>Aggregated spend data - Financial Year 2008 Quarter 4</description><transaction-date iso-date="2009-03-31"/></transaction><budget type="Original"><period-start iso-date="2005-04-01"/><period-end iso-date="2006-03-31"/><value value-date="2005-04-01" currency="GBP">67408</value></budget><budget type="Original"><period-start iso-date="2006-04-01"/><period-end iso-date="2007-03-31"/><value value-date="2006-04-01" currency="GBP">81967</value></budget><budget type="Original"><period-start iso-date="2007-04-01"/><period-end iso-date="2008-03-31"/><value value-date="2007-04-01" currency="GBP">86310</value></budget><budget type="Revised"><period-start iso-date="2008-04-01"/><period-end iso-date="2009-03-31"/><value value-date="2008-04-01" currency="GBP">101230</value></budget><related-activity ref="GB-1-109636" type="1">Women's Leadership Programme CSCF316</related-activity><related-activity ref="GB-1-109636-102" type="3">Accountable Grant CSCF0316: ALBANIAN WOMEN'S LEADERSHIP PROGRAMME</related-activity><legacy-data name="15150 Strengthening Civil Society: (Governance and Security)" value="15150" iati-equivalent="sector">20%</legacy-data><legacy-data name="15162 Human Rights: (Governance and Security)" value="15162" iati-equivalent="sector">80%</legacy-data></iati-activity><iati-activity xml:lang="en" default-currency="GBP" hierarchy="2"><reporting-org ref="GB-1" type="10">Department for International Development</reporting-org><participating-org ref="GB" type="10" role="Funding">UNITED KINGDOM</participating-org><participating-org ref="GB-1" type="10" role="Extending">Department for International Development</participating-org><participating-org ref="22000" role="Implementing">Donor country-based NGO</participating-org><recipient-country code="AL">Albania</recipient-country><collaboration-type code="5">Aid through NGOs</collaboration-type><default-flow-type code="10">ODA</default-flow-type><default-aid-type code="C01">Project-type interventions</default-aid-type><default-finance-type code="110">Aid grant excluding debt reorganisation</default-finance-type><iati-identifier>GB-1-109636-102</iati-identifier><other-identifier owner-ref="GB-1" owner-name="DFID">109636-102</other-identifier><title>Accountable Grant CSCF0316: ALBANIAN WOMEN'S LEADERSHIP PROGRAMME</title><sector code="15150" percentage="20">Democratic participation and civil society</sector><activity-date type="end-actual">2010-03-01</activity-date><activity-date type="end-planned">2010-03-01</activity-date><activity-date type="start-actual">2005-04-01</activity-date><activity-date type="start-planned">2005-04-01</activity-date><activity-status code="4">Post-completion</activity-status><contact-info><organisation>Department for International Development</organisation><telephone>+44 (0) 1355 84 3132</telephone><email>enquiry@dfid.gov.uk</email><mailing-address>Public Enquiry Point, Abercrombie House, Eaglesham Road, East Kilbride, Glasgow G75 8EA</mailing-address></contact-info><default-tied-status code="5">Untied</default-tied-status><policy-marker code="1" vocabulary="DAC" significance="0">Gender Equality</policy-marker><policy-marker code="2" vocabulary="DAC" significance="0">Aid to Environment</policy-marker><policy-marker code="3" vocabulary="DAC" significance="2">Participatory Development/Good Governance</policy-marker><policy-marker code="4" vocabulary="DAC" significance="0">Trade Development</policy-marker><policy-marker code="5" vocabulary="DAC" significance="0">Aid Targeting the Objectives of the Convention on Biological Diversity</policy-marker><policy-marker code="6" vocabulary="DAC" significance="0">Aid Targeting the Objectives of the Framework Convention on Climate Change - Mitigation</policy-marker><policy-marker code="7" vocabulary="DAC" significance="0">Aid Targeting the Objectives of the Framework Convention on Climate Change - Adaptation</policy-marker><policy-marker code="8" vocabulary="DAC" significance="0">Aid Targeting the Objectives of the Convention to Combat Desertification</policy-marker><transaction><value value-date="2010-04-01">103096</value><transaction-type code="C">Commitment</transaction-type><transaction-date iso-date="2005-04-01">Total Commitment to 01 Mar 2010</transaction-date></transaction><transaction><value currency="GBP" value-date="2009-06-30">61909</value><transaction-type code="D">Disbursement</transaction-type><provider-org ref="GB-1">Department for International Development</provider-org><description>Aggregated spend data - Financial Year 2009 Quarter 1</description><transaction-date iso-date="2009-06-30"/></transaction><transaction><value currency="GBP" value-date="2009-09-30">17230</value><transaction-type code="D">Disbursement</transaction-type><provider-org ref="GB-1">Department for International Development</provider-org><description>Aggregated spend data - Financial Year 2009 Quarter 2</description><transaction-date iso-date="2009-09-30"/></transaction><transaction><value currency="GBP" value-date="2009-12-31">10993</value><transaction-type code="D">Disbursement</transaction-type><provider-org ref="GB-1">Department for International Development</provider-org><description>Aggregated spend data - Financial Year 2009 Quarter 3</description><transaction-date iso-date="2009-12-31"/></transaction><transaction><value currency="GBP" value-date="2010-03-31">12964</value><transaction-type code="D">Disbursement</transaction-type><provider-org ref="GB-1">Department for International Development</provider-org><description>Aggregated spend data - Financial Year 2009 Quarter 4</description><transaction-date iso-date="2010-03-31"/></transaction><budget type="Original"><period-start iso-date="2009-04-01"/><period-end iso-date="2010-03-31"/><value value-date="2009-04-01" currency="GBP">103096</value></budget><related-activity ref="GB-1-109636" type="1">Women's Leadership Programme CSCF316</related-activity><related-activity ref="GB-1-109636-101" type="3">NOTFORPROFITORG and P0118 for Women's Leadership Programme CSCF316</related-activity><legacy-data name="15150 Strengthening Civil Society: (Governance and Security)" value="15150" iati-equivalent="sector">20%</legacy-data><legacy-data name="15162 Human Rights: (Governance and Security)" value="15162" iati-equivalent="sector">80%</legacy-data></iati-activity></iati-activities>