<iati-activities version="1.01" generated-datetime="2013-03-28T16:48:56Z"><ir:registry-record xml:lang="en" file-id="GB-1" source-url="http://projects.dfid.gov.uk/iati/Country/BF" publisher-id="GB-1" publisher-role="Funding" contact-email="ppisupport@dfid.gov.uk" donor-id="GB-1" donor-type="10" title="DFID Activity File" activity-period="All Periods" last-updated-datetime="2013-03-28T16:48:56Z" generated-datetime="2013-03-28T16:48:56Z" verification-status="1" format="xml" license="IATI" xmlns:ir="http://iatiregistry.org/ns/record#"/><iati-activity xml:lang="en" default-currency="GBP" hierarchy="1"><reporting-org ref="GB-1" type="10">Department for International Development</reporting-org><participating-org ref="GB" type="10" role="Funding">UNITED KINGDOM</participating-org><participating-org ref="GB-1" type="10" role="Extending">Department for International Development</participating-org><iati-identifier>GB-1-113518</iati-identifier><other-identifier owner-ref="GB-1" owner-name="DFID">113518</other-identifier><title>Improving Management of Forest Resources CSCF411</title><description>Institutional environment created that ensures sustainability and equity in decentralisation and privatisation of dryland forest management in Burkina Faso</description><activity-date type="end-actual">2012-09-30</activity-date><activity-date type="end-planned">2012-09-30</activity-date><activity-date type="start-actual">2007-06-01</activity-date><activity-date type="start-planned">2007-10-01</activity-date><activity-status code="4">Post-completion</activity-status><contact-info><organisation>Department for International Development</organisation><telephone>+44 (0) 1355 84 3132</telephone><email>enquiry@dfid.gov.uk</email><mailing-address>Public Enquiry Point, Abercrombie House, Eaglesham Road, East Kilbride, Glasgow G75 8EA</mailing-address></contact-info><default-tied-status code="5">Untied</default-tied-status><related-activity ref="GB-1-113518-101" type="2">NOTFORPROFITORG and P0118 for Improving Management of Forest Resources CSCF411</related-activity><related-activity ref="GB-1-113518-102" type="2">Accountable Grant CSCF0411: IMPROVING ACCESS TO AND CONTROL OF FOREST RESOURCES FOR POOR RURAL HOUSEHOLDS IN THE DRYLAND FOREST ZONES OF BURKINA FASO</related-activity></iati-activity><iati-activity xml:lang="en" default-currency="GBP" hierarchy="2"><reporting-org ref="GB-1" type="10">Department for International Development</reporting-org><participating-org ref="GB" type="10" role="Funding">UNITED KINGDOM</participating-org><participating-org ref="GB-1" type="10" role="Extending">Department for International Development</participating-org><participating-org ref="22000" role="Implementing">Donor country-based NGO</participating-org><recipient-country code="BF">Burkina Faso</recipient-country><collaboration-type code="5">Aid through NGOs</collaboration-type><default-flow-type code="10">ODA</default-flow-type><default-aid-type code="C01">Project-type interventions</default-aid-type><default-finance-type code="110">Aid grant excluding debt reorganisation</default-finance-type><iati-identifier>GB-1-113518-101</iati-identifier><other-identifier owner-ref="GB-1" owner-name="DFID">113518-101</other-identifier><title>NOTFORPROFITORG and P0118 for Improving Management of Forest Resources CSCF411</title><sector code="31210" percentage="50">Forestry policy and administrative management</sector><sector code="15150" percentage="40">Democratic participation and civil society</sector><sector code="15111" percentage="10">Public finance management</sector><activity-date type="end-actual">2012-09-30</activity-date><activity-date type="end-planned">2012-09-30</activity-date><activity-date type="start-actual">2007-10-01</activity-date><activity-date type="start-planned">2007-10-01</activity-date><activity-status code="4">Post-completion</activity-status><contact-info><organisation>Department for International Development</organisation><telephone>+44 (0) 1355 84 3132</telephone><email>enquiry@dfid.gov.uk</email><mailing-address>Public Enquiry Point, Abercrombie House, Eaglesham Road, East Kilbride, Glasgow G75 8EA</mailing-address></contact-info><default-tied-status code="5">Untied</default-tied-status><policy-marker code="1" vocabulary="DAC" significance="0">Gender Equality</policy-marker><policy-marker code="2" vocabulary="DAC" significance="0">Aid to Environment</policy-marker><policy-marker code="3" vocabulary="DAC" significance="1">Participatory Development/Good Governance</policy-marker><policy-marker code="4" vocabulary="DAC" significance="0">Trade Development</policy-marker><policy-marker code="5" vocabulary="DAC" significance="0">Aid Targeting the Objectives of the Convention on Biological Diversity</policy-marker><policy-marker code="6" vocabulary="DAC" significance="0">Aid Targeting the Objectives of the Framework Convention on Climate Change - Mitigation</policy-marker><policy-marker code="7" vocabulary="DAC" significance="0">Aid Targeting the Objectives of the Framework Convention on Climate Change - Adaptation</policy-marker><policy-marker code="8" vocabulary="DAC" significance="0">Aid Targeting the Objectives of the Convention to Combat Desertification</policy-marker><transaction><value value-date="2009-04-01">136286</value><transaction-type code="C">Commitment</transaction-type><transaction-date iso-date="2007-10-01">Total Commitment to 30 Sep 2012</transaction-date></transaction><transaction><value currency="GBP" value-date="2008-03-31">9459</value><transaction-type code="D">Disbursement</transaction-type><provider-org ref="GB-1">Department for International Development</provider-org><description>Aggregated spend data - Financial Year 2007 Quarter 4</description><transaction-date iso-date="2008-03-31"/></transaction><transaction><value currency="GBP" value-date="2008-06-30">33368</value><transaction-type code="D">Disbursement</transaction-type><provider-org ref="GB-1">Department for International Development</provider-org><description>Aggregated spend data - Financial Year 2008 Quarter 1</description><transaction-date iso-date="2008-06-30"/></transaction><transaction><value currency="GBP" value-date="2008-09-30">10684</value><transaction-type code="D">Disbursement</transaction-type><provider-org ref="GB-1">Department for International Development</provider-org><description>Aggregated spend data - Financial Year 2008 Quarter 2</description><transaction-date iso-date="2008-09-30"/></transaction><transaction><value currency="GBP" value-date="2008-12-31">34965</value><transaction-type code="D">Disbursement</transaction-type><provider-org ref="GB-1">Department for International Development</provider-org><description>Aggregated spend data - Financial Year 2008 Quarter 3</description><transaction-date iso-date="2008-12-31"/></transaction><transaction><value currency="GBP" value-date="2009-03-31">47808</value><transaction-type code="D">Disbursement</transaction-type><provider-org ref="GB-1">Department for International Development</provider-org><description>Aggregated spend data - Financial Year 2008 Quarter 4</description><transaction-date iso-date="2009-03-31"/></transaction><budget type="Original"><period-start iso-date="2007-04-01"/><period-end iso-date="2008-03-31"/><value value-date="2007-04-01" currency="GBP">9459</value></budget><budget type="Revised"><period-start iso-date="2008-04-01"/><period-end iso-date="2009-03-31"/><value value-date="2008-04-01" currency="GBP">126827</value></budget><related-activity ref="GB-1-113518" type="1">Improving Management of Forest Resources CSCF411</related-activity><related-activity ref="GB-1-113518-102" type="3">Accountable Grant CSCF0411: IMPROVING ACCESS TO AND CONTROL OF FOREST RESOURCES FOR POOR RURAL HOUSEHOLDS IN THE DRYLAND FOREST ZONES OF BURKINA FASO</related-activity><legacy-data name="15121 Public Sector Financial Management: (Governance and Security)" value="15121" iati-equivalent="sector">10%</legacy-data><legacy-data name="15150 Strengthening Civil Society: (Governance and Security)" value="15150" iati-equivalent="sector">40%</legacy-data><legacy-data name="31210 Forestry Policy and Administrative Management (Wealth Creation)" value="31210" iati-equivalent="sector">50%</legacy-data></iati-activity><iati-activity xml:lang="en" default-currency="GBP" hierarchy="2"><reporting-org ref="GB-1" type="10">Department for International Development</reporting-org><participating-org ref="GB" type="10" role="Funding">UNITED KINGDOM</participating-org><participating-org ref="GB-1" type="10" role="Extending">Department for International Development</participating-org><participating-org ref="22000" role="Implementing">Donor country-based NGO</participating-org><recipient-country code="BF">Burkina Faso</recipient-country><collaboration-type code="5">Aid through NGOs</collaboration-type><default-flow-type code="10">ODA</default-flow-type><default-aid-type code="C01">Project-type interventions</default-aid-type><default-finance-type code="110">Aid grant excluding debt reorganisation</default-finance-type><iati-identifier>GB-1-113518-102</iati-identifier><other-identifier owner-ref="GB-1" owner-name="DFID">113518-102</other-identifier><title>Accountable Grant CSCF0411: IMPROVING ACCESS TO AND CONTROL OF FOREST RESOURCES FOR POOR RURAL HOUSEHOLDS IN THE DRYLAND FOREST ZONES OF BURKINA FASO</title><sector code="31210" percentage="50">Forestry policy and administrative management</sector><sector code="15150" percentage="40">Democratic participation and civil society</sector><sector code="15111" percentage="10">Public finance management</sector><activity-date type="end-actual">2012-09-30</activity-date><activity-date type="end-planned">2012-09-30</activity-date><activity-date type="start-actual">2007-10-01</activity-date><activity-date type="start-planned">2007-10-01</activity-date><activity-status code="4">Post-completion</activity-status><contact-info><organisation>Department for International Development</organisation><telephone>+44 (0) 1355 84 3132</telephone><email>enquiry@dfid.gov.uk</email><mailing-address>Public Enquiry Point, Abercrombie House, Eaglesham Road, East Kilbride, Glasgow G75 8EA</mailing-address></contact-info><default-tied-status code="5">Untied</default-tied-status><policy-marker code="1" vocabulary="DAC" significance="0">Gender Equality</policy-marker><policy-marker code="2" vocabulary="DAC" significance="0">Aid to Environment</policy-marker><policy-marker code="3" vocabulary="DAC" significance="1">Participatory Development/Good Governance</policy-marker><policy-marker code="4" vocabulary="DAC" significance="0">Trade Development</policy-marker><policy-marker code="5" vocabulary="DAC" significance="0">Aid Targeting the Objectives of the Convention on Biological Diversity</policy-marker><policy-marker code="6" vocabulary="DAC" significance="0">Aid Targeting the Objectives of the Framework Convention on Climate Change - Mitigation</policy-marker><policy-marker code="7" vocabulary="DAC" significance="0">Aid Targeting the Objectives of the Framework Convention on Climate Change - Adaptation</policy-marker><policy-marker code="8" vocabulary="DAC" significance="0">Aid Targeting the Objectives of the Convention to Combat Desertification</policy-marker><transaction><value value-date="2012-04-01">131307</value><transaction-type code="C">Commitment</transaction-type><transaction-date iso-date="2007-10-01">Total Commitment to 30 Sep 2012</transaction-date></transaction><transaction><value currency="GBP" value-date="2009-09-30">29387</value><transaction-type code="D">Disbursement</transaction-type><provider-org ref="GB-1">Department for International Development</provider-org><description>Aggregated spend data - Financial Year 2009 Quarter 2</description><transaction-date iso-date="2009-09-30"/></transaction><transaction><value currency="GBP" value-date="2009-12-31">49136</value><transaction-type code="D">Disbursement</transaction-type><provider-org ref="GB-1">Department for International Development</provider-org><description>Aggregated spend data - Financial Year 2009 Quarter 3</description><transaction-date iso-date="2009-12-31"/></transaction><transaction><value currency="GBP" value-date="2010-03-31">52784</value><transaction-type code="D">Disbursement</transaction-type><provider-org ref="GB-1">Department for International Development</provider-org><description>Aggregated spend data - Financial Year 2009 Quarter 4</description><transaction-date iso-date="2010-03-31"/></transaction><budget type="Revised"><period-start iso-date="2009-04-01"/><period-end iso-date="2010-03-31"/><value value-date="2009-04-01" currency="GBP">131307</value></budget><related-activity ref="GB-1-113518" type="1">Improving Management of Forest Resources CSCF411</related-activity><related-activity ref="GB-1-113518-101" type="3">NOTFORPROFITORG and P0118 for Improving Management of Forest Resources CSCF411</related-activity><legacy-data name="15121 Public Sector Financial Management: (Governance and Security)" value="15121" iati-equivalent="sector">10%</legacy-data><legacy-data name="15150 Strengthening Civil Society: (Governance and Security)" value="15150" iati-equivalent="sector">40%</legacy-data><legacy-data name="31210 Forestry Policy and Administrative Management (Wealth Creation)" value="31210" iati-equivalent="sector">50%</legacy-data></iati-activity></iati-activities>