<iati-activities version="1.01" generated-datetime="2013-03-28T16:48:56Z"><ir:registry-record xml:lang="en" file-id="GB-1" source-url="http://projects.dfid.gov.uk/iati/NonIATI/BL" publisher-id="GB-1" publisher-role="Funding" contact-email="ppisupport@dfid.gov.uk" donor-id="GB-1" donor-type="10" title="DFID Activity File" activity-period="All Periods" last-updated-datetime="2013-03-28T16:48:56Z" generated-datetime="2013-03-28T16:48:56Z" verification-status="1" format="xml" license="IATI" xmlns:ir="http://iatiregistry.org/ns/record#"/><iati-activity xml:lang="en" default-currency="GBP" hierarchy="1"><reporting-org ref="GB-1" type="10">Department for International Development</reporting-org><participating-org ref="GB" type="10" role="Funding">UNITED KINGDOM</participating-org><participating-org ref="GB-1" type="10" role="Extending">Department for International Development</participating-org><iati-identifier>GB-1-110637</iati-identifier><other-identifier owner-ref="GB-1" owner-name="DFID">110637</other-identifier><title>UK\EBRD WeB Trust Fund</title><description>The WeB  Assembly will direct the use of Western Balkans Fund resources towards projects and initiatives that achieve agreed objectives, including poverty reduction, through sustainable growth</description><activity-date type="end-actual">2010-03-01</activity-date><activity-date type="end-planned">2010-03-01</activity-date><activity-date type="start-actual">2006-12-08</activity-date><activity-date type="start-planned">2006-10-01</activity-date><activity-status code="4">Post-completion</activity-status><contact-info><organisation>Department for International Development</organisation><telephone>+44 (0) 1355 84 3132</telephone><email>enquiry@dfid.gov.uk</email><mailing-address>Public Enquiry Point, Abercrombie House, Eaglesham Road, East Kilbride, Glasgow G75 8EA</mailing-address></contact-info><default-tied-status code="5">Untied</default-tied-status><related-activity ref="GB-1-110637-101" type="2">MULTILATORGANISATION and P0186 for UK\EBRD WeB Trust Fund</related-activity></iati-activity><iati-activity xml:lang="en" default-currency="GBP" hierarchy="2"><reporting-org ref="GB-1" type="10">Department for International Development</reporting-org><participating-org ref="GB" type="10" role="Funding">UNITED KINGDOM</participating-org><participating-org ref="GB-1" type="10" role="Extending">Department for International Development</participating-org><participating-org ref="46019" role="Implementing">European Bank for Reconstruction and Development - Western Balkans Joint Trust Fund</participating-org><recipient-region>Balkan Regional (BL)</recipient-region><collaboration-type code="1">Bilateral</collaboration-type><default-flow-type code="10">ODA</default-flow-type><default-aid-type code="C01">Project-type interventions</default-aid-type><default-finance-type code="110">Aid grant excluding debt reorganisation</default-finance-type><iati-identifier>GB-1-110637-101</iati-identifier><other-identifier owner-ref="GB-1" owner-name="DFID">110637-101</other-identifier><title>MULTILATORGANISATION and P0186 for UK\EBRD WeB Trust Fund</title><sector code="32130">Small and medium-sized enterprises (SME) development</sector><activity-date type="end-actual">2010-03-01</activity-date><activity-date type="end-planned">2010-03-01</activity-date><activity-date type="start-actual">2006-10-01</activity-date><activity-date type="start-planned">2006-10-01</activity-date><activity-status code="4">Post-completion</activity-status><contact-info><organisation>Department for International Development</organisation><telephone>+44 (0) 1355 84 3132</telephone><email>enquiry@dfid.gov.uk</email><mailing-address>Public Enquiry Point, Abercrombie House, Eaglesham Road, East Kilbride, Glasgow G75 8EA</mailing-address></contact-info><default-tied-status code="5">Untied</default-tied-status><policy-marker code="1" vocabulary="DAC" significance="1">Gender Equality</policy-marker><policy-marker code="2" vocabulary="DAC" significance="0">Aid to Environment</policy-marker><policy-marker code="3" vocabulary="DAC" significance="0">Participatory Development/Good Governance</policy-marker><policy-marker code="4" vocabulary="DAC" significance="2">Trade Development</policy-marker><policy-marker code="5" vocabulary="DAC" significance="0">Aid Targeting the Objectives of the Convention on Biological Diversity</policy-marker><policy-marker code="6" vocabulary="DAC" significance="0">Aid Targeting the Objectives of the Framework Convention on Climate Change - Mitigation</policy-marker><policy-marker code="7" vocabulary="DAC" significance="0">Aid Targeting the Objectives of the Framework Convention on Climate Change - Adaptation</policy-marker><policy-marker code="8" vocabulary="DAC" significance="0">Aid Targeting the Objectives of the Convention to Combat Desertification</policy-marker><transaction><value value-date="2008-04-01">2999999</value><transaction-type code="C">Commitment</transaction-type><transaction-date iso-date="2006-10-01">Total Commitment to 01 Mar 2010</transaction-date></transaction><transaction><value currency="GBP" value-date="2006-12-31">2780</value><transaction-type code="D">Disbursement</transaction-type><provider-org ref="GB-1">Department for International Development</provider-org><description>Aggregated spend data - Financial Year 2006 Quarter 3</description><transaction-date iso-date="2006-12-31"/></transaction><transaction><value currency="GBP" value-date="2007-03-31">1000000</value><transaction-type code="D">Disbursement</transaction-type><provider-org ref="GB-1">Department for International Development</provider-org><description>Aggregated spend data - Financial Year 2006 Quarter 4</description><transaction-date iso-date="2007-03-31"/></transaction><transaction><value currency="GBP" value-date="2007-12-31">1000000</value><transaction-type code="D">Disbursement</transaction-type><provider-org ref="GB-1">Department for International Development</provider-org><description>Aggregated spend data - Financial Year 2007 Quarter 3</description><transaction-date iso-date="2007-12-31"/></transaction><transaction><value currency="GBP" value-date="2008-12-31">997219</value><transaction-type code="D">Disbursement</transaction-type><provider-org ref="GB-1">Department for International Development</provider-org><description>Aggregated spend data - Financial Year 2008 Quarter 3</description><transaction-date iso-date="2008-12-31"/></transaction><budget type="Original"><period-start iso-date="2006-04-01"/><period-end iso-date="2007-03-31"/><value value-date="2006-04-01" currency="GBP">1002780</value></budget><budget type="Original"><period-start iso-date="2007-04-01"/><period-end iso-date="2008-03-31"/><value value-date="2007-04-01" currency="GBP">1000000</value></budget><budget type="Original"><period-start iso-date="2008-04-01"/><period-end iso-date="2009-03-31"/><value value-date="2008-04-01" currency="GBP">997219</value></budget><related-activity ref="GB-1-110637" type="1">UK\EBRD WeB Trust Fund</related-activity><legacy-data name="32130 Small and Medium-Sized Enterprises (SME): Development (Wealth Creation)" value="32130" iati-equivalent="sector"/></iati-activity><iati-activity xml:lang="en" default-currency="GBP" hierarchy="1"><reporting-org ref="GB-1" type="10">Department for International Development</reporting-org><participating-org ref="GB" type="10" role="Funding">UNITED KINGDOM</participating-org><participating-org ref="GB-1" type="10" role="Extending">Department for International Development</participating-org><iati-identifier>GB-1-110647</iati-identifier><other-identifier owner-ref="GB-1" owner-name="DFID">110647</other-identifier><title>Programmatic Poverty Analysis</title><description>To support the World Bank with financial and human resources to ensure the PPA develops in an appropriate way, in order to reach its stated goal.</description><activity-date type="end-actual">2011-03-31</activity-date><activity-date type="end-planned">2011-03-31</activity-date><activity-date type="start-actual">2006-09-19</activity-date><activity-date type="start-planned">2006-06-01</activity-date><activity-status code="2">Implementation</activity-status><contact-info><organisation>Department for International Development</organisation><telephone>+44 (0) 1355 84 3132</telephone><email>enquiry@dfid.gov.uk</email><mailing-address>Public Enquiry Point, Abercrombie House, Eaglesham Road, East Kilbride, Glasgow G75 8EA</mailing-address></contact-info><default-tied-status code="5">Untied</default-tied-status><related-activity ref="GB-1-110647-101" type="2">PROCOFSERVICES and P0303 for Programmatic Poverty Analysis</related-activity></iati-activity><iati-activity xml:lang="en" default-currency="GBP" hierarchy="2"><reporting-org ref="GB-1" type="10">Department for International Development</reporting-org><participating-org ref="GB" type="10" role="Funding">UNITED KINGDOM</participating-org><participating-org ref="GB-1" type="10" role="Extending">Department for International Development</participating-org><participating-org ref="44001" role="Implementing">International Bank for Reconstruction and Development</participating-org><recipient-region>Balkan Regional (BL)</recipient-region><collaboration-type code="1">Bilateral</collaboration-type><default-flow-type code="10">ODA</default-flow-type><default-aid-type code="C01">Project-type interventions</default-aid-type><default-finance-type code="110">Aid grant excluding debt reorganisation</default-finance-type><iati-identifier>GB-1-110647-101</iati-identifier><other-identifier owner-ref="GB-1" owner-name="DFID">110647-101</other-identifier><title>PROCOFSERVICES and P0303 for Programmatic Poverty Analysis</title><sector code="16030">Housing policy and administrative management</sector><activity-date type="end-actual">2010-03-31</activity-date><activity-date type="end-planned">2010-03-31</activity-date><activity-date type="start-actual">2006-06-01</activity-date><activity-date type="start-planned">2006-06-01</activity-date><activity-status code="2">Implementation</activity-status><contact-info><organisation>Department for International Development</organisation><telephone>+44 (0) 1355 84 3132</telephone><email>enquiry@dfid.gov.uk</email><mailing-address>Public Enquiry Point, Abercrombie House, Eaglesham Road, East Kilbride, Glasgow G75 8EA</mailing-address></contact-info><default-tied-status code="5">Untied</default-tied-status><policy-marker code="1" vocabulary="DAC" significance="0">Gender Equality</policy-marker><policy-marker code="2" vocabulary="DAC" significance="0">Aid to Environment</policy-marker><policy-marker code="3" vocabulary="DAC" significance="0">Participatory Development/Good Governance</policy-marker><policy-marker code="4" vocabulary="DAC" significance="0">Trade Development</policy-marker><policy-marker code="5" vocabulary="DAC" significance="0">Aid Targeting the Objectives of the Convention on Biological Diversity</policy-marker><policy-marker code="6" vocabulary="DAC" significance="0">Aid Targeting the Objectives of the Framework Convention on Climate Change - Mitigation</policy-marker><policy-marker code="7" vocabulary="DAC" significance="0">Aid Targeting the Objectives of the Framework Convention on Climate Change - Adaptation</policy-marker><policy-marker code="8" vocabulary="DAC" significance="0">Aid Targeting the Objectives of the Convention to Combat Desertification</policy-marker><transaction><value value-date="2009-04-01">935264</value><transaction-type code="C">Commitment</transaction-type><transaction-date iso-date="2006-06-01">Total Commitment to 31 Mar 2010</transaction-date></transaction><transaction><value currency="GBP" value-date="2006-09-30">3118</value><transaction-type code="D">Disbursement</transaction-type><provider-org ref="GB-1">Department for International Development</provider-org><description>Aggregated spend data - Financial Year 2006 Quarter 2</description><transaction-date iso-date="2006-09-30"/></transaction><transaction><value currency="GBP" value-date="2006-12-31">9958</value><transaction-type code="D">Disbursement</transaction-type><provider-org ref="GB-1">Department for International Development</provider-org><description>Aggregated spend data - Financial Year 2006 Quarter 3</description><transaction-date iso-date="2006-12-31"/></transaction><transaction><value currency="GBP" value-date="2007-03-31">220148</value><transaction-type code="D">Disbursement</transaction-type><provider-org ref="GB-1">Department for International Development</provider-org><description>Aggregated spend data - Financial Year 2006 Quarter 4</description><transaction-date iso-date="2007-03-31"/></transaction><transaction><value currency="GBP" value-date="2007-06-30">7279</value><transaction-type code="D">Disbursement</transaction-type><provider-org ref="GB-1">Department for International Development</provider-org><description>Aggregated spend data - Financial Year 2007 Quarter 1</description><transaction-date iso-date="2007-06-30"/></transaction><transaction><value currency="GBP" value-date="2007-09-30">206307</value><transaction-type code="D">Disbursement</transaction-type><provider-org ref="GB-1">Department for International Development</provider-org><description>Aggregated spend data - Financial Year 2007 Quarter 2</description><transaction-date iso-date="2007-09-30"/></transaction><transaction><value currency="GBP" value-date="2007-12-31">5574</value><transaction-type code="D">Disbursement</transaction-type><provider-org ref="GB-1">Department for International Development</provider-org><description>Aggregated spend data - Financial Year 2007 Quarter 3</description><transaction-date iso-date="2007-12-31"/></transaction><transaction><value currency="GBP" value-date="2008-03-31">12629</value><transaction-type code="D">Disbursement</transaction-type><provider-org ref="GB-1">Department for International Development</provider-org><description>Aggregated spend data - Financial Year 2007 Quarter 4</description><transaction-date iso-date="2008-03-31"/></transaction><transaction><value currency="GBP" value-date="2008-06-30">6577</value><transaction-type code="D">Disbursement</transaction-type><provider-org ref="GB-1">Department for International Development</provider-org><description>Aggregated spend data - Financial Year 2008 Quarter 1</description><transaction-date iso-date="2008-06-30"/></transaction><transaction><value currency="GBP" value-date="2008-09-30">3350</value><transaction-type code="D">Disbursement</transaction-type><provider-org ref="GB-1">Department for International Development</provider-org><description>Aggregated spend data - Financial Year 2008 Quarter 2</description><transaction-date iso-date="2008-09-30"/></transaction><transaction><value currency="GBP" value-date="2008-12-31">207930</value><transaction-type code="D">Disbursement</transaction-type><provider-org ref="GB-1">Department for International Development</provider-org><description>Aggregated spend data - Financial Year 2008 Quarter 3</description><transaction-date iso-date="2008-12-31"/></transaction><transaction><value currency="GBP" value-date="2009-03-31">6157</value><transaction-type code="D">Disbursement</transaction-type><provider-org ref="GB-1">Department for International Development</provider-org><description>Aggregated spend data - Financial Year 2008 Quarter 4</description><transaction-date iso-date="2009-03-31"/></transaction><transaction><value currency="GBP" value-date="2009-09-30">8163</value><transaction-type code="D">Disbursement</transaction-type><provider-org ref="GB-1">Department for International Development</provider-org><description>Aggregated spend data - Financial Year 2009 Quarter 2</description><transaction-date iso-date="2009-09-30"/></transaction><transaction><value currency="GBP" value-date="2009-12-31">4182</value><transaction-type code="D">Disbursement</transaction-type><provider-org ref="GB-1">Department for International Development</provider-org><description>Aggregated spend data - Financial Year 2009 Quarter 3</description><transaction-date iso-date="2009-12-31"/></transaction><transaction><value currency="GBP" value-date="2010-03-31">233522</value><transaction-type code="D">Disbursement</transaction-type><provider-org ref="GB-1">Department for International Development</provider-org><description>Aggregated spend data - Financial Year 2009 Quarter 4</description><transaction-date iso-date="2010-03-31"/></transaction><budget type="Original"><period-start iso-date="2006-04-01"/><period-end iso-date="2007-03-31"/><value value-date="2006-04-01" currency="GBP">233587</value></budget><budget type="Original"><period-start iso-date="2007-04-01"/><period-end iso-date="2008-03-31"/><value value-date="2007-04-01" currency="GBP">231791</value></budget><budget type="Original"><period-start iso-date="2008-04-01"/><period-end iso-date="2009-03-31"/><value value-date="2008-04-01" currency="GBP">225299</value></budget><budget type="Revised"><period-start iso-date="2009-04-01"/><period-end iso-date="2010-03-31"/><value value-date="2009-04-01" currency="GBP">244585</value></budget><related-activity ref="GB-1-110647" type="1">Programmatic Poverty Analysis</related-activity><legacy-data name="16030 Housing Policy and Administrative Management, Social Infrastructure and Services (MDG Poverty,Hunger and Vulnerability)" value="16030" iati-equivalent="sector"/></iati-activity><iati-activity xml:lang="en" default-currency="GBP" hierarchy="1"><reporting-org ref="GB-1" type="10">Department for International Development</reporting-org><participating-org ref="GB" type="10" role="Funding">UNITED KINGDOM</participating-org><participating-org ref="GB-1" type="10" role="Extending">Department for International Development</participating-org><iati-identifier>GB-1-113375</iati-identifier><other-identifier owner-ref="GB-1" owner-name="DFID">113375</other-identifier><title>WB Central Asia HIV AIDS</title><description>To ensure effective implementation of comprehensive, national HIV AIDS programmes</description><activity-date type="end-actual">2011-03-31</activity-date><activity-date type="end-planned">2011-03-31</activity-date><activity-date type="start-actual">2005-07-01</activity-date><activity-date type="start-planned">2005-07-01</activity-date><activity-status code="4">Post-completion</activity-status><contact-info><organisation>Department for International Development</organisation><telephone>+44 (0) 1355 84 3132</telephone><email>enquiry@dfid.gov.uk</email><mailing-address>Public Enquiry Point, Abercrombie House, Eaglesham Road, East Kilbride, Glasgow G75 8EA</mailing-address></contact-info><default-tied-status code="5">Untied</default-tied-status><related-activity ref="GB-1-113375-101" type="2">MULTILATORGANISATION and P0186 for WB Central Asia HIV AIDS</related-activity></iati-activity><iati-activity xml:lang="en" default-currency="GBP" hierarchy="2"><reporting-org ref="GB-1" type="10">Department for International Development</reporting-org><participating-org ref="GB" type="10" role="Funding">UNITED KINGDOM</participating-org><participating-org ref="GB-1" type="10" role="Extending">Department for International Development</participating-org><participating-org ref="44001" role="Implementing">International Bank for Reconstruction and Development</participating-org><recipient-region>Balkan Regional (BL)</recipient-region><collaboration-type code="1">Bilateral</collaboration-type><default-flow-type code="10">ODA</default-flow-type><default-aid-type code="C01">Project-type interventions</default-aid-type><default-finance-type code="110">Aid grant excluding debt reorganisation</default-finance-type><iati-identifier>GB-1-113375-101</iati-identifier><other-identifier owner-ref="GB-1" owner-name="DFID">113375-101</other-identifier><title>MULTILATORGANISATION and P0186 for WB Central Asia HIV AIDS</title><sector code="13040">STD control including HIV/Aids</sector><activity-date type="end-actual">2011-03-31</activity-date><activity-date type="end-planned">2011-03-31</activity-date><activity-date type="start-actual">2005-07-01</activity-date><activity-date type="start-planned">2005-07-01</activity-date><activity-status code="4">Post-completion</activity-status><contact-info><organisation>Department for International Development</organisation><telephone>+44 (0) 1355 84 3132</telephone><email>enquiry@dfid.gov.uk</email><mailing-address>Public Enquiry Point, Abercrombie House, Eaglesham Road, East Kilbride, Glasgow G75 8EA</mailing-address></contact-info><default-tied-status code="5">Untied</default-tied-status><policy-marker code="1" vocabulary="DAC" significance="0">Gender Equality</policy-marker><policy-marker code="2" vocabulary="DAC" significance="0">Aid to Environment</policy-marker><policy-marker code="3" vocabulary="DAC" significance="0">Participatory Development/Good Governance</policy-marker><policy-marker code="4" vocabulary="DAC" significance="0">Trade Development</policy-marker><policy-marker code="5" vocabulary="DAC" significance="0">Aid Targeting the Objectives of the Convention on Biological Diversity</policy-marker><policy-marker code="6" vocabulary="DAC" significance="0">Aid Targeting the Objectives of the Framework Convention on Climate Change - Mitigation</policy-marker><policy-marker code="7" vocabulary="DAC" significance="0">Aid Targeting the Objectives of the Framework Convention on Climate Change - Adaptation</policy-marker><policy-marker code="8" vocabulary="DAC" significance="0">Aid Targeting the Objectives of the Convention to Combat Desertification</policy-marker><transaction><value value-date="2009-04-01">600000</value><transaction-type code="C">Commitment</transaction-type><transaction-date iso-date="2005-07-01">Total Commitment to 31 Mar 2011</transaction-date></transaction><transaction><value currency="GBP" value-date="2007-12-31">200000</value><transaction-type code="D">Disbursement</transaction-type><provider-org ref="GB-1">Department for International Development</provider-org><description>Aggregated spend data - Financial Year 2007 Quarter 3</description><transaction-date iso-date="2007-12-31"/></transaction><transaction><value currency="GBP" value-date="2009-12-31">400000</value><transaction-type code="D">Disbursement</transaction-type><provider-org ref="GB-1">Department for International Development</provider-org><description>Aggregated spend data - Financial Year 2009 Quarter 3</description><transaction-date iso-date="2009-12-31"/></transaction><transaction><value currency="GBP" value-date="2011-04-26">-618100</value><transaction-type code="D">Disbursement</transaction-type><provider-org ref="GB-1">Department for International Development</provider-org><receiver-org>Journal Transaction</receiver-org><description>Aid to international organisations</description><transaction-date iso-date="2011-04-26"/></transaction><transaction><value currency="GBP" value-date="2011-04-28">618100</value><transaction-type code="D">Disbursement</transaction-type><provider-org ref="GB-1">Department for International Development</provider-org><receiver-org>Journal Transaction</receiver-org><description>Aid to international organisations</description><transaction-date iso-date="2011-04-28"/></transaction><budget type="Original"><period-start iso-date="2007-04-01"/><period-end iso-date="2008-03-31"/><value value-date="2007-04-01" currency="GBP">200000</value></budget><budget type="Revised"><period-start iso-date="2009-04-01"/><period-end iso-date="2010-03-31"/><value value-date="2009-04-01" currency="GBP">400000</value></budget><related-activity ref="GB-1-113375" type="1">WB Central Asia HIV AIDS</related-activity><legacy-data name="13041 HIV/AIDS including STD Prevention, Health (MDG Hiv/Aids)" value="13041" iati-equivalent="sector"/></iati-activity><iati-activity xml:lang="en" default-currency="GBP" hierarchy="1"><reporting-org ref="GB-1" type="10">Department for International Development</reporting-org><participating-org ref="GB" type="10" role="Funding">UNITED KINGDOM</participating-org><participating-org ref="GB-1" type="10" role="Extending">Department for International Development</participating-org><iati-identifier>GB-1-114451</iati-identifier><other-identifier owner-ref="GB-1" owner-name="DFID">114451</other-identifier><title>Measuring Poverty and Social Exclusion in the Western Balkans</title><description>To provide clear, consistent guidance for Balkans countries on how to improve their ability to measure poverty, which is appropriate to their needs, aspirations and capacity</description><activity-date type="end-actual">2009-09-01</activity-date><activity-date type="end-planned">2009-09-01</activity-date><activity-date type="start-actual">2009-03-04</activity-date><activity-date type="start-planned">2008-10-01</activity-date><activity-status code="4">Post-completion</activity-status><contact-info><organisation>Department for International Development</organisation><telephone>+44 (0) 1355 84 3132</telephone><email>enquiry@dfid.gov.uk</email><mailing-address>Public Enquiry Point, Abercrombie House, Eaglesham Road, East Kilbride, Glasgow G75 8EA</mailing-address></contact-info><default-tied-status code="5">Untied</default-tied-status><related-activity ref="GB-1-114451-101" type="2">Measuring Poverty and Social Exclusion in the Western Balkans</related-activity></iati-activity><iati-activity xml:lang="en" default-currency="GBP" hierarchy="2"><reporting-org ref="GB-1" type="10">Department for International Development</reporting-org><participating-org ref="GB" type="10" role="Funding">UNITED KINGDOM</participating-org><participating-org ref="GB-1" type="10" role="Extending">Department for International Development</participating-org><participating-org ref="10000" role="Implementing">PUBLIC SECTOR INSTITUTIONS</participating-org><recipient-region>Balkan Regional (BL)</recipient-region><collaboration-type code="1">Bilateral</collaboration-type><default-flow-type code="10">ODA</default-flow-type><default-aid-type code="C01">Project-type interventions</default-aid-type><default-finance-type code="110">Aid grant excluding debt reorganisation</default-finance-type><iati-identifier>GB-1-114451-101</iati-identifier><other-identifier owner-ref="GB-1" owner-name="DFID">114451-101</other-identifier><title>Measuring Poverty and Social Exclusion in the Western Balkans</title><sector code="16062">Statistical capacity building</sector><activity-date type="end-actual">2009-09-01</activity-date><activity-date type="end-planned">2009-09-01</activity-date><activity-date type="start-actual">2008-10-01</activity-date><activity-date type="start-planned">2008-10-01</activity-date><activity-status code="4">Post-completion</activity-status><contact-info><organisation>Department for International Development</organisation><telephone>+44 (0) 1355 84 3132</telephone><email>enquiry@dfid.gov.uk</email><mailing-address>Public Enquiry Point, Abercrombie House, Eaglesham Road, East Kilbride, Glasgow G75 8EA</mailing-address></contact-info><default-tied-status code="5">Untied</default-tied-status><policy-marker code="1" vocabulary="DAC" significance="0">Gender Equality</policy-marker><policy-marker code="2" vocabulary="DAC" significance="0">Aid to Environment</policy-marker><policy-marker code="3" vocabulary="DAC" significance="0">Participatory Development/Good Governance</policy-marker><policy-marker code="4" vocabulary="DAC" significance="0">Trade Development</policy-marker><policy-marker code="5" vocabulary="DAC" significance="0">Aid Targeting the Objectives of the Convention on Biological Diversity</policy-marker><policy-marker code="6" vocabulary="DAC" significance="0">Aid Targeting the Objectives of the Framework Convention on Climate Change - Mitigation</policy-marker><policy-marker code="7" vocabulary="DAC" significance="0">Aid Targeting the Objectives of the Framework Convention on Climate Change - Adaptation</policy-marker><policy-marker code="8" vocabulary="DAC" significance="0">Aid Targeting the Objectives of the Convention to Combat Desertification</policy-marker><transaction><value value-date="2009-04-01">31192</value><transaction-type code="C">Commitment</transaction-type><transaction-date iso-date="2008-10-01">Total Commitment to 01 Sep 2009</transaction-date></transaction><transaction><value currency="GBP" value-date="2009-03-31">2614</value><transaction-type code="D">Disbursement</transaction-type><provider-org ref="GB-1">Department for International Development</provider-org><description>Aggregated spend data - Financial Year 2008 Quarter 4</description><transaction-date iso-date="2009-03-31"/></transaction><transaction><value currency="GBP" value-date="2010-03-31">28578</value><transaction-type code="D">Disbursement</transaction-type><provider-org ref="GB-1">Department for International Development</provider-org><description>Aggregated spend data - Financial Year 2009 Quarter 4</description><transaction-date iso-date="2010-03-31"/></transaction><budget type="Original"><period-start iso-date="2008-04-01"/><period-end iso-date="2009-03-31"/><value value-date="2008-04-01" currency="GBP">2614</value></budget><budget type="Revised"><period-start iso-date="2009-04-01"/><period-end iso-date="2010-03-31"/><value value-date="2009-04-01" currency="GBP">28578</value></budget><related-activity ref="GB-1-114451" type="1">Measuring Poverty and Social Exclusion in the Western Balkans</related-activity><legacy-data name="15172 Statistical Capacity Building: (Governance and Security)" value="15172" iati-equivalent="sector"/></iati-activity><iati-activity xml:lang="en" default-currency="GBP" hierarchy="1"><reporting-org ref="GB-1" type="10">Department for International Development</reporting-org><participating-org ref="GB" type="10" role="Funding">UNITED KINGDOM</participating-org><participating-org ref="GB-1" type="10" role="Extending">Department for International Development</participating-org><iati-identifier>GB-1-200940</iati-identifier><other-identifier owner-ref="GB-1" owner-name="DFID">200940</other-identifier><title>Improve the European Commissions Understanding of and Approach to Supporting Civil Society in the Western Balkans and Moldova</title><description>To influence the Eurpean Commisions understanding of and approach to supporting civil society to improve voice and accountability in line with European Union accession perspectives</description><activity-date type="end-actual">2010-01-30</activity-date><activity-date type="end-planned">2010-01-30</activity-date><activity-date type="start-actual">2009-07-28</activity-date><activity-date type="start-planned">2009-07-23</activity-date><activity-status code="4">Post-completion</activity-status><contact-info><organisation>Department for International Development</organisation><telephone>+44 (0) 1355 84 3132</telephone><email>enquiry@dfid.gov.uk</email><mailing-address>Public Enquiry Point, Abercrombie House, Eaglesham Road, East Kilbride, Glasgow G75 8EA</mailing-address></contact-info><default-tied-status code="5">Untied</default-tied-status><related-activity ref="GB-1-200940-101" type="2">Improve the European COMISSIONS Understanding of and Approach to SUPPPORTING Civil Society in Western Balkans and Moldova to Improve Voice and Accountability in Line With European UNION Accession Perspectives</related-activity></iati-activity><iati-activity xml:lang="en" default-currency="GBP" hierarchy="2"><reporting-org ref="GB-1" type="10">Department for International Development</reporting-org><participating-org ref="GB" type="10" role="Funding">UNITED KINGDOM</participating-org><participating-org ref="GB-1" type="10" role="Extending">Department for International Development</participating-org><participating-org ref="52000" role="Implementing">Other.</participating-org><recipient-region>Balkan Regional (BL)</recipient-region><collaboration-type code="1">Bilateral</collaboration-type><default-flow-type code="10">ODA</default-flow-type><default-aid-type code="C01">Project-type interventions</default-aid-type><default-finance-type code="110">Aid grant excluding debt reorganisation</default-finance-type><iati-identifier>GB-1-200940-101</iati-identifier><other-identifier owner-ref="GB-1" owner-name="DFID">200940-101</other-identifier><title>Improve the European COMISSIONS Understanding of and Approach to SUPPPORTING Civil Society in Western Balkans and Moldova to Improve Voice and Accountability in Line With European UNION Accession Perspectives</title><sector code="15150">Democratic participation and civil society</sector><activity-date type="end-actual">2010-01-30</activity-date><activity-date type="end-planned">2010-01-30</activity-date><activity-date type="start-actual">2009-07-23</activity-date><activity-date type="start-planned">2009-07-23</activity-date><activity-status code="4">Post-completion</activity-status><contact-info><organisation>Department for International Development</organisation><telephone>+44 (0) 1355 84 3132</telephone><email>enquiry@dfid.gov.uk</email><mailing-address>Public Enquiry Point, Abercrombie House, Eaglesham Road, East Kilbride, Glasgow G75 8EA</mailing-address></contact-info><default-tied-status code="5">Untied</default-tied-status><policy-marker code="1" vocabulary="DAC" significance="2">Gender Equality</policy-marker><policy-marker code="2" vocabulary="DAC" significance="0">Aid to Environment</policy-marker><policy-marker code="3" vocabulary="DAC" significance="2">Participatory Development/Good Governance</policy-marker><policy-marker code="4" vocabulary="DAC" significance="0">Trade Development</policy-marker><policy-marker code="5" vocabulary="DAC" significance="0">Aid Targeting the Objectives of the Convention on Biological Diversity</policy-marker><policy-marker code="6" vocabulary="DAC" significance="0">Aid Targeting the Objectives of the Framework Convention on Climate Change - Mitigation</policy-marker><policy-marker code="7" vocabulary="DAC" significance="0">Aid Targeting the Objectives of the Framework Convention on Climate Change - Adaptation</policy-marker><policy-marker code="8" vocabulary="DAC" significance="0">Aid Targeting the Objectives of the Convention to Combat Desertification</policy-marker><transaction><value value-date="2010-04-01">18943</value><transaction-type code="C">Commitment</transaction-type><transaction-date iso-date="2009-07-23">Total Commitment to 30 Jan 2010</transaction-date></transaction><transaction><value currency="GBP" value-date="2009-09-30">1650</value><transaction-type code="D">Disbursement</transaction-type><provider-org ref="GB-1">Department for International Development</provider-org><description>Aggregated spend data - Financial Year 2009 Quarter 2</description><transaction-date iso-date="2009-09-30"/></transaction><transaction><value currency="GBP" value-date="2009-12-31">16506</value><transaction-type code="D">Disbursement</transaction-type><provider-org ref="GB-1">Department for International Development</provider-org><description>Aggregated spend data - Financial Year 2009 Quarter 3</description><transaction-date iso-date="2009-12-31"/></transaction><transaction><value currency="GBP" value-date="2010-03-31">557</value><transaction-type code="D">Disbursement</transaction-type><provider-org ref="GB-1">Department for International Development</provider-org><description>Aggregated spend data - Financial Year 2009 Quarter 4</description><transaction-date iso-date="2010-03-31"/></transaction><budget type="Revised"><period-start iso-date="2009-04-01"/><period-end iso-date="2010-03-31"/><value value-date="2009-04-01" currency="GBP">18943</value></budget><related-activity ref="GB-1-200940" type="1">Improve the European Commissions Understanding of and Approach to Supporting Civil Society in the Western Balkans and Moldova</related-activity><legacy-data name="15150 Strengthening Civil Society: (Governance and Security)" value="15150" iati-equivalent="sector"/></iati-activity><iati-activity xml:lang="en" default-currency="GBP" hierarchy="1"><reporting-org ref="GB-1" type="10">Department for International Development</reporting-org><participating-org ref="GB" type="10" role="Funding">UNITED KINGDOM</participating-org><participating-org ref="GB-1" type="10" role="Extending">Department for International Development</participating-org><iati-identifier>GB-1-201494</iati-identifier><other-identifier owner-ref="GB-1" owner-name="DFID">201494</other-identifier><title>Roma Education Fund</title><description>To Scale up Roma education interventions based on good practices and to take educational Reforms to the next level and increase enrolment</description><activity-date type="end-actual">2011-03-31</activity-date><activity-date type="end-planned">2011-03-31</activity-date><activity-date type="start-actual">2010-03-02</activity-date><activity-date type="start-planned">2010-01-18</activity-date><activity-status code="4">Post-completion</activity-status><contact-info><organisation>Department for International Development</organisation><telephone>+44 (0) 1355 84 3132</telephone><email>enquiry@dfid.gov.uk</email><mailing-address>Public Enquiry Point, Abercrombie House, Eaglesham Road, East Kilbride, Glasgow G75 8EA</mailing-address></contact-info><default-tied-status code="5">Untied</default-tied-status><related-activity ref="GB-1-201494-101" type="2">Roma Education Fund</related-activity></iati-activity><iati-activity xml:lang="en" default-currency="GBP" hierarchy="2"><reporting-org ref="GB-1" type="10">Department for International Development</reporting-org><participating-org ref="GB" type="10" role="Funding">UNITED KINGDOM</participating-org><participating-org ref="GB-1" type="10" role="Extending">Department for International Development</participating-org><participating-org ref="44001" role="Implementing">International Bank for Reconstruction and Development</participating-org><recipient-region>Balkan Regional (BL)</recipient-region><collaboration-type code="1">Bilateral</collaboration-type><default-flow-type code="10">ODA</default-flow-type><default-aid-type code="C01">Project-type interventions</default-aid-type><default-finance-type code="110">Aid grant excluding debt reorganisation</default-finance-type><iati-identifier>GB-1-201494-101</iati-identifier><other-identifier owner-ref="GB-1" owner-name="DFID">201494-101</other-identifier><title>Roma Education Fund</title><sector code="11110" percentage="60">Education policy and administrative management</sector><activity-date type="end-actual">2011-03-31</activity-date><activity-date type="end-planned">2011-03-31</activity-date><activity-date type="start-actual">2010-01-18</activity-date><activity-date type="start-planned">2010-01-18</activity-date><activity-status code="4">Post-completion</activity-status><contact-info><organisation>Department for International Development</organisation><telephone>+44 (0) 1355 84 3132</telephone><email>enquiry@dfid.gov.uk</email><mailing-address>Public Enquiry Point, Abercrombie House, Eaglesham Road, East Kilbride, Glasgow G75 8EA</mailing-address></contact-info><default-tied-status code="5">Untied</default-tied-status><policy-marker code="1" vocabulary="DAC" significance="0">Gender Equality</policy-marker><policy-marker code="2" vocabulary="DAC" significance="0">Aid to Environment</policy-marker><policy-marker code="3" vocabulary="DAC" significance="1">Participatory Development/Good Governance</policy-marker><policy-marker code="4" vocabulary="DAC" significance="0">Trade Development</policy-marker><policy-marker code="5" vocabulary="DAC" significance="0">Aid Targeting the Objectives of the Convention on Biological Diversity</policy-marker><policy-marker code="6" vocabulary="DAC" significance="0">Aid Targeting the Objectives of the Framework Convention on Climate Change - Mitigation</policy-marker><policy-marker code="7" vocabulary="DAC" significance="0">Aid Targeting the Objectives of the Framework Convention on Climate Change - Adaptation</policy-marker><policy-marker code="8" vocabulary="DAC" significance="0">Aid Targeting the Objectives of the Convention to Combat Desertification</policy-marker><transaction><value value-date="2009-04-01">1250000</value><transaction-type code="C">Commitment</transaction-type><transaction-date iso-date="2010-01-18">Total Commitment to 31 Mar 2011</transaction-date></transaction><transaction><value currency="GBP" value-date="2010-03-31">1250000</value><transaction-type code="D">Disbursement</transaction-type><provider-org ref="GB-1">Department for International Development</provider-org><description>Aggregated spend data - Financial Year 2009 Quarter 4</description><transaction-date iso-date="2010-03-31"/></transaction><budget type="Original"><period-start iso-date="2009-04-01"/><period-end iso-date="2010-03-31"/><value value-date="2009-04-01" currency="GBP">1250000</value></budget><related-activity ref="GB-1-201494" type="1">Roma Education Fund</related-activity><legacy-data name="11110 Education Policy and Administrative Management (MDG Education)" value="11110" iati-equivalent="sector">60%</legacy-data><legacy-data name="15162 Human Rights: (Governance and Security)" value="15162" iati-equivalent="sector">40%</legacy-data></iati-activity><iati-activity xml:lang="en" default-currency="GBP" hierarchy="1"><reporting-org ref="GB-1" type="10">Department for International Development</reporting-org><participating-org ref="GB" type="10" role="Funding">UNITED KINGDOM</participating-org><participating-org ref="GB-1" type="10" role="Extending">Department for International Development</participating-org><iati-identifier>GB-1-201550</iati-identifier><other-identifier owner-ref="GB-1" owner-name="DFID">201550</other-identifier><title>Western Balkans Investment Framework</title><description>Coordinated IFI grant mechanism is functioning effectively</description><activity-date type="end-actual">2011-02-28</activity-date><activity-date type="end-planned">2011-02-28</activity-date><activity-date type="start-actual">2010-03-16</activity-date><activity-date type="start-planned">2010-03-01</activity-date><activity-status code="4">Post-completion</activity-status><contact-info><organisation>Department for International Development</organisation><telephone>+44 (0) 1355 84 3132</telephone><email>enquiry@dfid.gov.uk</email><mailing-address>Public Enquiry Point, Abercrombie House, Eaglesham Road, East Kilbride, Glasgow G75 8EA</mailing-address></contact-info><default-tied-status code="5">Untied</default-tied-status><related-activity ref="GB-1-201550-101" type="2">Western Balkans Investment Framework</related-activity></iati-activity><iati-activity xml:lang="en" default-currency="GBP" hierarchy="2"><reporting-org ref="GB-1" type="10">Department for International Development</reporting-org><participating-org ref="GB" type="10" role="Funding">UNITED KINGDOM</participating-org><participating-org ref="GB-1" type="10" role="Extending">Department for International Development</participating-org><participating-org ref="46019" role="Implementing">European Bank for Reconstruction and Development - Western Balkans Joint Trust Fund</participating-org><recipient-region>Balkan Regional (BL)</recipient-region><collaboration-type code="1">Bilateral</collaboration-type><default-flow-type code="10">ODA</default-flow-type><default-aid-type code="C01">Project-type interventions</default-aid-type><default-finance-type code="110">Aid grant excluding debt reorganisation</default-finance-type><iati-identifier>GB-1-201550-101</iati-identifier><other-identifier owner-ref="GB-1" owner-name="DFID">201550-101</other-identifier><title>Western Balkans Investment Framework</title><sector code="14015" percentage="40">Water resources conservation (including data collection)</sector><sector code="21020" percentage="30">Road transport</sector><sector code="16010" percentage="10">Social/welfare services</sector><sector code="23030" percentage="10">Power generation/renewable sources</sector><sector code="32130" percentage="10">Small and medium-sized enterprises (SME) development</sector><activity-date type="end-actual">2011-02-28</activity-date><activity-date type="end-planned">2011-02-28</activity-date><activity-date type="start-actual">2010-03-01</activity-date><activity-date type="start-planned">2010-03-01</activity-date><activity-status code="4">Post-completion</activity-status><contact-info><organisation>Department for International Development</organisation><telephone>+44 (0) 1355 84 3132</telephone><email>enquiry@dfid.gov.uk</email><mailing-address>Public Enquiry Point, Abercrombie House, Eaglesham Road, East Kilbride, Glasgow G75 8EA</mailing-address></contact-info><default-tied-status code="5">Untied</default-tied-status><policy-marker code="1" vocabulary="DAC" significance="0">Gender Equality</policy-marker><policy-marker code="2" vocabulary="DAC" significance="0">Aid to Environment</policy-marker><policy-marker code="3" vocabulary="DAC" significance="0">Participatory Development/Good Governance</policy-marker><policy-marker code="4" vocabulary="DAC" significance="0">Trade Development</policy-marker><policy-marker code="5" vocabulary="DAC" significance="0">Aid Targeting the Objectives of the Convention on Biological Diversity</policy-marker><policy-marker code="6" vocabulary="DAC" significance="0">Aid Targeting the Objectives of the Framework Convention on Climate Change - Mitigation</policy-marker><policy-marker code="7" vocabulary="DAC" significance="0">Aid Targeting the Objectives of the Framework Convention on Climate Change - Adaptation</policy-marker><policy-marker code="8" vocabulary="DAC" significance="0">Aid Targeting the Objectives of the Convention to Combat Desertification</policy-marker><transaction><value value-date="2010-04-01">4500000</value><transaction-type code="C">Commitment</transaction-type><transaction-date iso-date="2010-03-01">Total Commitment to 28 Feb 2011</transaction-date></transaction><transaction><value currency="GBP" value-date="2010-03-31">1384615</value><transaction-type code="D">Disbursement</transaction-type><provider-org ref="GB-1">Department for International Development</provider-org><description>Aggregated spend data - Financial Year 2009 Quarter 4</description><transaction-date iso-date="2010-03-31"/></transaction><transaction><value currency="GBP" value-date="2010-05-11">-1384615</value><transaction-type code="D">Disbursement</transaction-type><provider-org ref="GB-1">Department for International Development</provider-org><description>Aggregated spend data - Financial Year 2010 Quarter 1 (prior to 12th May 2010)</description><transaction-date iso-date="2010-05-11"/></transaction><transaction><value currency="GBP" value-date="2010-05-17">4500000</value><transaction-type code="D">Disbursement</transaction-type><provider-org ref="GB-1">Department for International Development</provider-org><receiver-org ref="46015">European Bank for Reconstruction and Development</receiver-org><description>Aid to international organisations</description><transaction-date iso-date="2010-05-17"/></transaction><budget type="Revised"><period-start iso-date="2009-04-01"/><period-end iso-date="2010-03-31"/><value value-date="2009-04-01" currency="GBP">1384615</value></budget><budget type="Revised"><period-start iso-date="2010-04-01"/><period-end iso-date="2011-03-31"/><value value-date="2010-04-01" currency="GBP">3115385</value></budget><related-activity ref="GB-1-201550" type="1">Western Balkans Investment Framework</related-activity><legacy-data name="14015 Water Resources Protection, (MDG Water and Sanitation)" value="14015" iati-equivalent="sector">40%</legacy-data><legacy-data name="16011 Social Protection, Social Infrastructure and Services (MDG Poverty, Hunger and Vulnerability)" value="16011" iati-equivalent="sector">10%</legacy-data><legacy-data name="21021 Road Transport: Excluding Rural Feeder Roads (Wealth Creation)" value="21021" iati-equivalent="sector">30%</legacy-data><legacy-data name="23030 Power Generation/Renewable Sources: Energy (Wealth Creation)" value="23030" iati-equivalent="sector">10%</legacy-data><legacy-data name="32130 Small and Medium-Sized Enterprises (SME): Development (Wealth Creation)" value="32130" iati-equivalent="sector">10%</legacy-data></iati-activity><iati-activity xml:lang="en" default-currency="GBP" hierarchy="1"><reporting-org ref="GB-1" type="10">Department for International Development</reporting-org><participating-org ref="GB" type="10" role="Funding">UNITED KINGDOM</participating-org><participating-org ref="GB-1" type="10" role="Extending">Department for International Development</participating-org><iati-identifier>GB-1-201792</iati-identifier><other-identifier owner-ref="GB-1" owner-name="DFID">201792</other-identifier><title>EU Civil Society Policy Development Workshop</title><description>Strengthen the development of Civil Dialogue in the Balkans</description><activity-date type="end-actual">2011-01-31</activity-date><activity-date type="end-planned">2011-01-31</activity-date><activity-date type="start-actual">2010-05-10</activity-date><activity-date type="start-planned">2010-05-17</activity-date><activity-status code="4">Post-completion</activity-status><contact-info><organisation>Department for International Development</organisation><telephone>+44 (0) 1355 84 3132</telephone><email>enquiry@dfid.gov.uk</email><mailing-address>Public Enquiry Point, Abercrombie House, Eaglesham Road, East Kilbride, Glasgow G75 8EA</mailing-address></contact-info><default-tied-status code="5">Untied</default-tied-status><related-activity ref="GB-1-201792-101" type="2">EU Civil Society Policy Development Workshop</related-activity></iati-activity><iati-activity xml:lang="en" default-currency="GBP" hierarchy="2"><reporting-org ref="GB-1" type="10">Department for International Development</reporting-org><participating-org ref="GB" type="10" role="Funding">UNITED KINGDOM</participating-org><participating-org ref="GB-1" type="10" role="Extending">Department for International Development</participating-org><participating-org ref="32000" role="Implementing">Network</participating-org><recipient-region>Balkan Regional (BL)</recipient-region><collaboration-type code="7">Aid through PPPs</collaboration-type><default-flow-type code="10">ODA</default-flow-type><default-aid-type code="C01">Project-type interventions</default-aid-type><default-finance-type code="110">Aid grant excluding debt reorganisation</default-finance-type><iati-identifier>GB-1-201792-101</iati-identifier><other-identifier owner-ref="GB-1" owner-name="DFID">201792-101</other-identifier><title>EU Civil Society Policy Development Workshop</title><sector code="15150">Democratic participation and civil society</sector><activity-date type="end-actual">2011-01-31</activity-date><activity-date type="end-planned">2011-01-31</activity-date><activity-date type="start-actual">2010-05-17</activity-date><activity-date type="start-planned">2010-05-17</activity-date><activity-status code="4">Post-completion</activity-status><contact-info><organisation>Department for International Development</organisation><telephone>+44 (0) 1355 84 3132</telephone><email>enquiry@dfid.gov.uk</email><mailing-address>Public Enquiry Point, Abercrombie House, Eaglesham Road, East Kilbride, Glasgow G75 8EA</mailing-address></contact-info><default-tied-status code="5">Untied</default-tied-status><policy-marker code="1" vocabulary="DAC" significance="0">Gender Equality</policy-marker><policy-marker code="2" vocabulary="DAC" significance="0">Aid to Environment</policy-marker><policy-marker code="3" vocabulary="DAC" significance="2">Participatory Development/Good Governance</policy-marker><policy-marker code="4" vocabulary="DAC" significance="0">Trade Development</policy-marker><policy-marker code="5" vocabulary="DAC" significance="0">Aid Targeting the Objectives of the Convention on Biological Diversity</policy-marker><policy-marker code="6" vocabulary="DAC" significance="0">Aid Targeting the Objectives of the Framework Convention on Climate Change - Mitigation</policy-marker><policy-marker code="7" vocabulary="DAC" significance="0">Aid Targeting the Objectives of the Framework Convention on Climate Change - Adaptation</policy-marker><policy-marker code="8" vocabulary="DAC" significance="0">Aid Targeting the Objectives of the Convention to Combat Desertification</policy-marker><transaction><value value-date="2010-04-01">19523</value><transaction-type code="C">Commitment</transaction-type><transaction-date iso-date="2010-05-17">Total Commitment to 31 Jan 2011</transaction-date></transaction><transaction><value currency="GBP" value-date="2010-08-10">9475</value><transaction-type code="E">Expenditure</transaction-type><provider-org ref="GB-1">Department for International Development</provider-org><receiver-org ref="32000">Network</receiver-org><description>Technical &amp; Advisory services</description><transaction-date iso-date="2010-08-10"/></transaction><transaction><value currency="GBP" value-date="2011-01-28">10047</value><transaction-type code="E">Expenditure</transaction-type><provider-org ref="GB-1">Department for International Development</provider-org><receiver-org ref="32000">Network</receiver-org><description>Technical &amp; Advisory services</description><transaction-date iso-date="2011-01-28"/></transaction><budget type="Revised"><period-start iso-date="2010-04-01"/><period-end iso-date="2011-03-31"/><value value-date="2010-04-01" currency="GBP">19523</value></budget><related-activity ref="GB-1-201792" type="1">EU Civil Society Policy Development Workshop</related-activity><legacy-data name="15150 Strengthening Civil Society: (Governance and Security)" value="15150" iati-equivalent="sector"/></iati-activity></iati-activities>