<iati-activities version="1.01" generated-datetime="2013-03-28T16:48:56Z"><ir:registry-record xml:lang="en" file-id="GB-1" source-url="http://projects.dfid.gov.uk/iati/Country/CL" publisher-id="GB-1" publisher-role="Funding" contact-email="ppisupport@dfid.gov.uk" donor-id="GB-1" donor-type="10" title="DFID Activity File" activity-period="All Periods" last-updated-datetime="2013-03-28T16:48:56Z" generated-datetime="2013-03-28T16:48:56Z" verification-status="1" format="xml" license="IATI" xmlns:ir="http://iatiregistry.org/ns/record#"/><iati-activity xml:lang="en" default-currency="GBP" hierarchy="1"><reporting-org ref="GB-1" type="10">Department for International Development</reporting-org><participating-org ref="GB" type="10" role="Funding">UNITED KINGDOM</participating-org><participating-org ref="GB-1" type="10" role="Extending">Department for International Development</participating-org><iati-identifier>GB-1-201643</iati-identifier><other-identifier owner-ref="GB-1" owner-name="DFID">201643</other-identifier><title>Chile Earthquake February 2010</title><description>Alleviate the suffering of the victime of the Chile earthquake and save lives</description><activity-date type="end-actual">2010-09-02</activity-date><activity-date type="end-planned">2010-09-02</activity-date><activity-date type="start-actual">2010-03-10</activity-date><activity-date type="start-planned">2010-03-02</activity-date><activity-status code="4">Post-completion</activity-status><contact-info><organisation>Department for International Development</organisation><telephone>+44 (0) 1355 84 3132</telephone><email>enquiry@dfid.gov.uk</email><mailing-address>Public Enquiry Point, Abercrombie House, Eaglesham Road, East Kilbride, Glasgow G75 8EA</mailing-address></contact-info><default-tied-status code="5">Untied</default-tied-status><related-activity ref="GB-1-201643-101" type="2">World Vision Tents and Operations Team Costs</related-activity><related-activity ref="GB-1-201643-102" type="2">IFRC Chile Earthquake Emergency Appeal</related-activity></iati-activity><iati-activity xml:lang="en" default-currency="GBP" hierarchy="2"><reporting-org ref="GB-1" type="10">Department for International Development</reporting-org><participating-org ref="GB" type="10" role="Funding">UNITED KINGDOM</participating-org><participating-org ref="GB-1" type="10" role="Extending">Department for International Development</participating-org><participating-org ref="52000" role="Implementing">Other.</participating-org><recipient-country code="CL">Chile</recipient-country><collaboration-type code="1">Bilateral</collaboration-type><default-flow-type code="10">ODA</default-flow-type><default-aid-type code="C01">Project-type interventions</default-aid-type><default-finance-type code="110">Aid grant excluding debt reorganisation</default-finance-type><iati-identifier>GB-1-201643-101</iati-identifier><other-identifier owner-ref="GB-1" owner-name="DFID">201643-101</other-identifier><title>World Vision Tents and Operations Team Costs</title><sector code="72010">Material relief assistance and services</sector><activity-date type="end-actual">2010-09-02</activity-date><activity-date type="end-planned">2010-09-02</activity-date><activity-date type="start-actual">2010-03-02</activity-date><activity-date type="start-planned">2010-03-02</activity-date><activity-status code="4">Post-completion</activity-status><contact-info><organisation>Department for International Development</organisation><telephone>+44 (0) 1355 84 3132</telephone><email>enquiry@dfid.gov.uk</email><mailing-address>Public Enquiry Point, Abercrombie House, Eaglesham Road, East Kilbride, Glasgow G75 8EA</mailing-address></contact-info><default-tied-status code="5">Untied</default-tied-status><policy-marker code="1" vocabulary="DAC" significance="0">Gender Equality</policy-marker><policy-marker code="2" vocabulary="DAC" significance="0">Aid to Environment</policy-marker><policy-marker code="3" vocabulary="DAC" significance="0">Participatory Development/Good Governance</policy-marker><policy-marker code="4" vocabulary="DAC" significance="0">Trade Development</policy-marker><policy-marker code="5" vocabulary="DAC" significance="0">Aid Targeting the Objectives of the Convention on Biological Diversity</policy-marker><policy-marker code="6" vocabulary="DAC" significance="0">Aid Targeting the Objectives of the Framework Convention on Climate Change - Mitigation</policy-marker><policy-marker code="7" vocabulary="DAC" significance="0">Aid Targeting the Objectives of the Framework Convention on Climate Change - Adaptation</policy-marker><policy-marker code="8" vocabulary="DAC" significance="0">Aid Targeting the Objectives of the Convention to Combat Desertification</policy-marker><transaction><value value-date="2010-04-01">67780</value><transaction-type code="C">Commitment</transaction-type><transaction-date iso-date="2010-03-02">Total Commitment to 02 Sep 2010</transaction-date></transaction><transaction><value currency="GBP" value-date="2010-05-11">3872</value><transaction-type code="D">Disbursement</transaction-type><provider-org ref="GB-1">Department for International Development</provider-org><description>Aggregated spend data - Financial Year 2010 Quarter 1 (prior to 12th May 2010)</description><transaction-date iso-date="2010-05-11"/></transaction><transaction><value currency="GBP" value-date="2010-05-27">5557</value><transaction-type code="D">Disbursement</transaction-type><provider-org ref="GB-1">Department for International Development</provider-org><receiver-org ref="52000">Other.</receiver-org><description>Emergency / Humanitarian Assistance</description><transaction-date iso-date="2010-05-27"/></transaction><transaction><value currency="GBP" value-date="2010-06-30">3798</value><transaction-type code="D">Disbursement</transaction-type><provider-org ref="GB-1">Department for International Development</provider-org><receiver-org ref="52000">Other.</receiver-org><description>Emergency / Humanitarian Assistance</description><transaction-date iso-date="2010-06-30"/></transaction><transaction><value currency="GBP" value-date="2010-09-06">50433</value><transaction-type code="D">Disbursement</transaction-type><provider-org ref="GB-1">Department for International Development</provider-org><receiver-org ref="52000">Other.</receiver-org><description>Emergency / Humanitarian Assistance</description><transaction-date iso-date="2010-09-06"/></transaction><transaction><value currency="GBP" value-date="2010-10-25">3644</value><transaction-type code="D">Disbursement</transaction-type><provider-org ref="GB-1">Department for International Development</provider-org><receiver-org ref="52000">Other.</receiver-org><description>Emergency / Humanitarian Assistance</description><transaction-date iso-date="2010-10-25"/></transaction><budget type="Original"><period-start iso-date="2010-04-01"/><period-end iso-date="2011-03-31"/><value value-date="2010-04-01" currency="GBP">67780</value></budget><related-activity ref="GB-1-201643" type="1">Chile Earthquake February 2010</related-activity><related-activity ref="GB-1-201643-102" type="3">IFRC Chile Earthquake Emergency Appeal</related-activity><legacy-data name="72010 Material Relief Assistance and Services, Humanitarian (MDG Humanitarian)" value="72010" iati-equivalent="sector"/></iati-activity><iati-activity xml:lang="en" default-currency="GBP" hierarchy="2"><reporting-org ref="GB-1" type="10">Department for International Development</reporting-org><participating-org ref="GB" type="10" role="Funding">UNITED KINGDOM</participating-org><participating-org ref="GB-1" type="10" role="Extending">Department for International Development</participating-org><participating-org ref="21016" role="Implementing">International Committee of the Red Cross</participating-org><recipient-country code="CL">Chile</recipient-country><collaboration-type code="5">Aid through NGOs</collaboration-type><default-flow-type code="10">ODA</default-flow-type><default-aid-type code="C01">Project-type interventions</default-aid-type><default-finance-type code="110">Aid grant excluding debt reorganisation</default-finance-type><iati-identifier>GB-1-201643-102</iati-identifier><other-identifier owner-ref="GB-1" owner-name="DFID">201643-102</other-identifier><title>IFRC Chile Earthquake Emergency Appeal</title><sector code="72010">Material relief assistance and services</sector><activity-date type="end-actual">2010-09-02</activity-date><activity-date type="end-planned">2010-09-02</activity-date><activity-date type="start-actual">2010-03-02</activity-date><activity-date type="start-planned">2010-03-02</activity-date><activity-status code="4">Post-completion</activity-status><contact-info><organisation>Department for International Development</organisation><telephone>+44 (0) 1355 84 3132</telephone><email>enquiry@dfid.gov.uk</email><mailing-address>Public Enquiry Point, Abercrombie House, Eaglesham Road, East Kilbride, Glasgow G75 8EA</mailing-address></contact-info><default-tied-status code="5">Untied</default-tied-status><policy-marker code="1" vocabulary="DAC" significance="0">Gender Equality</policy-marker><policy-marker code="2" vocabulary="DAC" significance="0">Aid to Environment</policy-marker><policy-marker code="3" vocabulary="DAC" significance="0">Participatory Development/Good Governance</policy-marker><policy-marker code="4" vocabulary="DAC" significance="0">Trade Development</policy-marker><policy-marker code="5" vocabulary="DAC" significance="0">Aid Targeting the Objectives of the Convention on Biological Diversity</policy-marker><policy-marker code="6" vocabulary="DAC" significance="0">Aid Targeting the Objectives of the Framework Convention on Climate Change - Mitigation</policy-marker><policy-marker code="7" vocabulary="DAC" significance="0">Aid Targeting the Objectives of the Framework Convention on Climate Change - Adaptation</policy-marker><policy-marker code="8" vocabulary="DAC" significance="0">Aid Targeting the Objectives of the Convention to Combat Desertification</policy-marker><transaction><value value-date="2009-04-01">250000</value><transaction-type code="C">Commitment</transaction-type><transaction-date iso-date="2010-03-02">Total Commitment to 02 Sep 2010</transaction-date></transaction><transaction><value currency="GBP" value-date="2010-03-31">250000</value><transaction-type code="D">Disbursement</transaction-type><provider-org ref="GB-1">Department for International Development</provider-org><description>Aggregated spend data - Financial Year 2009 Quarter 4</description><transaction-date iso-date="2010-03-31"/></transaction><budget type="Original"><period-start iso-date="2009-04-01"/><period-end iso-date="2010-03-31"/><value value-date="2009-04-01" currency="GBP">250000</value></budget><related-activity ref="GB-1-201643" type="1">Chile Earthquake February 2010</related-activity><related-activity ref="GB-1-201643-101" type="3">World Vision Tents and Operations Team Costs</related-activity><legacy-data name="72010 Material Relief Assistance and Services, Humanitarian (MDG Humanitarian)" value="72010" iati-equivalent="sector"/></iati-activity></iati-activities>