<iati-activities version="1.01" generated-datetime="2013-03-28T16:48:56Z"><ir:registry-record xml:lang="en" file-id="GB-1" source-url="http://projects.dfid.gov.uk/iati/NonIATI/CP" publisher-id="GB-1" publisher-role="Funding" contact-email="ppisupport@dfid.gov.uk" donor-id="GB-1" donor-type="10" title="DFID Activity File" activity-period="All Periods" last-updated-datetime="2013-03-28T16:48:56Z" generated-datetime="2013-03-28T16:48:56Z" verification-status="1" format="xml" license="IATI" xmlns:ir="http://iatiregistry.org/ns/record#"/><iati-activity xml:lang="en" default-currency="GBP" hierarchy="1"><reporting-org ref="GB-1" type="10">Department for International Development</reporting-org><participating-org ref="GB" type="10" role="Funding">UNITED KINGDOM</participating-org><participating-org ref="GB-1" type="10" role="Extending">Department for International Development</participating-org><iati-identifier>GB-1-105806</iati-identifier><other-identifier owner-ref="GB-1" owner-name="DFID">105806</other-identifier><title>Regional Trade Standards Programme</title><description>To facilitate increased and sustainable trade in Southern Africa for the benefit of poorwomen and men in targetted horticulture and agricultural sectors</description><activity-date type="end-actual">2012-03-31</activity-date><activity-date type="end-planned">2012-03-31</activity-date><activity-date type="start-actual">2006-11-01</activity-date><activity-date type="start-planned">2006-04-01</activity-date><activity-status code="4">Post-completion</activity-status><contact-info><organisation>Department for International Development</organisation><telephone>+44 (0) 1355 84 3132</telephone><email>enquiry@dfid.gov.uk</email><mailing-address>Public Enquiry Point, Abercrombie House, Eaglesham Road, East Kilbride, Glasgow G75 8EA</mailing-address></contact-info><default-tied-status code="5">Untied</default-tied-status><related-activity ref="GB-1-105806-101" type="2">RSP COMMARK Accountable Grant</related-activity></iati-activity><iati-activity xml:lang="en" default-currency="GBP" hierarchy="2"><reporting-org ref="GB-1" type="10">Department for International Development</reporting-org><participating-org ref="GB" type="10" role="Funding">UNITED KINGDOM</participating-org><participating-org ref="GB-1" type="10" role="Extending">Department for International Development</participating-org><participating-org ref="23000" role="Implementing">Developing country-based NGO</participating-org><recipient-region>Central Africa Regional (CP)</recipient-region><collaboration-type code="5">Aid through NGOs</collaboration-type><default-flow-type code="10">ODA</default-flow-type><default-aid-type code="C01">Project-type interventions</default-aid-type><default-finance-type code="110">Aid grant excluding debt reorganisation</default-finance-type><iati-identifier>GB-1-105806-101</iati-identifier><other-identifier owner-ref="GB-1" owner-name="DFID">105806-101</other-identifier><title>RSP COMMARK Accountable Grant</title><sector code="33110" percentage="41">Trade policy and administrative management</sector><sector code="33120" percentage="39">Trade facilitation</sector><sector code="41030" percentage="20">Bio-diversity</sector><activity-date type="end-actual">2010-11-30</activity-date><activity-date type="end-planned">2010-11-30</activity-date><activity-date type="start-actual">2006-04-01</activity-date><activity-date type="start-planned">2006-04-01</activity-date><activity-status code="4">Post-completion</activity-status><contact-info><organisation>Department for International Development</organisation><telephone>+44 (0) 1355 84 3132</telephone><email>enquiry@dfid.gov.uk</email><mailing-address>Public Enquiry Point, Abercrombie House, Eaglesham Road, East Kilbride, Glasgow G75 8EA</mailing-address></contact-info><default-tied-status code="5">Untied</default-tied-status><policy-marker code="1" vocabulary="DAC" significance="0">Gender Equality</policy-marker><policy-marker code="2" vocabulary="DAC" significance="1">Aid to Environment</policy-marker><policy-marker code="3" vocabulary="DAC" significance="0">Participatory Development/Good Governance</policy-marker><policy-marker code="4" vocabulary="DAC" significance="0">Trade Development</policy-marker><policy-marker code="5" vocabulary="DAC" significance="0">Aid Targeting the Objectives of the Convention on Biological Diversity</policy-marker><policy-marker code="6" vocabulary="DAC" significance="0">Aid Targeting the Objectives of the Framework Convention on Climate Change - Mitigation</policy-marker><policy-marker code="7" vocabulary="DAC" significance="1">Aid Targeting the Objectives of the Framework Convention on Climate Change - Adaptation</policy-marker><policy-marker code="8" vocabulary="DAC" significance="0">Aid Targeting the Objectives of the Convention to Combat Desertification</policy-marker><transaction><value value-date="2010-04-01">4099911</value><transaction-type code="C">Commitment</transaction-type><transaction-date iso-date="2006-04-01">Total Commitment to 30 Nov 2010</transaction-date></transaction><transaction><value currency="GBP" value-date="2006-09-30">1264</value><transaction-type code="D">Disbursement</transaction-type><provider-org ref="GB-1">Department for International Development</provider-org><description>Aggregated spend data - Financial Year 2006 Quarter 2</description><transaction-date iso-date="2006-09-30"/></transaction><transaction><value currency="GBP" value-date="2006-12-31">36583</value><transaction-type code="D">Disbursement</transaction-type><provider-org ref="GB-1">Department for International Development</provider-org><description>Aggregated spend data - Financial Year 2006 Quarter 3</description><transaction-date iso-date="2006-12-31"/></transaction><transaction><value currency="GBP" value-date="2007-03-31">9895</value><transaction-type code="D">Disbursement</transaction-type><provider-org ref="GB-1">Department for International Development</provider-org><description>Aggregated spend data - Financial Year 2006 Quarter 4</description><transaction-date iso-date="2007-03-31"/></transaction><transaction><value currency="GBP" value-date="2007-06-30">368212</value><transaction-type code="D">Disbursement</transaction-type><provider-org ref="GB-1">Department for International Development</provider-org><description>Aggregated spend data - Financial Year 2007 Quarter 1</description><transaction-date iso-date="2007-06-30"/></transaction><transaction><value currency="GBP" value-date="2007-12-31">413941</value><transaction-type code="D">Disbursement</transaction-type><provider-org ref="GB-1">Department for International Development</provider-org><description>Aggregated spend data - Financial Year 2007 Quarter 3</description><transaction-date iso-date="2007-12-31"/></transaction><transaction><value currency="GBP" value-date="2008-03-31">250273</value><transaction-type code="D">Disbursement</transaction-type><provider-org ref="GB-1">Department for International Development</provider-org><description>Aggregated spend data - Financial Year 2007 Quarter 4</description><transaction-date iso-date="2008-03-31"/></transaction><transaction><value currency="GBP" value-date="2008-06-30">404357</value><transaction-type code="D">Disbursement</transaction-type><provider-org ref="GB-1">Department for International Development</provider-org><description>Aggregated spend data - Financial Year 2008 Quarter 1</description><transaction-date iso-date="2008-06-30"/></transaction><transaction><value currency="GBP" value-date="2008-09-30">62027</value><transaction-type code="D">Disbursement</transaction-type><provider-org ref="GB-1">Department for International Development</provider-org><description>Aggregated spend data - Financial Year 2008 Quarter 2</description><transaction-date iso-date="2008-09-30"/></transaction><transaction><value currency="GBP" value-date="2008-12-31">414389</value><transaction-type code="D">Disbursement</transaction-type><provider-org ref="GB-1">Department for International Development</provider-org><description>Aggregated spend data - Financial Year 2008 Quarter 3</description><transaction-date iso-date="2008-12-31"/></transaction><transaction><value currency="GBP" value-date="2009-03-31">600703</value><transaction-type code="D">Disbursement</transaction-type><provider-org ref="GB-1">Department for International Development</provider-org><description>Aggregated spend data - Financial Year 2008 Quarter 4</description><transaction-date iso-date="2009-03-31"/></transaction><transaction><value currency="GBP" value-date="2009-06-30">629465</value><transaction-type code="D">Disbursement</transaction-type><provider-org ref="GB-1">Department for International Development</provider-org><description>Aggregated spend data - Financial Year 2009 Quarter 1</description><transaction-date iso-date="2009-06-30"/></transaction><transaction><value currency="GBP" value-date="2009-12-31">380720</value><transaction-type code="D">Disbursement</transaction-type><provider-org ref="GB-1">Department for International Development</provider-org><description>Aggregated spend data - Financial Year 2009 Quarter 3</description><transaction-date iso-date="2009-12-31"/></transaction><transaction><value currency="GBP" value-date="2010-09-09">337078</value><transaction-type code="D">Disbursement</transaction-type><provider-org ref="GB-1">Department for International Development</provider-org><receiver-org ref="22000">Donor country-based NGO</receiver-org><description>Aid to civil society organisations / NGOs</description><transaction-date iso-date="2010-09-09"/></transaction><transaction><value currency="GBP" value-date="2010-09-16">191000</value><transaction-type code="D">Disbursement</transaction-type><provider-org ref="GB-1">Department for International Development</provider-org><receiver-org ref="21000">INTERNATIONAL NGO</receiver-org><description>Aid to civil society organisations / NGOs</description><transaction-date iso-date="2010-09-16"/></transaction><budget type="Original"><period-start iso-date="2006-04-01"/><period-end iso-date="2007-03-31"/><value value-date="2006-04-01" currency="GBP">449999</value></budget><budget type="Original"><period-start iso-date="2007-04-01"/><period-end iso-date="2008-03-31"/><value value-date="2007-04-01" currency="GBP">1087875</value></budget><budget type="Revised"><period-start iso-date="2008-04-01"/><period-end iso-date="2009-03-31"/><value value-date="2008-04-01" currency="GBP">1023772</value></budget><budget type="Revised"><period-start iso-date="2009-04-01"/><period-end iso-date="2010-03-31"/><value value-date="2009-04-01" currency="GBP">1010185</value></budget><budget type="Revised"><period-start iso-date="2010-04-01"/><period-end iso-date="2011-03-31"/><value value-date="2010-04-01" currency="GBP">528078</value></budget><related-activity ref="GB-1-105806" type="1">Regional Trade Standards Programme</related-activity><legacy-data name="33110 Trade Policy and Administrative Management (Wealth Creation)" value="33110" iati-equivalent="sector">41%</legacy-data><legacy-data name="33120 Trade Facilitation (Wealth Creation)" value="33120" iati-equivalent="sector">39%</legacy-data><legacy-data name="41032 Climate Change, Environment (Climate Change ICF)" value="41032" iati-equivalent="sector">20%</legacy-data></iati-activity><iati-activity xml:lang="en" default-currency="GBP" hierarchy="1"><reporting-org ref="GB-1" type="10">Department for International Development</reporting-org><participating-org ref="GB" type="10" role="Funding">UNITED KINGDOM</participating-org><participating-org ref="GB-1" type="10" role="Extending">Department for International Development</participating-org><iati-identifier>GB-1-203036</iati-identifier><other-identifier owner-ref="GB-1" owner-name="DFID">203036</other-identifier><title>Contribution to Global Alliance for Clean Cookstoves</title><description>Our support will contribute to the Global Alliance’s goal to catalyse a global market for clean cookstoves that will see 100 million homes adopt clean and efficient cooking stoves and fuels by 2020; and our active engagement will help influence the partnership and encourage a solid, evidence-based approach. Specifically, DFID’s 18 months contribution will trigger an initial package of priority research on: the business models, social marketing and consumer finance that could deliver clean stoves at scale; and a step change in the understanding of the health (indoor air pollution) and climate change impacts of clean cookstoves.</description><activity-date type="end-actual">2013-05-31</activity-date><activity-date type="end-planned">2013-05-31</activity-date><activity-date type="start-actual">2011-12-15</activity-date><activity-date type="start-planned">2011-12-05</activity-date><activity-status code="2">Implementation</activity-status><contact-info><organisation>Department for International Development</organisation><telephone>+44 (0) 1355 84 3132</telephone><email>enquiry@dfid.gov.uk</email><mailing-address>Public Enquiry Point, Abercrombie House, Eaglesham Road, East Kilbride, Glasgow G75 8EA</mailing-address></contact-info><default-tied-status code="5">Untied</default-tied-status><related-activity ref="GB-1-203036-101" type="2">Global Alliance core research funding</related-activity><related-activity ref="GB-1-203036-102" type="2">Clean Cookstoves Health Research (WHO)</related-activity><related-activity ref="GB-1-203036-103" type="2">Clean Cookstoves Research Management specialist  support</related-activity><document-link url="http://projects.dfid.gov.uk/IATI/document/3717059" format="application/msword"><title>Business Case and Summary 203036.docx</title><category code="A05">Budget</category><category code="A04">Conditions</category><category code="A03">Intended ultimate beneficiaries</category><category code="A02">Objectives / Purpose of activity</category><category code="A01">Pre- and post-project impact appraisal</category></document-link><document-link url="http://projects.dfid.gov.uk/IATI/document/3863423" format="application/vnd.ms-excel"><title>Logical framework 203036.xlsx</title><category code="A08">Results, outcomes and outputs</category></document-link></iati-activity><iati-activity xml:lang="en" default-currency="GBP" hierarchy="2"><reporting-org ref="GB-1" type="10">Department for International Development</reporting-org><participating-org ref="GB" type="10" role="Funding">UNITED KINGDOM</participating-org><participating-org ref="GB-1" type="10" role="Extending">Department for International Development</participating-org><participating-org ref="41000" role="Implementing">United Nations agency, fund or commission (UN)</participating-org><recipient-region>Central Africa Regional (CP)</recipient-region><collaboration-type code="1">Bilateral</collaboration-type><default-flow-type code="10">ODA</default-flow-type><default-aid-type code="C01">Project-type interventions</default-aid-type><default-finance-type code="110">Aid grant excluding debt reorganisation</default-finance-type><iati-identifier>GB-1-203036-101</iati-identifier><other-identifier owner-ref="GB-1" owner-name="DFID">203036-101</other-identifier><title>Global Alliance core research funding</title><sector code="23082" percentage="80">Energy research</sector><sector code="41030" percentage="20">Bio-diversity</sector><activity-date type="end-actual">2013-05-31</activity-date><activity-date type="end-planned">2013-05-31</activity-date><activity-date type="start-actual">2011-12-05</activity-date><activity-date type="start-planned">2011-12-05</activity-date><activity-status code="2">Implementation</activity-status><contact-info><organisation>Department for International Development</organisation><telephone>+44 (0) 1355 84 3132</telephone><email>enquiry@dfid.gov.uk</email><mailing-address>Public Enquiry Point, Abercrombie House, Eaglesham Road, East Kilbride, Glasgow G75 8EA</mailing-address></contact-info><default-tied-status code="5">Untied</default-tied-status><policy-marker code="1" vocabulary="DAC" significance="2">Gender Equality</policy-marker><policy-marker code="2" vocabulary="DAC" significance="2">Aid to Environment</policy-marker><policy-marker code="3" vocabulary="DAC" significance="0">Participatory Development/Good Governance</policy-marker><policy-marker code="4" vocabulary="DAC" significance="0">Trade Development</policy-marker><policy-marker code="5" vocabulary="DAC" significance="0">Aid Targeting the Objectives of the Convention on Biological Diversity</policy-marker><policy-marker code="6" vocabulary="DAC" significance="0">Aid Targeting the Objectives of the Framework Convention on Climate Change - Mitigation</policy-marker><policy-marker code="7" vocabulary="DAC" significance="2">Aid Targeting the Objectives of the Framework Convention on Climate Change - Adaptation</policy-marker><policy-marker code="8" vocabulary="DAC" significance="0">Aid Targeting the Objectives of the Convention to Combat Desertification</policy-marker><transaction><value value-date="2013-04-01">1500000</value><transaction-type code="C">Commitment</transaction-type><transaction-date iso-date="2011-12-05">Total Commitment to 31 May 2013</transaction-date></transaction><transaction><value currency="GBP" value-date="2012-01-06">300000</value><transaction-type code="E">Expenditure</transaction-type><provider-org ref="GB-1">Department for International Development</provider-org><receiver-org>Journal Transaction</receiver-org><description>Research &amp; Development</description><transaction-date iso-date="2012-01-06"/></transaction><transaction><value currency="GBP" value-date="2012-01-06">-300000</value><transaction-type code="E">Expenditure</transaction-type><provider-org ref="GB-1">Department for International Development</provider-org><receiver-org>Journal Transaction</receiver-org><description>Research &amp; Development</description><transaction-date iso-date="2012-01-06"/></transaction><transaction><value currency="GBP" value-date="2012-02-03">300000</value><transaction-type code="E">Expenditure</transaction-type><provider-org ref="GB-1">Department for International Development</provider-org><receiver-org>Journal Transaction</receiver-org><description>Research &amp; Development</description><transaction-date iso-date="2012-02-03"/></transaction><transaction><value currency="GBP" value-date="2012-02-03">-300000</value><transaction-type code="E">Expenditure</transaction-type><provider-org ref="GB-1">Department for International Development</provider-org><receiver-org>Journal Transaction</receiver-org><description>Research &amp; Development</description><transaction-date iso-date="2012-02-03"/></transaction><transaction><value currency="GBP" value-date="2012-02-17">300000</value><transaction-type code="E">Expenditure</transaction-type><provider-org ref="GB-1">Department for International Development</provider-org><receiver-org ref="41000">United Nations agency, fund or commission (UN)</receiver-org><description>Research &amp; Development</description><transaction-date iso-date="2012-02-17"/></transaction><transaction><value currency="GBP" value-date="2012-03-05">200000</value><transaction-type code="E">Expenditure</transaction-type><provider-org ref="GB-1">Department for International Development</provider-org><receiver-org>Journal Transaction</receiver-org><description>Research &amp; Development</description><transaction-date iso-date="2012-03-05"/></transaction><transaction><value currency="GBP" value-date="2012-03-05">-200000</value><transaction-type code="E">Expenditure</transaction-type><provider-org ref="GB-1">Department for International Development</provider-org><receiver-org>Journal Transaction</receiver-org><description>Research &amp; Development</description><transaction-date iso-date="2012-03-05"/></transaction><transaction><value currency="GBP" value-date="2012-04-05">200000</value><transaction-type code="E">Expenditure</transaction-type><provider-org ref="GB-1">Department for International Development</provider-org><receiver-org>Journal Transaction</receiver-org><description>Research &amp; Development</description><transaction-date iso-date="2012-04-05"/></transaction><transaction><value currency="GBP" value-date="2012-04-10">-200000</value><transaction-type code="E">Expenditure</transaction-type><provider-org ref="GB-1">Department for International Development</provider-org><receiver-org>Journal Transaction</receiver-org><description>Research &amp; Development</description><transaction-date iso-date="2012-04-10"/></transaction><transaction><value currency="GBP" value-date="2012-05-03">200000</value><transaction-type code="E">Expenditure</transaction-type><provider-org ref="GB-1">Department for International Development</provider-org><receiver-org>Journal Transaction</receiver-org><description>Research &amp; Development</description><transaction-date iso-date="2012-05-03"/></transaction><transaction><value currency="GBP" value-date="2012-05-03">-200000</value><transaction-type code="E">Expenditure</transaction-type><provider-org ref="GB-1">Department for International Development</provider-org><receiver-org>Journal Transaction</receiver-org><description>Research &amp; Development</description><transaction-date iso-date="2012-05-03"/></transaction><transaction><value currency="GBP" value-date="2012-06-11">200000</value><transaction-type code="E">Expenditure</transaction-type><provider-org ref="GB-1">Department for International Development</provider-org><receiver-org>Journal Transaction</receiver-org><description>Research &amp; Development</description><transaction-date iso-date="2012-06-11"/></transaction><transaction><value currency="GBP" value-date="2012-06-11">-200000</value><transaction-type code="E">Expenditure</transaction-type><provider-org ref="GB-1">Department for International Development</provider-org><receiver-org>Journal Transaction</receiver-org><description>Research &amp; Development</description><transaction-date iso-date="2012-06-11"/></transaction><transaction><value currency="GBP" value-date="2012-06-11">200000</value><transaction-type code="E">Expenditure</transaction-type><provider-org ref="GB-1">Department for International Development</provider-org><receiver-org ref="41000">United Nations agency, fund or commission (UN)</receiver-org><description>Research &amp; Development</description><transaction-date iso-date="2012-06-11"/></transaction><transaction><value currency="GBP" value-date="2012-07-03">200000</value><transaction-type code="E">Expenditure</transaction-type><provider-org ref="GB-1">Department for International Development</provider-org><receiver-org>Journal Transaction</receiver-org><description>Technical &amp; Advisory services</description><transaction-date iso-date="2012-07-03"/></transaction><transaction><value currency="GBP" value-date="2012-07-05">-200000</value><transaction-type code="E">Expenditure</transaction-type><provider-org ref="GB-1">Department for International Development</provider-org><receiver-org>Journal Transaction</receiver-org><description>Technical &amp; Advisory services</description><transaction-date iso-date="2012-07-05"/></transaction><transaction><value currency="GBP" value-date="2012-08-03">140000</value><transaction-type code="E">Expenditure</transaction-type><provider-org ref="GB-1">Department for International Development</provider-org><receiver-org>Journal Transaction</receiver-org><description>Technical &amp; Advisory services</description><transaction-date iso-date="2012-08-03"/></transaction><transaction><value currency="GBP" value-date="2012-08-03">-140000</value><transaction-type code="E">Expenditure</transaction-type><provider-org ref="GB-1">Department for International Development</provider-org><receiver-org>Journal Transaction</receiver-org><description>Technical &amp; Advisory services</description><transaction-date iso-date="2012-08-03"/></transaction><transaction><value currency="GBP" value-date="2012-09-05">140000</value><transaction-type code="E">Expenditure</transaction-type><provider-org ref="GB-1">Department for International Development</provider-org><receiver-org>Journal Transaction</receiver-org><description>Technical &amp; Advisory services</description><transaction-date iso-date="2012-09-05"/></transaction><transaction><value currency="GBP" value-date="2012-09-05">-140000</value><transaction-type code="E">Expenditure</transaction-type><provider-org ref="GB-1">Department for International Development</provider-org><receiver-org>Journal Transaction</receiver-org><description>Technical &amp; Advisory services</description><transaction-date iso-date="2012-09-05"/></transaction><transaction><value currency="GBP" value-date="2012-10-04">200000</value><transaction-type code="E">Expenditure</transaction-type><provider-org ref="GB-1">Department for International Development</provider-org><receiver-org ref="41000">United Nations agency, fund or commission (UN)</receiver-org><description>Technical &amp; Advisory services</description><transaction-date iso-date="2012-10-04"/></transaction><transaction><value currency="GBP" value-date="2012-10-04">-60000</value><transaction-type code="E">Expenditure</transaction-type><provider-org ref="GB-1">Department for International Development</provider-org><receiver-org ref="41000">United Nations agency, fund or commission (UN)</receiver-org><description>Technical &amp; Advisory services</description><transaction-date iso-date="2012-10-04"/></transaction><transaction><value currency="GBP" value-date="2012-10-04">400000</value><transaction-type code="E">Expenditure</transaction-type><provider-org ref="GB-1">Department for International Development</provider-org><receiver-org>Journal Transaction</receiver-org><description>Technical &amp; Advisory services</description><transaction-date iso-date="2012-10-04"/></transaction><transaction><value currency="GBP" value-date="2012-10-04">-400000</value><transaction-type code="E">Expenditure</transaction-type><provider-org ref="GB-1">Department for International Development</provider-org><receiver-org>Journal Transaction</receiver-org><description>Technical &amp; Advisory services</description><transaction-date iso-date="2012-10-04"/></transaction><transaction><value currency="GBP" value-date="2012-10-10">260000</value><transaction-type code="E">Expenditure</transaction-type><provider-org ref="GB-1">Department for International Development</provider-org><receiver-org ref="41000">United Nations agency, fund or commission (UN)</receiver-org><description>Technical &amp; Advisory services</description><transaction-date iso-date="2012-10-10"/></transaction><transaction><value currency="GBP" value-date="2013-01-07">200000</value><transaction-type code="E">Expenditure</transaction-type><provider-org ref="GB-1">Department for International Development</provider-org><receiver-org>Journal Transaction</receiver-org><description>Technical &amp; Advisory services</description><transaction-date iso-date="2013-01-07"/></transaction><transaction><value currency="GBP" value-date="2013-01-07">-200000</value><transaction-type code="E">Expenditure</transaction-type><provider-org ref="GB-1">Department for International Development</provider-org><receiver-org>Journal Transaction</receiver-org><description>Technical &amp; Advisory services</description><transaction-date iso-date="2013-01-07"/></transaction><transaction><value currency="GBP" value-date="2013-02-05">200000</value><transaction-type code="E">Expenditure</transaction-type><provider-org ref="GB-1">Department for International Development</provider-org><receiver-org>Journal Transaction</receiver-org><description>Technical &amp; Advisory services</description><transaction-date iso-date="2013-02-05"/></transaction><transaction><value currency="GBP" value-date="2013-02-05">-200000</value><transaction-type code="E">Expenditure</transaction-type><provider-org ref="GB-1">Department for International Development</provider-org><receiver-org>Journal Transaction</receiver-org><description>Technical &amp; Advisory services</description><transaction-date iso-date="2013-02-05"/></transaction><budget type="Revised"><period-start iso-date="2011-04-01"/><period-end iso-date="2012-03-31"/><value value-date="2011-04-01" currency="GBP">500000</value></budget><budget type="Revised"><period-start iso-date="2012-04-01"/><period-end iso-date="2013-03-31"/><value value-date="2012-04-01" currency="GBP">800000</value></budget><budget type="Original"><period-start iso-date="2013-04-01"/><period-end iso-date="2014-03-31"/><value value-date="2013-04-01" currency="GBP">200000</value></budget><related-activity ref="GB-1-203036" type="1">Contribution to Global Alliance for Clean Cookstoves</related-activity><related-activity ref="GB-1-203036-102" type="3">Clean Cookstoves Health Research (WHO)</related-activity><related-activity ref="GB-1-203036-103" type="3">Clean Cookstoves Research Management specialist  support</related-activity><legacy-data name="41032 Climate Change, Environment (Climate Change ICF)" value="41032" iati-equivalent="sector">20%</legacy-data><legacy-data name="80019 Energy Research (Global Partnerships)" value="80019" iati-equivalent="sector">80%</legacy-data></iati-activity><iati-activity xml:lang="en" default-currency="GBP" hierarchy="2"><reporting-org ref="GB-1" type="10">Department for International Development</reporting-org><participating-org ref="GB" type="10" role="Funding">UNITED KINGDOM</participating-org><participating-org ref="GB-1" type="10" role="Extending">Department for International Development</participating-org><participating-org ref="41143" role="Implementing">World Health Organisation - core voluntary contributions account</participating-org><recipient-region>Central Africa Regional (CP)</recipient-region><collaboration-type code="1">Bilateral</collaboration-type><default-flow-type code="10">ODA</default-flow-type><default-aid-type code="C01">Project-type interventions</default-aid-type><default-finance-type code="110">Aid grant excluding debt reorganisation</default-finance-type><iati-identifier>GB-1-203036-102</iati-identifier><other-identifier owner-ref="GB-1" owner-name="DFID">203036-102</other-identifier><title>Clean Cookstoves Health Research (WHO)</title><sector code="12182">Medical research</sector><activity-date type="end-actual">2013-05-31</activity-date><activity-date type="end-planned">2013-05-31</activity-date><activity-date type="start-actual">2011-12-05</activity-date><activity-date type="start-planned">2011-12-05</activity-date><activity-status code="2">Implementation</activity-status><contact-info><organisation>Department for International Development</organisation><telephone>+44 (0) 1355 84 3132</telephone><email>enquiry@dfid.gov.uk</email><mailing-address>Public Enquiry Point, Abercrombie House, Eaglesham Road, East Kilbride, Glasgow G75 8EA</mailing-address></contact-info><default-tied-status code="5">Untied</default-tied-status><policy-marker code="1" vocabulary="DAC" significance="2">Gender Equality</policy-marker><policy-marker code="2" vocabulary="DAC" significance="2">Aid to Environment</policy-marker><policy-marker code="3" vocabulary="DAC" significance="0">Participatory Development/Good Governance</policy-marker><policy-marker code="4" vocabulary="DAC" significance="0">Trade Development</policy-marker><policy-marker code="5" vocabulary="DAC" significance="0">Aid Targeting the Objectives of the Convention on Biological Diversity</policy-marker><policy-marker code="6" vocabulary="DAC" significance="0">Aid Targeting the Objectives of the Framework Convention on Climate Change - Mitigation</policy-marker><policy-marker code="7" vocabulary="DAC" significance="0">Aid Targeting the Objectives of the Framework Convention on Climate Change - Adaptation</policy-marker><policy-marker code="8" vocabulary="DAC" significance="0">Aid Targeting the Objectives of the Convention to Combat Desertification</policy-marker><transaction><value value-date="2013-04-01">200000</value><transaction-type code="C">Commitment</transaction-type><transaction-date iso-date="2011-12-05">Total Commitment to 31 May 2013</transaction-date></transaction><transaction><value currency="GBP" value-date="2012-03-05">50000</value><transaction-type code="D">Disbursement</transaction-type><provider-org ref="GB-1">Department for International Development</provider-org><receiver-org>Journal Transaction</receiver-org><description>Aid to other bilateral donors</description><transaction-date iso-date="2012-03-05"/></transaction><transaction><value currency="GBP" value-date="2012-03-05">-50000</value><transaction-type code="D">Disbursement</transaction-type><provider-org ref="GB-1">Department for International Development</provider-org><receiver-org>Journal Transaction</receiver-org><description>Aid to other bilateral donors</description><transaction-date iso-date="2012-03-05"/></transaction><transaction><value currency="GBP" value-date="2012-03-14">50000</value><transaction-type code="D">Disbursement</transaction-type><provider-org ref="GB-1">Department for International Development</provider-org><receiver-org ref="41143">World Health Organisation - core voluntary contributions account</receiver-org><description>Aid to other bilateral donors</description><transaction-date iso-date="2012-03-14"/></transaction><transaction><value currency="GBP" value-date="2012-08-03">60000</value><transaction-type code="D">Disbursement</transaction-type><provider-org ref="GB-1">Department for International Development</provider-org><receiver-org>Journal Transaction</receiver-org><description>Aid to other bilateral donors</description><transaction-date iso-date="2012-08-03"/></transaction><transaction><value currency="GBP" value-date="2012-08-03">-60000</value><transaction-type code="D">Disbursement</transaction-type><provider-org ref="GB-1">Department for International Development</provider-org><receiver-org>Journal Transaction</receiver-org><description>Aid to other bilateral donors</description><transaction-date iso-date="2012-08-03"/></transaction><transaction><value currency="GBP" value-date="2012-08-27">60000</value><transaction-type code="D">Disbursement</transaction-type><provider-org ref="GB-1">Department for International Development</provider-org><receiver-org ref="41143">World Health Organisation - core voluntary contributions account</receiver-org><description>Aid to other bilateral donors</description><transaction-date iso-date="2012-08-27"/></transaction><transaction><value currency="GBP" value-date="2012-09-05">30000</value><transaction-type code="D">Disbursement</transaction-type><provider-org ref="GB-1">Department for International Development</provider-org><receiver-org>Journal Transaction</receiver-org><description>Aid to other bilateral donors</description><transaction-date iso-date="2012-09-05"/></transaction><transaction><value currency="GBP" value-date="2012-09-05">-30000</value><transaction-type code="D">Disbursement</transaction-type><provider-org ref="GB-1">Department for International Development</provider-org><receiver-org>Journal Transaction</receiver-org><description>Aid to other bilateral donors</description><transaction-date iso-date="2012-09-05"/></transaction><transaction><value currency="GBP" value-date="2012-09-10">30000</value><transaction-type code="D">Disbursement</transaction-type><provider-org ref="GB-1">Department for International Development</provider-org><receiver-org ref="41143">World Health Organisation - core voluntary contributions account</receiver-org><description>Aid to other bilateral donors</description><transaction-date iso-date="2012-09-10"/></transaction><transaction><value currency="GBP" value-date="2012-12-05">30000</value><transaction-type code="D">Disbursement</transaction-type><provider-org ref="GB-1">Department for International Development</provider-org><receiver-org>Journal Transaction</receiver-org><description>Aid to other bilateral donors</description><transaction-date iso-date="2012-12-05"/></transaction><transaction><value currency="GBP" value-date="2012-12-05">-30000</value><transaction-type code="D">Disbursement</transaction-type><provider-org ref="GB-1">Department for International Development</provider-org><receiver-org>Journal Transaction</receiver-org><description>Aid to other bilateral donors</description><transaction-date iso-date="2012-12-05"/></transaction><transaction><value currency="GBP" value-date="2012-12-06">30000</value><transaction-type code="D">Disbursement</transaction-type><provider-org ref="GB-1">Department for International Development</provider-org><receiver-org ref="41143">World Health Organisation - core voluntary contributions account</receiver-org><description>Aid to other bilateral donors</description><transaction-date iso-date="2012-12-06"/></transaction><budget type="Original"><period-start iso-date="2011-04-01"/><period-end iso-date="2012-03-31"/><value value-date="2011-04-01" currency="GBP">50000</value></budget><budget type="Revised"><period-start iso-date="2012-04-01"/><period-end iso-date="2013-03-31"/><value value-date="2012-04-01" currency="GBP">120000</value></budget><budget type="Original"><period-start iso-date="2013-04-01"/><period-end iso-date="2014-03-31"/><value value-date="2013-04-01" currency="GBP">30000</value></budget><related-activity ref="GB-1-203036" type="1">Contribution to Global Alliance for Clean Cookstoves</related-activity><related-activity ref="GB-1-203036-101" type="3">Global Alliance core research funding</related-activity><related-activity ref="GB-1-203036-103" type="3">Clean Cookstoves Research Management specialist  support</related-activity><legacy-data name="80012 Health Research (Global Partnerships)" value="80012" iati-equivalent="sector"/></iati-activity><iati-activity xml:lang="en" default-currency="GBP" hierarchy="2"><reporting-org ref="GB-1" type="10">Department for International Development</reporting-org><participating-org ref="GB" type="10" role="Funding">UNITED KINGDOM</participating-org><participating-org ref="GB-1" type="10" role="Extending">Department for International Development</participating-org><recipient-region>Central Africa Regional (CP)</recipient-region><collaboration-type code="1">Bilateral</collaboration-type><default-flow-type code="10">ODA</default-flow-type><default-aid-type code="C01">Project-type interventions</default-aid-type><iati-identifier>GB-1-203036-103</iati-identifier><other-identifier owner-ref="GB-1" owner-name="DFID">203036-103</other-identifier><title>Clean Cookstoves Research Management specialist  support</title><sector code="23082">Energy research</sector><activity-date type="end-actual">2013-05-31</activity-date><activity-date type="end-planned">2013-05-31</activity-date><activity-date type="start-actual">2011-12-05</activity-date><activity-date type="start-planned">2011-12-05</activity-date><activity-status code="2">Implementation</activity-status><contact-info><organisation>Department for International Development</organisation><telephone>+44 (0) 1355 84 3132</telephone><email>enquiry@dfid.gov.uk</email><mailing-address>Public Enquiry Point, Abercrombie House, Eaglesham Road, East Kilbride, Glasgow G75 8EA</mailing-address></contact-info><default-tied-status code="5">Untied</default-tied-status><policy-marker code="1" vocabulary="DAC" significance="2">Gender Equality</policy-marker><policy-marker code="2" vocabulary="DAC" significance="2">Aid to Environment</policy-marker><policy-marker code="3" vocabulary="DAC" significance="0">Participatory Development/Good Governance</policy-marker><policy-marker code="4" vocabulary="DAC" significance="0">Trade Development</policy-marker><policy-marker code="5" vocabulary="DAC" significance="0">Aid Targeting the Objectives of the Convention on Biological Diversity</policy-marker><policy-marker code="6" vocabulary="DAC" significance="0">Aid Targeting the Objectives of the Framework Convention on Climate Change - Mitigation</policy-marker><policy-marker code="7" vocabulary="DAC" significance="2">Aid Targeting the Objectives of the Framework Convention on Climate Change - Adaptation</policy-marker><policy-marker code="8" vocabulary="DAC" significance="0">Aid Targeting the Objectives of the Convention to Combat Desertification</policy-marker><transaction><value value-date="2013-04-01">100000</value><transaction-type code="C">Commitment</transaction-type><transaction-date iso-date="2011-12-05">Total Commitment to 31 May 2013</transaction-date></transaction><budget type="Revised"><period-start iso-date="2012-04-01"/><period-end iso-date="2013-03-31"/><value value-date="2012-04-01" currency="GBP">80000</value></budget><budget type="Original"><period-start iso-date="2013-04-01"/><period-end iso-date="2014-03-31"/><value value-date="2013-04-01" currency="GBP">20000</value></budget><related-activity ref="GB-1-203036" type="1">Contribution to Global Alliance for Clean Cookstoves</related-activity><related-activity ref="GB-1-203036-101" type="3">Global Alliance core research funding</related-activity><related-activity ref="GB-1-203036-102" type="3">Clean Cookstoves Health Research (WHO)</related-activity><legacy-data name="80019 Energy Research (Global Partnerships)" value="80019" iati-equivalent="sector"/></iati-activity></iati-activities>