<iati-activities version="1.01" generated-datetime="2013-03-28T16:48:56Z"><ir:registry-record xml:lang="en" file-id="GB-1" source-url="http://projects.dfid.gov.uk/iati/Country/CV" publisher-id="GB-1" publisher-role="Funding" contact-email="ppisupport@dfid.gov.uk" donor-id="GB-1" donor-type="10" title="DFID Activity File" activity-period="All Periods" last-updated-datetime="2013-03-28T16:48:56Z" generated-datetime="2013-03-28T16:48:56Z" verification-status="1" format="xml" license="IATI" xmlns:ir="http://iatiregistry.org/ns/record#"/><iati-activity xml:lang="en" default-currency="GBP" hierarchy="1"><reporting-org ref="GB-1" type="10">Department for International Development</reporting-org><participating-org ref="GB" type="10" role="Funding">UNITED KINGDOM</participating-org><participating-org ref="GB-1" type="10" role="Extending">Department for International Development</participating-org><iati-identifier>GB-1-102908</iati-identifier><other-identifier owner-ref="GB-1" owner-name="DFID">102908</other-identifier><title>UK Multilateral Debt Relief Initiative (UK MDRI) - CAPE Verde</title><description>UK debt relief for qualifying countries to help achieve the Millennium Development Goals.</description><activity-date type="end-actual">2015-12-10</activity-date><activity-date type="end-planned">2015-12-10</activity-date><activity-date type="start-actual">2006-08-25</activity-date><activity-date type="start-planned">2006-08-25</activity-date><activity-status code="4">Post-completion</activity-status><contact-info><organisation>Department for International Development</organisation><telephone>+44 (0) 1355 84 3132</telephone><email>enquiry@dfid.gov.uk</email><mailing-address>Public Enquiry Point, Abercrombie House, Eaglesham Road, East Kilbride, Glasgow G75 8EA</mailing-address></contact-info><default-tied-status code="5">Untied</default-tied-status><related-activity ref="GB-1-102908-101" type="2">UK Multilateral Debt Relief Initiative (UK MDRI) - CAPE Verde</related-activity></iati-activity><iati-activity xml:lang="en" default-currency="GBP" hierarchy="2"><reporting-org ref="GB-1" type="10">Department for International Development</reporting-org><participating-org ref="GB" type="10" role="Funding">UNITED KINGDOM</participating-org><participating-org ref="GB-1" type="10" role="Extending">Department for International Development</participating-org><participating-org ref="52000" role="Implementing">Other.</participating-org><recipient-country code="CV">Cape Verde</recipient-country><collaboration-type code="1">Bilateral</collaboration-type><default-flow-type code="10">ODA</default-flow-type><default-aid-type code="F01">Debt relief</default-aid-type><iati-identifier>GB-1-102908-101</iati-identifier><other-identifier owner-ref="GB-1" owner-name="DFID">102908-101</other-identifier><title>UK Multilateral Debt Relief Initiative (UK MDRI) - CAPE Verde</title><sector code="60010">Actions relating to debt</sector><activity-date type="end-actual">2015-12-01</activity-date><activity-date type="end-planned">2015-12-01</activity-date><activity-date type="start-actual">2006-08-25</activity-date><activity-date type="start-planned">2006-08-25</activity-date><activity-status code="4">Post-completion</activity-status><contact-info><organisation>Department for International Development</organisation><telephone>+44 (0) 1355 84 3132</telephone><email>enquiry@dfid.gov.uk</email><mailing-address>Public Enquiry Point, Abercrombie House, Eaglesham Road, East Kilbride, Glasgow G75 8EA</mailing-address></contact-info><default-tied-status code="5">Untied</default-tied-status><policy-marker code="1" vocabulary="DAC" significance="0">Gender Equality</policy-marker><policy-marker code="2" vocabulary="DAC" significance="0">Aid to Environment</policy-marker><policy-marker code="3" vocabulary="DAC" significance="0">Participatory Development/Good Governance</policy-marker><policy-marker code="4" vocabulary="DAC" significance="0">Trade Development</policy-marker><policy-marker code="5" vocabulary="DAC" significance="0">Aid Targeting the Objectives of the Convention on Biological Diversity</policy-marker><policy-marker code="6" vocabulary="DAC" significance="0">Aid Targeting the Objectives of the Framework Convention on Climate Change - Mitigation</policy-marker><policy-marker code="7" vocabulary="DAC" significance="0">Aid Targeting the Objectives of the Framework Convention on Climate Change - Adaptation</policy-marker><policy-marker code="8" vocabulary="DAC" significance="0">Aid Targeting the Objectives of the Convention to Combat Desertification</policy-marker><transaction><value value-date="2011-04-01">2658782</value><transaction-type code="C">Commitment</transaction-type><transaction-date iso-date="2006-08-25">Total Commitment to 01 Dec 2015</transaction-date></transaction><transaction><value currency="GBP" value-date="2006-09-30">286600</value><transaction-type code="D">Disbursement</transaction-type><provider-org ref="GB-1">Department for International Development</provider-org><description>Aggregated spend data - Financial Year 2006 Quarter 2</description><transaction-date iso-date="2006-09-30"/></transaction><transaction><value currency="GBP" value-date="2007-03-31">135191</value><transaction-type code="D">Disbursement</transaction-type><provider-org ref="GB-1">Department for International Development</provider-org><description>Aggregated spend data - Financial Year 2006 Quarter 4</description><transaction-date iso-date="2007-03-31"/></transaction><transaction><value currency="GBP" value-date="2007-09-30">134941</value><transaction-type code="D">Disbursement</transaction-type><provider-org ref="GB-1">Department for International Development</provider-org><description>Aggregated spend data - Financial Year 2007 Quarter 2</description><transaction-date iso-date="2007-09-30"/></transaction><transaction><value currency="GBP" value-date="2008-03-31">-4839</value><transaction-type code="D">Disbursement</transaction-type><provider-org ref="GB-1">Department for International Development</provider-org><description>Aggregated spend data - Financial Year 2007 Quarter 4</description><transaction-date iso-date="2008-03-31"/></transaction><transaction><value currency="GBP" value-date="2008-12-31">448668</value><transaction-type code="D">Disbursement</transaction-type><provider-org ref="GB-1">Department for International Development</provider-org><description>Aggregated spend data - Financial Year 2008 Quarter 3</description><transaction-date iso-date="2008-12-31"/></transaction><transaction><value currency="GBP" value-date="2009-09-30">456407</value><transaction-type code="D">Disbursement</transaction-type><provider-org ref="GB-1">Department for International Development</provider-org><description>Aggregated spend data - Financial Year 2009 Quarter 2</description><transaction-date iso-date="2009-09-30"/></transaction><transaction><value currency="GBP" value-date="2010-08-18">581388</value><transaction-type code="D">Disbursement</transaction-type><provider-org ref="GB-1">Department for International Development</provider-org><receiver-org ref="52000">Other.</receiver-org><description>Debt Relief</description><transaction-date iso-date="2010-08-18"/></transaction><transaction><value currency="GBP" value-date="2012-02-07">620424</value><transaction-type code="D">Disbursement</transaction-type><provider-org ref="GB-1">Department for International Development</provider-org><receiver-org ref="52000">Other.</receiver-org><description>Debt Relief</description><transaction-date iso-date="2012-02-07"/></transaction><budget type="Original"><period-start iso-date="2006-04-01"/><period-end iso-date="2007-03-31"/><value value-date="2006-04-01" currency="GBP">421791</value></budget><budget type="Revised"><period-start iso-date="2007-04-01"/><period-end iso-date="2008-03-31"/><value value-date="2007-04-01" currency="GBP">130101</value></budget><budget type="Revised"><period-start iso-date="2008-04-01"/><period-end iso-date="2009-03-31"/><value value-date="2008-04-01" currency="GBP">448668</value></budget><budget type="Revised"><period-start iso-date="2009-04-01"/><period-end iso-date="2010-03-31"/><value value-date="2009-04-01" currency="GBP">456407</value></budget><budget type="Revised"><period-start iso-date="2010-04-01"/><period-end iso-date="2011-03-31"/><value value-date="2010-04-01" currency="GBP">581388</value></budget><budget type="Revised"><period-start iso-date="2011-04-01"/><period-end iso-date="2012-03-31"/><value value-date="2011-04-01" currency="GBP">620424</value></budget><related-activity ref="GB-1-102908" type="1">UK Multilateral Debt Relief Initiative (UK MDRI) - CAPE Verde</related-activity><legacy-data name="60010 Action Relating to Debt (Wealth Creation)" value="60010" iati-equivalent="sector"/></iati-activity></iati-activities>