<iati-activities version="1.01" generated-datetime="2013-03-28T16:48:56Z"><ir:registry-record xml:lang="en" file-id="GB-1" source-url="http://projects.dfid.gov.uk/iati/NonIATI/EA" publisher-id="GB-1" publisher-role="Funding" contact-email="ppisupport@dfid.gov.uk" donor-id="GB-1" donor-type="10" title="DFID Activity File" activity-period="All Periods" last-updated-datetime="2013-03-28T16:48:56Z" generated-datetime="2013-03-28T16:48:56Z" verification-status="1" format="xml" license="IATI" xmlns:ir="http://iatiregistry.org/ns/record#"/><iati-activity xml:lang="en" default-currency="GBP" hierarchy="1"><reporting-org ref="GB-1" type="10">Department for International Development</reporting-org><participating-org ref="GB" type="10" role="Funding">UNITED KINGDOM</participating-org><participating-org ref="GB-1" type="10" role="Extending">Department for International Development</participating-org><iati-identifier>GB-1-200092</iati-identifier><other-identifier owner-ref="GB-1" owner-name="DFID">200092</other-identifier><title>Regional East African Integration Programme (Reap) - 2008-2013</title><description>Greater regional economic and social integration in East Africa</description><activity-date type="end-actual">2013-09-30</activity-date><activity-date type="end-planned">2013-09-30</activity-date><activity-date type="start-actual">2008-11-20</activity-date><activity-date type="start-planned">2008-05-01</activity-date><activity-status code="2">Implementation</activity-status><contact-info><organisation>Department for International Development</organisation><telephone>+44 (0) 1355 84 3132</telephone><email>enquiry@dfid.gov.uk</email><mailing-address>Public Enquiry Point, Abercrombie House, Eaglesham Road, East Kilbride, Glasgow G75 8EA</mailing-address></contact-info><default-tied-status code="5">Untied</default-tied-status><related-activity ref="GB-1-200092-101" type="2">Reap- Project Design</related-activity><related-activity ref="GB-1-200092-102" type="2">REAP Implementation budget</related-activity><related-activity ref="GB-1-200092-103" type="2">EAC Contribution</related-activity><related-activity ref="GB-1-200092-104" type="2">Reap- MOU Rwanda Revenue Authority</related-activity><related-activity ref="GB-1-200092-105" type="2">REAO-Trademark East Africa</related-activity><related-activity ref="GB-1-200092-107" type="2">Reap-International Organisation for Migration MOU</related-activity><related-activity ref="GB-1-200092-109" type="2">Reap-Kenya Ministry of East African Cooperation: ODI Fellow 2009-11</related-activity><related-activity ref="GB-1-200092-110" type="2">Reap-MOU Support to USAID</related-activity><related-activity ref="GB-1-200092-112" type="2">Reap -Contribution to Trademark East Africa</related-activity><related-activity ref="GB-1-200092-113" type="2">Transfered to component 115</related-activity><related-activity ref="GB-1-200092-114" type="2">Reap - Moses OCHIENG' FSD</related-activity></iati-activity><iati-activity xml:lang="en" default-currency="GBP" hierarchy="2"><reporting-org ref="GB-1" type="10">Department for International Development</reporting-org><participating-org ref="GB" type="10" role="Funding">UNITED KINGDOM</participating-org><participating-org ref="GB-1" type="10" role="Extending">Department for International Development</participating-org><participating-org ref="50000" role="Implementing">OTHER</participating-org><recipient-region>East Africa (EA)</recipient-region><collaboration-type code="1">Bilateral</collaboration-type><default-flow-type code="10">ODA</default-flow-type><default-aid-type code="C01">Project-type interventions</default-aid-type><default-finance-type code="110">Aid grant excluding debt reorganisation</default-finance-type><iati-identifier>GB-1-200092-103</iati-identifier><other-identifier owner-ref="GB-1" owner-name="DFID">200092-103</other-identifier><title>EAC Contribution</title><sector code="33130" percentage="50">Regional trade agreements (RTAs)</sector><sector code="21010" percentage="25">Transport policy and administrative management</sector><sector code="32130" percentage="10">Small and medium-sized enterprises (SME) development</sector><sector code="24010" percentage="8">Financial policy and administrative management</sector><sector code="16010" percentage="7">Social/welfare services</sector><activity-date type="end-actual">2013-06-30</activity-date><activity-date type="end-planned">2013-06-30</activity-date><activity-date type="start-actual">2008-05-01</activity-date><activity-date type="start-planned">2008-05-01</activity-date><activity-status code="2">Implementation</activity-status><contact-info><organisation>Department for International Development</organisation><telephone>+44 (0) 1355 84 3132</telephone><email>enquiry@dfid.gov.uk</email><mailing-address>Public Enquiry Point, Abercrombie House, Eaglesham Road, East Kilbride, Glasgow G75 8EA</mailing-address></contact-info><default-tied-status code="5">Untied</default-tied-status><policy-marker code="1" vocabulary="DAC" significance="0">Gender Equality</policy-marker><policy-marker code="2" vocabulary="DAC" significance="1">Aid to Environment</policy-marker><policy-marker code="3" vocabulary="DAC" significance="0">Participatory Development/Good Governance</policy-marker><policy-marker code="4" vocabulary="DAC" significance="0">Trade Development</policy-marker><policy-marker code="5" vocabulary="DAC" significance="0">Aid Targeting the Objectives of the Convention on Biological Diversity</policy-marker><policy-marker code="6" vocabulary="DAC" significance="0">Aid Targeting the Objectives of the Framework Convention on Climate Change - Mitigation</policy-marker><policy-marker code="7" vocabulary="DAC" significance="0">Aid Targeting the Objectives of the Framework Convention on Climate Change - Adaptation</policy-marker><policy-marker code="8" vocabulary="DAC" significance="0">Aid Targeting the Objectives of the Convention to Combat Desertification</policy-marker><transaction><value value-date="2011-04-01">5100000</value><transaction-type code="C">Commitment</transaction-type><transaction-date iso-date="2008-05-01">Total Commitment to 30 Jun 2013</transaction-date></transaction><transaction><value currency="GBP" value-date="2009-03-31">850000</value><transaction-type code="D">Disbursement</transaction-type><provider-org ref="GB-1">Department for International Development</provider-org><description>Aggregated spend data - Financial Year 2008 Quarter 4</description><transaction-date iso-date="2009-03-31"/></transaction><transaction><value currency="GBP" value-date="2009-09-30">850000</value><transaction-type code="D">Disbursement</transaction-type><provider-org ref="GB-1">Department for International Development</provider-org><description>Aggregated spend data - Financial Year 2009 Quarter 2</description><transaction-date iso-date="2009-09-30"/></transaction><transaction><value currency="GBP" value-date="2010-03-31">422651</value><transaction-type code="D">Disbursement</transaction-type><provider-org ref="GB-1">Department for International Development</provider-org><description>Aggregated spend data - Financial Year 2009 Quarter 4</description><transaction-date iso-date="2010-03-31"/></transaction><transaction><value currency="GBP" value-date="2010-05-11">427348</value><transaction-type code="D">Disbursement</transaction-type><provider-org ref="GB-1">Department for International Development</provider-org><description>Aggregated spend data - Financial Year 2010 Quarter 1 (prior to 12th May 2010)</description><transaction-date iso-date="2010-05-11"/></transaction><transaction><value currency="GBP" value-date="2010-06-22">850000</value><transaction-type code="D">Disbursement</transaction-type><provider-org ref="GB-1">Department for International Development</provider-org><receiver-org ref="50000">OTHER</receiver-org><description>Aid to civil society organisations / NGOs</description><transaction-date iso-date="2010-06-22"/></transaction><transaction><value currency="GBP" value-date="2011-02-01">850000</value><transaction-type code="D">Disbursement</transaction-type><provider-org ref="GB-1">Department for International Development</provider-org><receiver-org ref="50000">OTHER</receiver-org><description>Aid to civil society organisations / NGOs</description><transaction-date iso-date="2011-02-01"/></transaction><transaction><value currency="GBP" value-date="2011-04-26">-425000</value><transaction-type code="D">Disbursement</transaction-type><provider-org ref="GB-1">Department for International Development</provider-org><receiver-org>Journal Transaction</receiver-org><description>Aid to civil society organisations / NGOs</description><transaction-date iso-date="2011-04-26"/></transaction><transaction><value currency="GBP" value-date="2011-04-28">425000</value><transaction-type code="D">Disbursement</transaction-type><provider-org ref="GB-1">Department for International Development</provider-org><receiver-org>Journal Transaction</receiver-org><description>Aid to civil society organisations / NGOs</description><transaction-date iso-date="2011-04-28"/></transaction><transaction><value currency="GBP" value-date="2011-07-22">850000</value><transaction-type code="D">Disbursement</transaction-type><provider-org ref="GB-1">Department for International Development</provider-org><receiver-org ref="50000">OTHER</receiver-org><description>Aid to civil society organisations / NGOs</description><transaction-date iso-date="2011-07-22"/></transaction><budget type="Revised"><period-start iso-date="2008-04-01"/><period-end iso-date="2009-03-31"/><value value-date="2008-04-01" currency="GBP">850000</value></budget><budget type="Revised"><period-start iso-date="2009-04-01"/><period-end iso-date="2010-03-31"/><value value-date="2009-04-01" currency="GBP">1272651</value></budget><budget type="Revised"><period-start iso-date="2010-04-01"/><period-end iso-date="2011-03-31"/><value value-date="2010-04-01" currency="GBP">1702348</value></budget><budget type="Revised"><period-start iso-date="2011-04-01"/><period-end iso-date="2012-03-31"/><value value-date="2011-04-01" currency="GBP">1275000</value></budget><related-activity ref="GB-1-200092" type="1">Regional East African Integration Programme (Reap) - 2008-2013</related-activity><related-activity ref="GB-1-200092-101" type="3">Reap- Project Design</related-activity><related-activity ref="GB-1-200092-102" type="3">REAP Implementation budget</related-activity><related-activity ref="GB-1-200092-104" type="3">Reap- MOU Rwanda Revenue Authority</related-activity><related-activity ref="GB-1-200092-105" type="3">REAO-Trademark East Africa</related-activity><related-activity ref="GB-1-200092-107" type="3">Reap-International Organisation for Migration MOU</related-activity><related-activity ref="GB-1-200092-109" type="3">Reap-Kenya Ministry of East African Cooperation: ODI Fellow 2009-11</related-activity><related-activity ref="GB-1-200092-110" type="3">Reap-MOU Support to USAID</related-activity><related-activity ref="GB-1-200092-112" type="3">Reap -Contribution to Trademark East Africa</related-activity><related-activity ref="GB-1-200092-113" type="3">Transfered to component 115</related-activity><related-activity ref="GB-1-200092-114" type="3">Reap - Moses OCHIENG' FSD</related-activity><legacy-data name="16012 Social Other, Social infrastructure and Services (MDG Poverty, Hunger and Vulnerability)" value="16012" iati-equivalent="sector">7%</legacy-data><legacy-data name="21010 Transport Policy and Administrative Management (Wealth Creation)" value="21010" iati-equivalent="sector">25%</legacy-data><legacy-data name="24010 Financial Policy and Administrative Management (Wealth Creation)" value="24010" iati-equivalent="sector">8%</legacy-data><legacy-data name="32130 Small and Medium-Sized Enterprises (SME): Development (Wealth Creation)" value="32130" iati-equivalent="sector">10%</legacy-data><legacy-data name="33130 Regional Trade Agreements (RTAs) (Wealth Creation)" value="33130" iati-equivalent="sector">50%</legacy-data></iati-activity><iati-activity xml:lang="en" default-currency="GBP" hierarchy="2"><reporting-org ref="GB-1" type="10">Department for International Development</reporting-org><participating-org ref="GB" type="10" role="Funding">UNITED KINGDOM</participating-org><participating-org ref="GB-1" type="10" role="Extending">Department for International Development</participating-org><participating-org ref="47066" role="Implementing">International Organisation for Migration</participating-org><recipient-region>East Africa (EA)</recipient-region><collaboration-type code="1">Bilateral</collaboration-type><default-flow-type code="10">ODA</default-flow-type><default-aid-type code="C01">Project-type interventions</default-aid-type><default-finance-type code="110">Aid grant excluding debt reorganisation</default-finance-type><iati-identifier>GB-1-200092-107</iati-identifier><other-identifier owner-ref="GB-1" owner-name="DFID">200092-107</other-identifier><title>Reap-International Organisation for Migration MOU</title><sector code="33110" percentage="50">Trade policy and administrative management</sector><sector code="21010" percentage="25">Transport policy and administrative management</sector><sector code="32130" percentage="10">Small and medium-sized enterprises (SME) development</sector><sector code="24010" percentage="8">Financial policy and administrative management</sector><sector code="16010" percentage="7">Social/welfare services</sector><activity-date type="end-actual">2013-06-30</activity-date><activity-date type="end-planned">2013-06-30</activity-date><activity-date type="start-actual">2008-05-01</activity-date><activity-date type="start-planned">2008-05-01</activity-date><activity-status code="2">Implementation</activity-status><contact-info><organisation>Department for International Development</organisation><telephone>+44 (0) 1355 84 3132</telephone><email>enquiry@dfid.gov.uk</email><mailing-address>Public Enquiry Point, Abercrombie House, Eaglesham Road, East Kilbride, Glasgow G75 8EA</mailing-address></contact-info><default-tied-status code="5">Untied</default-tied-status><policy-marker code="1" vocabulary="DAC" significance="0">Gender Equality</policy-marker><policy-marker code="2" vocabulary="DAC" significance="1">Aid to Environment</policy-marker><policy-marker code="3" vocabulary="DAC" significance="0">Participatory Development/Good Governance</policy-marker><policy-marker code="4" vocabulary="DAC" significance="0">Trade Development</policy-marker><policy-marker code="5" vocabulary="DAC" significance="0">Aid Targeting the Objectives of the Convention on Biological Diversity</policy-marker><policy-marker code="6" vocabulary="DAC" significance="0">Aid Targeting the Objectives of the Framework Convention on Climate Change - Mitigation</policy-marker><policy-marker code="7" vocabulary="DAC" significance="0">Aid Targeting the Objectives of the Framework Convention on Climate Change - Adaptation</policy-marker><policy-marker code="8" vocabulary="DAC" significance="0">Aid Targeting the Objectives of the Convention to Combat Desertification</policy-marker><transaction><value value-date="2011-04-01">169000</value><transaction-type code="C">Commitment</transaction-type><transaction-date iso-date="2008-05-01">Total Commitment to 30 Jun 2013</transaction-date></transaction><transaction><value currency="GBP" value-date="2009-12-31">169000</value><transaction-type code="D">Disbursement</transaction-type><provider-org ref="GB-1">Department for International Development</provider-org><description>Aggregated spend data - Financial Year 2009 Quarter 3</description><transaction-date iso-date="2009-12-31"/></transaction><transaction><value currency="GBP" value-date="2010-03-31">-56642</value><transaction-type code="D">Disbursement</transaction-type><provider-org ref="GB-1">Department for International Development</provider-org><description>Aggregated spend data - Financial Year 2009 Quarter 4</description><transaction-date iso-date="2010-03-31"/></transaction><transaction><value currency="GBP" value-date="2010-05-11">56642</value><transaction-type code="D">Disbursement</transaction-type><provider-org ref="GB-1">Department for International Development</provider-org><description>Aggregated spend data - Financial Year 2010 Quarter 1 (prior to 12th May 2010)</description><transaction-date iso-date="2010-05-11"/></transaction><budget type="Revised"><period-start iso-date="2009-04-01"/><period-end iso-date="2010-03-31"/><value value-date="2009-04-01" currency="GBP">112357</value></budget><budget type="Revised"><period-start iso-date="2010-04-01"/><period-end iso-date="2011-03-31"/><value value-date="2010-04-01" currency="GBP">56642</value></budget><related-activity ref="GB-1-200092" type="1">Regional East African Integration Programme (Reap) - 2008-2013</related-activity><related-activity ref="GB-1-200092-101" type="3">Reap- Project Design</related-activity><related-activity ref="GB-1-200092-102" type="3">REAP Implementation budget</related-activity><related-activity ref="GB-1-200092-103" type="3">EAC Contribution</related-activity><related-activity ref="GB-1-200092-104" type="3">Reap- MOU Rwanda Revenue Authority</related-activity><related-activity ref="GB-1-200092-105" type="3">REAO-Trademark East Africa</related-activity><related-activity ref="GB-1-200092-109" type="3">Reap-Kenya Ministry of East African Cooperation: ODI Fellow 2009-11</related-activity><related-activity ref="GB-1-200092-110" type="3">Reap-MOU Support to USAID</related-activity><related-activity ref="GB-1-200092-112" type="3">Reap -Contribution to Trademark East Africa</related-activity><related-activity ref="GB-1-200092-113" type="3">Transfered to component 115</related-activity><related-activity ref="GB-1-200092-114" type="3">Reap - Moses OCHIENG' FSD</related-activity><legacy-data name="16012 Social Other, Social infrastructure and Services (MDG Poverty, Hunger and Vulnerability)" value="16012" iati-equivalent="sector">7%</legacy-data><legacy-data name="21010 Transport Policy and Administrative Management (Wealth Creation)" value="21010" iati-equivalent="sector">25%</legacy-data><legacy-data name="24010 Financial Policy and Administrative Management (Wealth Creation)" value="24010" iati-equivalent="sector">8%</legacy-data><legacy-data name="32130 Small and Medium-Sized Enterprises (SME): Development (Wealth Creation)" value="32130" iati-equivalent="sector">10%</legacy-data><legacy-data name="33110 Trade Policy and Administrative Management (Wealth Creation)" value="33110" iati-equivalent="sector">50%</legacy-data></iati-activity><iati-activity xml:lang="en" default-currency="GBP" hierarchy="2"><reporting-org ref="GB-1" type="10">Department for International Development</reporting-org><participating-org ref="GB" type="10" role="Funding">UNITED KINGDOM</participating-org><participating-org ref="GB-1" type="10" role="Extending">Department for International Development</participating-org><participating-org ref="51000" role="Implementing">University, college or other teaching institution, research institute or think-tank</participating-org><recipient-region>East Africa (EA)</recipient-region><collaboration-type code="1">Bilateral</collaboration-type><default-flow-type code="10">ODA</default-flow-type><default-aid-type code="C01">Project-type interventions</default-aid-type><default-finance-type code="110">Aid grant excluding debt reorganisation</default-finance-type><iati-identifier>GB-1-200092-109</iati-identifier><other-identifier owner-ref="GB-1" owner-name="DFID">200092-109</other-identifier><title>Reap-Kenya Ministry of East African Cooperation: ODI Fellow 2009-11</title><sector code="33110" percentage="50">Trade policy and administrative management</sector><sector code="21010" percentage="25">Transport policy and administrative management</sector><sector code="32130" percentage="10">Small and medium-sized enterprises (SME) development</sector><sector code="24010" percentage="8">Financial policy and administrative management</sector><sector code="16010" percentage="7">Social/welfare services</sector><activity-date type="end-actual">2013-06-30</activity-date><activity-date type="end-planned">2013-06-30</activity-date><activity-date type="start-actual">2008-05-01</activity-date><activity-date type="start-planned">2008-05-01</activity-date><activity-status code="2">Implementation</activity-status><contact-info><organisation>Department for International Development</organisation><telephone>+44 (0) 1355 84 3132</telephone><email>enquiry@dfid.gov.uk</email><mailing-address>Public Enquiry Point, Abercrombie House, Eaglesham Road, East Kilbride, Glasgow G75 8EA</mailing-address></contact-info><default-tied-status code="5">Untied</default-tied-status><policy-marker code="1" vocabulary="DAC" significance="0">Gender Equality</policy-marker><policy-marker code="2" vocabulary="DAC" significance="1">Aid to Environment</policy-marker><policy-marker code="3" vocabulary="DAC" significance="0">Participatory Development/Good Governance</policy-marker><policy-marker code="4" vocabulary="DAC" significance="0">Trade Development</policy-marker><policy-marker code="5" vocabulary="DAC" significance="0">Aid Targeting the Objectives of the Convention on Biological Diversity</policy-marker><policy-marker code="6" vocabulary="DAC" significance="0">Aid Targeting the Objectives of the Framework Convention on Climate Change - Mitigation</policy-marker><policy-marker code="7" vocabulary="DAC" significance="0">Aid Targeting the Objectives of the Framework Convention on Climate Change - Adaptation</policy-marker><policy-marker code="8" vocabulary="DAC" significance="0">Aid Targeting the Objectives of the Convention to Combat Desertification</policy-marker><transaction><value value-date="2012-04-01">79947</value><transaction-type code="C">Commitment</transaction-type><transaction-date iso-date="2008-05-01">Total Commitment to 30 Jun 2013</transaction-date></transaction><transaction><value currency="GBP" value-date="2009-12-31">12282</value><transaction-type code="D">Disbursement</transaction-type><provider-org ref="GB-1">Department for International Development</provider-org><description>Aggregated spend data - Financial Year 2009 Quarter 3</description><transaction-date iso-date="2009-12-31"/></transaction><transaction><value currency="GBP" value-date="2010-03-31">9665</value><transaction-type code="D">Disbursement</transaction-type><provider-org ref="GB-1">Department for International Development</provider-org><description>Aggregated spend data - Financial Year 2009 Quarter 4</description><transaction-date iso-date="2010-03-31"/></transaction><transaction><value currency="GBP" value-date="2010-05-11">10660</value><transaction-type code="D">Disbursement</transaction-type><provider-org ref="GB-1">Department for International Development</provider-org><description>Aggregated spend data - Financial Year 2010 Quarter 1 (prior to 12th May 2010)</description><transaction-date iso-date="2010-05-11"/></transaction><transaction><value currency="GBP" value-date="2010-08-16">9601</value><transaction-type code="D">Disbursement</transaction-type><provider-org ref="GB-1">Department for International Development</provider-org><receiver-org ref="51000">University, college or other teaching institution, research institute or think-tank</receiver-org><description>Aid to civil society organisations / NGOs</description><transaction-date iso-date="2010-08-16"/></transaction><transaction><value currency="GBP" value-date="2010-10-25">7782</value><transaction-type code="D">Disbursement</transaction-type><provider-org ref="GB-1">Department for International Development</provider-org><receiver-org ref="51000">University, college or other teaching institution, research institute or think-tank</receiver-org><description>Aid to civil society organisations / NGOs</description><transaction-date iso-date="2010-10-25"/></transaction><transaction><value currency="GBP" value-date="2011-01-12">9513</value><transaction-type code="D">Disbursement</transaction-type><provider-org ref="GB-1">Department for International Development</provider-org><receiver-org ref="51000">University, college or other teaching institution, research institute or think-tank</receiver-org><description>Aid to civil society organisations / NGOs</description><transaction-date iso-date="2011-01-12"/></transaction><transaction><value currency="GBP" value-date="2011-04-27">10682</value><transaction-type code="D">Disbursement</transaction-type><provider-org ref="GB-1">Department for International Development</provider-org><receiver-org ref="51000">University, college or other teaching institution, research institute or think-tank</receiver-org><description>Aid to civil society organisations / NGOs</description><transaction-date iso-date="2011-04-27"/></transaction><transaction><value currency="GBP" value-date="2011-06-27">11739</value><transaction-type code="D">Disbursement</transaction-type><provider-org ref="GB-1">Department for International Development</provider-org><receiver-org ref="51000">University, college or other teaching institution, research institute or think-tank</receiver-org><description>Aid to civil society organisations / NGOs</description><transaction-date iso-date="2011-06-27"/></transaction><transaction><value currency="GBP" value-date="2012-01-05">-1980</value><transaction-type code="D">Disbursement</transaction-type><provider-org ref="GB-1">Department for International Development</provider-org><receiver-org>Journal Transaction</receiver-org><description>Aid to civil society organisations / NGOs</description><transaction-date iso-date="2012-01-05"/></transaction><budget type="Revised"><period-start iso-date="2009-04-01"/><period-end iso-date="2010-03-31"/><value value-date="2009-04-01" currency="GBP">21948</value></budget><budget type="Revised"><period-start iso-date="2010-04-01"/><period-end iso-date="2011-03-31"/><value value-date="2010-04-01" currency="GBP">37557</value></budget><budget type="Revised"><period-start iso-date="2011-04-01"/><period-end iso-date="2012-03-31"/><value value-date="2011-04-01" currency="GBP">20441</value></budget><related-activity ref="GB-1-200092" type="1">Regional East African Integration Programme (Reap) - 2008-2013</related-activity><related-activity ref="GB-1-200092-101" type="3">Reap- Project Design</related-activity><related-activity ref="GB-1-200092-102" type="3">REAP Implementation budget</related-activity><related-activity ref="GB-1-200092-103" type="3">EAC Contribution</related-activity><related-activity ref="GB-1-200092-104" type="3">Reap- MOU Rwanda Revenue Authority</related-activity><related-activity ref="GB-1-200092-105" type="3">REAO-Trademark East Africa</related-activity><related-activity ref="GB-1-200092-107" type="3">Reap-International Organisation for Migration MOU</related-activity><related-activity ref="GB-1-200092-110" type="3">Reap-MOU Support to USAID</related-activity><related-activity ref="GB-1-200092-112" type="3">Reap -Contribution to Trademark East Africa</related-activity><related-activity ref="GB-1-200092-113" type="3">Transfered to component 115</related-activity><related-activity ref="GB-1-200092-114" type="3">Reap - Moses OCHIENG' FSD</related-activity><legacy-data name="16012 Social Other, Social infrastructure and Services (MDG Poverty, Hunger and Vulnerability)" value="16012" iati-equivalent="sector">7%</legacy-data><legacy-data name="21010 Transport Policy and Administrative Management (Wealth Creation)" value="21010" iati-equivalent="sector">25%</legacy-data><legacy-data name="24010 Financial Policy and Administrative Management (Wealth Creation)" value="24010" iati-equivalent="sector">8%</legacy-data><legacy-data name="32130 Small and Medium-Sized Enterprises (SME): Development (Wealth Creation)" value="32130" iati-equivalent="sector">10%</legacy-data><legacy-data name="33110 Trade Policy and Administrative Management (Wealth Creation)" value="33110" iati-equivalent="sector">50%</legacy-data></iati-activity><iati-activity xml:lang="en" default-currency="GBP" hierarchy="2"><reporting-org ref="GB-1" type="10">Department for International Development</reporting-org><participating-org ref="GB" type="10" role="Funding">UNITED KINGDOM</participating-org><participating-org ref="GB-1" type="10" role="Extending">Department for International Development</participating-org><participating-org ref="13000" role="Implementing">Third Country Government (Delegated co-operation)</participating-org><recipient-region>East Africa (EA)</recipient-region><collaboration-type code="1">Bilateral</collaboration-type><default-flow-type code="10">ODA</default-flow-type><default-aid-type code="C01">Project-type interventions</default-aid-type><default-finance-type code="110">Aid grant excluding debt reorganisation</default-finance-type><iati-identifier>GB-1-200092-110</iati-identifier><other-identifier owner-ref="GB-1" owner-name="DFID">200092-110</other-identifier><title>Reap-MOU Support to USAID</title><sector code="33110" percentage="50">Trade policy and administrative management</sector><sector code="21010" percentage="25">Transport policy and administrative management</sector><sector code="32130" percentage="10">Small and medium-sized enterprises (SME) development</sector><sector code="24010" percentage="8">Financial policy and administrative management</sector><sector code="16010" percentage="7">Social/welfare services</sector><activity-date type="end-actual">2013-06-30</activity-date><activity-date type="end-planned">2013-06-30</activity-date><activity-date type="start-actual">2009-12-01</activity-date><activity-date type="start-planned">2009-12-01</activity-date><activity-status code="2">Implementation</activity-status><contact-info><organisation>Department for International Development</organisation><telephone>+44 (0) 1355 84 3132</telephone><email>enquiry@dfid.gov.uk</email><mailing-address>Public Enquiry Point, Abercrombie House, Eaglesham Road, East Kilbride, Glasgow G75 8EA</mailing-address></contact-info><default-tied-status code="5">Untied</default-tied-status><policy-marker code="1" vocabulary="DAC" significance="0">Gender Equality</policy-marker><policy-marker code="2" vocabulary="DAC" significance="1">Aid to Environment</policy-marker><policy-marker code="3" vocabulary="DAC" significance="0">Participatory Development/Good Governance</policy-marker><policy-marker code="4" vocabulary="DAC" significance="0">Trade Development</policy-marker><policy-marker code="5" vocabulary="DAC" significance="0">Aid Targeting the Objectives of the Convention on Biological Diversity</policy-marker><policy-marker code="6" vocabulary="DAC" significance="0">Aid Targeting the Objectives of the Framework Convention on Climate Change - Mitigation</policy-marker><policy-marker code="7" vocabulary="DAC" significance="0">Aid Targeting the Objectives of the Framework Convention on Climate Change - Adaptation</policy-marker><policy-marker code="8" vocabulary="DAC" significance="0">Aid Targeting the Objectives of the Convention to Combat Desertification</policy-marker><transaction><value value-date="2010-04-01">850000</value><transaction-type code="C">Commitment</transaction-type><transaction-date iso-date="2009-12-01">Total Commitment to 30 Jun 2013</transaction-date></transaction><transaction><value currency="GBP" value-date="2010-03-31">293862</value><transaction-type code="D">Disbursement</transaction-type><provider-org ref="GB-1">Department for International Development</provider-org><description>Aggregated spend data - Financial Year 2009 Quarter 4</description><transaction-date iso-date="2010-03-31"/></transaction><transaction><value currency="GBP" value-date="2010-05-11">356137</value><transaction-type code="D">Disbursement</transaction-type><provider-org ref="GB-1">Department for International Development</provider-org><description>Aggregated spend data - Financial Year 2010 Quarter 1 (prior to 12th May 2010)</description><transaction-date iso-date="2010-05-11"/></transaction><transaction><value currency="GBP" value-date="2011-03-01">200000</value><transaction-type code="D">Disbursement</transaction-type><provider-org ref="GB-1">Department for International Development</provider-org><receiver-org ref="13000">Third Country Government (Delegated co-operation)</receiver-org><description>Aid to partner government</description><transaction-date iso-date="2011-03-01"/></transaction><budget type="Revised"><period-start iso-date="2009-04-01"/><period-end iso-date="2010-03-31"/><value value-date="2009-04-01" currency="GBP">293862</value></budget><budget type="Revised"><period-start iso-date="2010-04-01"/><period-end iso-date="2011-03-31"/><value value-date="2010-04-01" currency="GBP">556137</value></budget><related-activity ref="GB-1-200092" type="1">Regional East African Integration Programme (Reap) - 2008-2013</related-activity><related-activity ref="GB-1-200092-101" type="3">Reap- Project Design</related-activity><related-activity ref="GB-1-200092-102" type="3">REAP Implementation budget</related-activity><related-activity ref="GB-1-200092-103" type="3">EAC Contribution</related-activity><related-activity ref="GB-1-200092-104" type="3">Reap- MOU Rwanda Revenue Authority</related-activity><related-activity ref="GB-1-200092-105" type="3">REAO-Trademark East Africa</related-activity><related-activity ref="GB-1-200092-107" type="3">Reap-International Organisation for Migration MOU</related-activity><related-activity ref="GB-1-200092-109" type="3">Reap-Kenya Ministry of East African Cooperation: ODI Fellow 2009-11</related-activity><related-activity ref="GB-1-200092-112" type="3">Reap -Contribution to Trademark East Africa</related-activity><related-activity ref="GB-1-200092-113" type="3">Transfered to component 115</related-activity><related-activity ref="GB-1-200092-114" type="3">Reap - Moses OCHIENG' FSD</related-activity><legacy-data name="16012 Social Other, Social infrastructure and Services (MDG Poverty, Hunger and Vulnerability)" value="16012" iati-equivalent="sector">7%</legacy-data><legacy-data name="21010 Transport Policy and Administrative Management (Wealth Creation)" value="21010" iati-equivalent="sector">25%</legacy-data><legacy-data name="24010 Financial Policy and Administrative Management (Wealth Creation)" value="24010" iati-equivalent="sector">8%</legacy-data><legacy-data name="32130 Small and Medium-Sized Enterprises (SME): Development (Wealth Creation)" value="32130" iati-equivalent="sector">10%</legacy-data><legacy-data name="33110 Trade Policy and Administrative Management (Wealth Creation)" value="33110" iati-equivalent="sector">50%</legacy-data></iati-activity><iati-activity xml:lang="en" default-currency="GBP" hierarchy="2"><reporting-org ref="GB-1" type="10">Department for International Development</reporting-org><participating-org ref="GB" type="10" role="Funding">UNITED KINGDOM</participating-org><participating-org ref="GB-1" type="10" role="Extending">Department for International Development</participating-org><participating-org ref="23000" role="Implementing">Developing country-based NGO</participating-org><recipient-region>East Africa (EA)</recipient-region><collaboration-type code="5">Aid through NGOs</collaboration-type><default-flow-type code="10">ODA</default-flow-type><default-aid-type code="C01">Project-type interventions</default-aid-type><default-finance-type code="110">Aid grant excluding debt reorganisation</default-finance-type><iati-identifier>GB-1-200092-112</iati-identifier><other-identifier owner-ref="GB-1" owner-name="DFID">200092-112</other-identifier><title>Reap -Contribution to Trademark East Africa</title><sector code="33110" percentage="50">Trade policy and administrative management</sector><sector code="21010" percentage="25">Transport policy and administrative management</sector><sector code="33120" percentage="10">Trade facilitation</sector><sector code="24010" percentage="8">Financial policy and administrative management</sector><sector code="16010" percentage="7">Social/welfare services</sector><activity-date type="end-actual">2013-06-30</activity-date><activity-date type="end-planned">2013-06-30</activity-date><activity-date type="start-actual">2008-05-01</activity-date><activity-date type="start-planned">2008-05-01</activity-date><activity-status code="2">Implementation</activity-status><contact-info><organisation>Department for International Development</organisation><telephone>+44 (0) 1355 84 3132</telephone><email>enquiry@dfid.gov.uk</email><mailing-address>Public Enquiry Point, Abercrombie House, Eaglesham Road, East Kilbride, Glasgow G75 8EA</mailing-address></contact-info><default-tied-status code="5">Untied</default-tied-status><policy-marker code="1" vocabulary="DAC" significance="0">Gender Equality</policy-marker><policy-marker code="2" vocabulary="DAC" significance="1">Aid to Environment</policy-marker><policy-marker code="3" vocabulary="DAC" significance="0">Participatory Development/Good Governance</policy-marker><policy-marker code="4" vocabulary="DAC" significance="0">Trade Development</policy-marker><policy-marker code="5" vocabulary="DAC" significance="0">Aid Targeting the Objectives of the Convention on Biological Diversity</policy-marker><policy-marker code="6" vocabulary="DAC" significance="0">Aid Targeting the Objectives of the Framework Convention on Climate Change - Mitigation</policy-marker><policy-marker code="7" vocabulary="DAC" significance="0">Aid Targeting the Objectives of the Framework Convention on Climate Change - Adaptation</policy-marker><policy-marker code="8" vocabulary="DAC" significance="0">Aid Targeting the Objectives of the Convention to Combat Desertification</policy-marker><transaction><value value-date="2012-04-01">6000000</value><transaction-type code="C">Commitment</transaction-type><transaction-date iso-date="2008-05-01">Total Commitment to 30 Jun 2013</transaction-date></transaction><transaction><value currency="GBP" value-date="2010-08-12">1500000</value><transaction-type code="D">Disbursement</transaction-type><provider-org ref="GB-1">Department for International Development</provider-org><receiver-org ref="23000">Developing country-based NGO</receiver-org><description>Technical &amp; Advisory services</description><transaction-date iso-date="2010-08-12"/></transaction><transaction><value currency="GBP" value-date="2011-03-23">1500000</value><transaction-type code="D">Disbursement</transaction-type><provider-org ref="GB-1">Department for International Development</provider-org><receiver-org ref="23000">Developing country-based NGO</receiver-org><description>Technical &amp; Advisory services</description><transaction-date iso-date="2011-03-23"/></transaction><transaction><value currency="GBP" value-date="2011-04-26">-502747</value><transaction-type code="D">Disbursement</transaction-type><provider-org ref="GB-1">Department for International Development</provider-org><receiver-org>Journal Transaction</receiver-org><description>Technical &amp; Advisory services</description><transaction-date iso-date="2011-04-26"/></transaction><transaction><value currency="GBP" value-date="2011-04-28">502747</value><transaction-type code="D">Disbursement</transaction-type><provider-org ref="GB-1">Department for International Development</provider-org><receiver-org>Journal Transaction</receiver-org><description>Technical &amp; Advisory services</description><transaction-date iso-date="2011-04-28"/></transaction><transaction><value currency="GBP" value-date="2011-08-26">3000000</value><transaction-type code="D">Disbursement</transaction-type><provider-org ref="GB-1">Department for International Development</provider-org><receiver-org ref="23000">Developing country-based NGO</receiver-org><description>Technical &amp; Advisory services</description><transaction-date iso-date="2011-08-26"/></transaction><budget type="Revised"><period-start iso-date="2010-04-01"/><period-end iso-date="2011-03-31"/><value value-date="2010-04-01" currency="GBP">2497252</value></budget><budget type="Revised"><period-start iso-date="2011-04-01"/><period-end iso-date="2012-03-31"/><value value-date="2011-04-01" currency="GBP">3502747</value></budget><related-activity ref="GB-1-200092" type="1">Regional East African Integration Programme (Reap) - 2008-2013</related-activity><related-activity ref="GB-1-200092-101" type="3">Reap- Project Design</related-activity><related-activity ref="GB-1-200092-102" type="3">REAP Implementation budget</related-activity><related-activity ref="GB-1-200092-103" type="3">EAC Contribution</related-activity><related-activity ref="GB-1-200092-104" type="3">Reap- MOU Rwanda Revenue Authority</related-activity><related-activity ref="GB-1-200092-105" type="3">REAO-Trademark East Africa</related-activity><related-activity ref="GB-1-200092-107" type="3">Reap-International Organisation for Migration MOU</related-activity><related-activity ref="GB-1-200092-109" type="3">Reap-Kenya Ministry of East African Cooperation: ODI Fellow 2009-11</related-activity><related-activity ref="GB-1-200092-110" type="3">Reap-MOU Support to USAID</related-activity><related-activity ref="GB-1-200092-113" type="3">Transfered to component 115</related-activity><related-activity ref="GB-1-200092-114" type="3">Reap - Moses OCHIENG' FSD</related-activity><legacy-data name="16012 Social Other, Social infrastructure and Services (MDG Poverty, Hunger and Vulnerability)" value="16012" iati-equivalent="sector">7%</legacy-data><legacy-data name="21010 Transport Policy and Administrative Management (Wealth Creation)" value="21010" iati-equivalent="sector">25%</legacy-data><legacy-data name="24010 Financial Policy and Administrative Management (Wealth Creation)" value="24010" iati-equivalent="sector">8%</legacy-data><legacy-data name="33110 Trade Policy and Administrative Management (Wealth Creation)" value="33110" iati-equivalent="sector">50%</legacy-data><legacy-data name="33120 Trade Facilitation (Wealth Creation)" value="33120" iati-equivalent="sector">10%</legacy-data></iati-activity><iati-activity xml:lang="en" default-currency="GBP" hierarchy="2"><reporting-org ref="GB-1" type="10">Department for International Development</reporting-org><participating-org ref="GB" type="10" role="Funding">UNITED KINGDOM</participating-org><participating-org ref="GB-1" type="10" role="Extending">Department for International Development</participating-org><participating-org ref="52000" role="Implementing">Other.</participating-org><recipient-region>East Africa (EA)</recipient-region><collaboration-type code="1">Bilateral</collaboration-type><default-flow-type code="10">ODA</default-flow-type><default-aid-type code="C01">Project-type interventions</default-aid-type><default-finance-type code="110">Aid grant excluding debt reorganisation</default-finance-type><iati-identifier>GB-1-200092-113</iati-identifier><other-identifier owner-ref="GB-1" owner-name="DFID">200092-113</other-identifier><title>Transfered to component 115</title><sector code="33110" percentage="50">Trade policy and administrative management</sector><sector code="21010" percentage="25">Transport policy and administrative management</sector><sector code="32130" percentage="10">Small and medium-sized enterprises (SME) development</sector><sector code="24010" percentage="8">Financial policy and administrative management</sector><sector code="16010" percentage="7">Social/welfare services</sector><activity-date type="end-actual">2013-06-30</activity-date><activity-date type="end-planned">2013-06-30</activity-date><activity-date type="start-actual">2008-05-01</activity-date><activity-date type="start-planned">2008-05-01</activity-date><activity-status code="2">Implementation</activity-status><contact-info><organisation>Department for International Development</organisation><telephone>+44 (0) 1355 84 3132</telephone><email>enquiry@dfid.gov.uk</email><mailing-address>Public Enquiry Point, Abercrombie House, Eaglesham Road, East Kilbride, Glasgow G75 8EA</mailing-address></contact-info><default-tied-status code="5">Untied</default-tied-status><policy-marker code="1" vocabulary="DAC" significance="0">Gender Equality</policy-marker><policy-marker code="2" vocabulary="DAC" significance="1">Aid to Environment</policy-marker><policy-marker code="3" vocabulary="DAC" significance="0">Participatory Development/Good Governance</policy-marker><policy-marker code="4" vocabulary="DAC" significance="0">Trade Development</policy-marker><policy-marker code="5" vocabulary="DAC" significance="0">Aid Targeting the Objectives of the Convention on Biological Diversity</policy-marker><policy-marker code="6" vocabulary="DAC" significance="0">Aid Targeting the Objectives of the Framework Convention on Climate Change - Mitigation</policy-marker><policy-marker code="7" vocabulary="DAC" significance="0">Aid Targeting the Objectives of the Framework Convention on Climate Change - Adaptation</policy-marker><policy-marker code="8" vocabulary="DAC" significance="0">Aid Targeting the Objectives of the Convention to Combat Desertification</policy-marker><transaction><value value-date="2012-04-01">2358</value><transaction-type code="C">Commitment</transaction-type><transaction-date iso-date="2008-05-01">Total Commitment to 30 Jun 2013</transaction-date></transaction><transaction><value currency="GBP" value-date="2010-11-02">8323</value><transaction-type code="D">Disbursement</transaction-type><provider-org ref="GB-1">Department for International Development</provider-org><receiver-org ref="52000">Other.</receiver-org><description>Accomodation costs</description><transaction-date iso-date="2010-11-02"/></transaction><transaction><value currency="GBP" value-date="2010-11-14">504</value><transaction-type code="D">Disbursement</transaction-type><provider-org ref="GB-1">Department for International Development</provider-org><receiver-org ref="52000">Other.</receiver-org><description>Energy Costs</description><transaction-date iso-date="2010-11-14"/></transaction><transaction><value currency="GBP" value-date="2010-11-23">7382</value><transaction-type code="D">Disbursement</transaction-type><provider-org ref="GB-1">Department for International Development</provider-org><receiver-org>Journal Transaction</receiver-org><description>Accomodation costs</description><transaction-date iso-date="2010-11-23"/></transaction><transaction><value currency="GBP" value-date="2010-12-31">339</value><transaction-type code="D">Disbursement</transaction-type><provider-org ref="GB-1">Department for International Development</provider-org><description>Aggregated spend of less than £500 - Financial Year 2010 Quarter 3</description><transaction-date iso-date="2010-12-31"/></transaction><transaction><value currency="GBP" value-date="2011-01-07">897</value><transaction-type code="D">Disbursement</transaction-type><provider-org ref="GB-1">Department for International Development</provider-org><receiver-org ref="52000">Other.</receiver-org><description>Energy Costs</description><transaction-date iso-date="2011-01-07"/></transaction><transaction><value currency="GBP" value-date="2011-02-04">-15705</value><transaction-type code="D">Disbursement</transaction-type><provider-org ref="GB-1">Department for International Development</provider-org><receiver-org>Journal Transaction</receiver-org><description>Accomodation costs</description><transaction-date iso-date="2011-02-04"/></transaction><transaction><value currency="GBP" value-date="2011-02-04">-1401</value><transaction-type code="D">Disbursement</transaction-type><provider-org ref="GB-1">Department for International Development</provider-org><receiver-org>Journal Transaction</receiver-org><description>Energy Costs</description><transaction-date iso-date="2011-02-04"/></transaction><transaction><value currency="GBP" value-date="2011-03-31">638</value><transaction-type code="D">Disbursement</transaction-type><provider-org ref="GB-1">Department for International Development</provider-org><description>Aggregated spend of less than £500 - Financial Year 2010 Quarter 4</description><transaction-date iso-date="2011-03-31"/></transaction><transaction><value currency="GBP" value-date="2011-06-30">1101</value><transaction-type code="D">Disbursement</transaction-type><provider-org ref="GB-1">Department for International Development</provider-org><description>Aggregated spend of less than £500 - Financial Year 2011 Quarter 1</description><transaction-date iso-date="2011-06-30"/></transaction><transaction><value currency="GBP" value-date="2011-07-21">8484</value><transaction-type code="D">Disbursement</transaction-type><provider-org ref="GB-1">Department for International Development</provider-org><receiver-org>Journal Transaction</receiver-org><description>Accomodation costs</description><transaction-date iso-date="2011-07-21"/></transaction><transaction><value currency="GBP" value-date="2011-08-03">-726</value><transaction-type code="D">Disbursement</transaction-type><provider-org ref="GB-1">Department for International Development</provider-org><receiver-org>Journal Transaction</receiver-org><description>Energy Costs</description><transaction-date iso-date="2011-08-03"/></transaction><transaction><value currency="GBP" value-date="2011-08-03">-8484</value><transaction-type code="D">Disbursement</transaction-type><provider-org ref="GB-1">Department for International Development</provider-org><receiver-org>Journal Transaction</receiver-org><description>Accomodation costs</description><transaction-date iso-date="2011-08-03"/></transaction><transaction><value currency="GBP" value-date="2011-08-03">-781</value><transaction-type code="D">Disbursement</transaction-type><provider-org ref="GB-1">Department for International Development</provider-org><receiver-org>Journal Transaction</receiver-org><description>Technical &amp; Advisory services</description><transaction-date iso-date="2011-08-03"/></transaction><transaction><value currency="GBP" value-date="2011-09-30">-327</value><transaction-type code="D">Disbursement</transaction-type><provider-org ref="GB-1">Department for International Development</provider-org><description>Aggregated spend of less than £500 - Financial Year 2011 Quarter 2</description><transaction-date iso-date="2011-09-30"/></transaction><transaction><value currency="GBP" value-date="2012-03-31">17</value><transaction-type code="D">Disbursement</transaction-type><provider-org ref="GB-1">Department for International Development</provider-org><description>Aggregated spend of less than £500 - Financial Year 2011 Quarter 4</description><transaction-date iso-date="2012-03-31"/></transaction><transaction><value currency="GBP" value-date="2012-06-30">55</value><transaction-type code="D">Disbursement</transaction-type><provider-org ref="GB-1">Department for International Development</provider-org><description>Aggregated spend of less than £500 - Financial Year 2012 Quarter 1</description><transaction-date iso-date="2012-06-30"/></transaction><transaction><value currency="GBP" value-date="2012-09-30">6</value><transaction-type code="D">Disbursement</transaction-type><provider-org ref="GB-1">Department for International Development</provider-org><description>Aggregated spend of less than £500 - Financial Year 2012 Quarter 2</description><transaction-date iso-date="2012-09-30"/></transaction><transaction><value currency="GBP" value-date="2013-03-31">-62</value><transaction-type code="D">Disbursement</transaction-type><provider-org ref="GB-1">Department for International Development</provider-org><description>Aggregated spend of less than £500 - Financial Year 2012 Quarter 4</description><transaction-date iso-date="2013-03-31"/></transaction><budget type="Revised"><period-start iso-date="2010-04-01"/><period-end iso-date="2011-03-31"/><value value-date="2010-04-01" currency="GBP">2716</value></budget><budget type="Revised"><period-start iso-date="2011-04-01"/><period-end iso-date="2012-03-31"/><value value-date="2011-04-01" currency="GBP">-717</value></budget><budget type="Revised"><period-start iso-date="2012-04-01"/><period-end iso-date="2013-03-31"/><value value-date="2012-04-01" currency="GBP">358</value></budget><related-activity ref="GB-1-200092" type="1">Regional East African Integration Programme (Reap) - 2008-2013</related-activity><related-activity ref="GB-1-200092-101" type="3">Reap- Project Design</related-activity><related-activity ref="GB-1-200092-102" type="3">REAP Implementation budget</related-activity><related-activity ref="GB-1-200092-103" type="3">EAC Contribution</related-activity><related-activity ref="GB-1-200092-104" type="3">Reap- MOU Rwanda Revenue Authority</related-activity><related-activity ref="GB-1-200092-105" type="3">REAO-Trademark East Africa</related-activity><related-activity ref="GB-1-200092-107" type="3">Reap-International Organisation for Migration MOU</related-activity><related-activity ref="GB-1-200092-109" type="3">Reap-Kenya Ministry of East African Cooperation: ODI Fellow 2009-11</related-activity><related-activity ref="GB-1-200092-110" type="3">Reap-MOU Support to USAID</related-activity><related-activity ref="GB-1-200092-112" type="3">Reap -Contribution to Trademark East Africa</related-activity><related-activity ref="GB-1-200092-114" type="3">Reap - Moses OCHIENG' FSD</related-activity><legacy-data name="16012 Social Other, Social infrastructure and Services (MDG Poverty, Hunger and Vulnerability)" value="16012" iati-equivalent="sector">7%</legacy-data><legacy-data name="21010 Transport Policy and Administrative Management (Wealth Creation)" value="21010" iati-equivalent="sector">25%</legacy-data><legacy-data name="24010 Financial Policy and Administrative Management (Wealth Creation)" value="24010" iati-equivalent="sector">8%</legacy-data><legacy-data name="32130 Small and Medium-Sized Enterprises (SME): Development (Wealth Creation)" value="32130" iati-equivalent="sector">10%</legacy-data><legacy-data name="33110 Trade Policy and Administrative Management (Wealth Creation)" value="33110" iati-equivalent="sector">50%</legacy-data></iati-activity><iati-activity xml:lang="en" default-currency="GBP" hierarchy="2"><reporting-org ref="GB-1" type="10">Department for International Development</reporting-org><participating-org ref="GB" type="10" role="Funding">UNITED KINGDOM</participating-org><participating-org ref="GB-1" type="10" role="Extending">Department for International Development</participating-org><participating-org ref="23000" role="Implementing">Developing country-based NGO</participating-org><recipient-region>East Africa (EA)</recipient-region><collaboration-type code="5">Aid through NGOs</collaboration-type><default-flow-type code="10">ODA</default-flow-type><default-aid-type code="C01">Project-type interventions</default-aid-type><default-finance-type code="110">Aid grant excluding debt reorganisation</default-finance-type><iati-identifier>GB-1-200092-114</iati-identifier><other-identifier owner-ref="GB-1" owner-name="DFID">200092-114</other-identifier><title>Reap - Moses OCHIENG' FSD</title><sector code="33110" percentage="50">Trade policy and administrative management</sector><sector code="21010" percentage="25">Transport policy and administrative management</sector><sector code="32130" percentage="10">Small and medium-sized enterprises (SME) development</sector><sector code="24010" percentage="8">Financial policy and administrative management</sector><sector code="16010" percentage="7">Social/welfare services</sector><activity-date type="end-actual">2013-06-30</activity-date><activity-date type="end-planned">2013-06-30</activity-date><activity-date type="start-actual">2008-05-01</activity-date><activity-date type="start-planned">2008-05-01</activity-date><activity-status code="2">Implementation</activity-status><contact-info><organisation>Department for International Development</organisation><telephone>+44 (0) 1355 84 3132</telephone><email>enquiry@dfid.gov.uk</email><mailing-address>Public Enquiry Point, Abercrombie House, Eaglesham Road, East Kilbride, Glasgow G75 8EA</mailing-address></contact-info><default-tied-status code="5">Untied</default-tied-status><policy-marker code="1" vocabulary="DAC" significance="0">Gender Equality</policy-marker><policy-marker code="2" vocabulary="DAC" significance="1">Aid to Environment</policy-marker><policy-marker code="3" vocabulary="DAC" significance="0">Participatory Development/Good Governance</policy-marker><policy-marker code="4" vocabulary="DAC" significance="0">Trade Development</policy-marker><policy-marker code="5" vocabulary="DAC" significance="0">Aid Targeting the Objectives of the Convention on Biological Diversity</policy-marker><policy-marker code="6" vocabulary="DAC" significance="0">Aid Targeting the Objectives of the Framework Convention on Climate Change - Mitigation</policy-marker><policy-marker code="7" vocabulary="DAC" significance="0">Aid Targeting the Objectives of the Framework Convention on Climate Change - Adaptation</policy-marker><policy-marker code="8" vocabulary="DAC" significance="0">Aid Targeting the Objectives of the Convention to Combat Desertification</policy-marker><transaction><value value-date="2012-04-01">62682</value><transaction-type code="C">Commitment</transaction-type><transaction-date iso-date="2008-05-01">Total Commitment to 30 Jun 2013</transaction-date></transaction><transaction><value currency="GBP" value-date="2012-10-02">62682</value><transaction-type code="E">Expenditure</transaction-type><provider-org ref="GB-1">Department for International Development</provider-org><receiver-org ref="23000">Developing country-based NGO</receiver-org><description>Technical &amp; Advisory services</description><transaction-date iso-date="2012-10-02"/></transaction><budget type="Revised"><period-start iso-date="2010-04-01"/><period-end iso-date="2011-03-31"/><value value-date="2010-04-01" currency="GBP">-22584</value></budget><budget type="Revised"><period-start iso-date="2011-04-01"/><period-end iso-date="2012-03-31"/><value value-date="2011-04-01" currency="GBP">-22584</value></budget><budget type="Revised"><period-start iso-date="2012-04-01"/><period-end iso-date="2013-03-31"/><value value-date="2012-04-01" currency="GBP">107850</value></budget><related-activity ref="GB-1-200092" type="1">Regional East African Integration Programme (Reap) - 2008-2013</related-activity><related-activity ref="GB-1-200092-101" type="3">Reap- Project Design</related-activity><related-activity ref="GB-1-200092-102" type="3">REAP Implementation budget</related-activity><related-activity ref="GB-1-200092-103" type="3">EAC Contribution</related-activity><related-activity ref="GB-1-200092-104" type="3">Reap- MOU Rwanda Revenue Authority</related-activity><related-activity ref="GB-1-200092-105" type="3">REAO-Trademark East Africa</related-activity><related-activity ref="GB-1-200092-107" type="3">Reap-International Organisation for Migration MOU</related-activity><related-activity ref="GB-1-200092-109" type="3">Reap-Kenya Ministry of East African Cooperation: ODI Fellow 2009-11</related-activity><related-activity ref="GB-1-200092-110" type="3">Reap-MOU Support to USAID</related-activity><related-activity ref="GB-1-200092-112" type="3">Reap -Contribution to Trademark East Africa</related-activity><related-activity ref="GB-1-200092-113" type="3">Transfered to component 115</related-activity><legacy-data name="16012 Social Other, Social infrastructure and Services (MDG Poverty, Hunger and Vulnerability)" value="16012" iati-equivalent="sector">7%</legacy-data><legacy-data name="21010 Transport Policy and Administrative Management (Wealth Creation)" value="21010" iati-equivalent="sector">25%</legacy-data><legacy-data name="24010 Financial Policy and Administrative Management (Wealth Creation)" value="24010" iati-equivalent="sector">8%</legacy-data><legacy-data name="32130 Small and Medium-Sized Enterprises (SME): Development (Wealth Creation)" value="32130" iati-equivalent="sector">10%</legacy-data><legacy-data name="33110 Trade Policy and Administrative Management (Wealth Creation)" value="33110" iati-equivalent="sector">50%</legacy-data></iati-activity><iati-activity xml:lang="en" default-currency="GBP" hierarchy="1"><reporting-org ref="GB-1" type="10">Department for International Development</reporting-org><participating-org ref="GB" type="10" role="Funding">UNITED KINGDOM</participating-org><participating-org ref="GB-1" type="10" role="Extending">Department for International Development</participating-org><iati-identifier>GB-1-200624</iati-identifier><other-identifier owner-ref="GB-1" owner-name="DFID">200624</other-identifier><title>East Africa Transit Improvement Programme - EATIP</title><description>Improved transit facilitation in East Africa</description><activity-date type="end-actual">2014-12-31</activity-date><activity-date type="end-planned">2014-12-31</activity-date><activity-date type="start-actual">2010-07-28</activity-date><activity-date type="start-planned">2009-05-21</activity-date><activity-status code="2">Implementation</activity-status><contact-info><organisation>Department for International Development</organisation><telephone>+44 (0) 1355 84 3132</telephone><email>enquiry@dfid.gov.uk</email><mailing-address>Public Enquiry Point, Abercrombie House, Eaglesham Road, East Kilbride, Glasgow G75 8EA</mailing-address></contact-info><default-tied-status code="5">Untied</default-tied-status><related-activity ref="GB-1-200624-101" type="2">Contribution Towards East Africa Trade &amp; Transport Facilitation</related-activity><related-activity ref="GB-1-200624-102" type="2">Technical Cooperation (Consultancies)</related-activity><document-link url="http://projects.dfid.gov.uk/IATI/document/3599966" format="application/msword"><title>Annual review 200624.docx</title><category code="A08">Results, outcomes and outputs</category><category code="A07">Review of project performance and evaluation</category></document-link><document-link url="http://projects.dfid.gov.uk/IATI/document/3599974" format="application/vnd.ms-excel"><title>Logical framework 200624.xlsx</title><category code="A08">Results, outcomes and outputs</category></document-link></iati-activity><iati-activity xml:lang="en" default-currency="GBP" hierarchy="2"><reporting-org ref="GB-1" type="10">Department for International Development</reporting-org><participating-org ref="GB" type="10" role="Funding">UNITED KINGDOM</participating-org><participating-org ref="GB-1" type="10" role="Extending">Department for International Development</participating-org><participating-org ref="23000" role="Implementing">Developing country-based NGO</participating-org><recipient-region>East Africa (EA)</recipient-region><collaboration-type code="5">Aid through NGOs</collaboration-type><default-flow-type code="10">ODA</default-flow-type><default-aid-type code="C01">Project-type interventions</default-aid-type><default-finance-type code="110">Aid grant excluding debt reorganisation</default-finance-type><iati-identifier>GB-1-200624-101</iati-identifier><other-identifier owner-ref="GB-1" owner-name="DFID">200624-101</other-identifier><title>Contribution Towards East Africa Trade &amp; Transport Facilitation</title><sector code="33120" percentage="40">Trade facilitation</sector><sector code="21020" percentage="30">Road transport</sector><sector code="33130" percentage="30">Regional trade agreements (RTAs)</sector><activity-date type="end-actual">2014-12-31</activity-date><activity-date type="end-planned">2014-12-31</activity-date><activity-date type="start-actual">2009-05-21</activity-date><activity-date type="start-planned">2009-05-21</activity-date><activity-status code="2">Implementation</activity-status><contact-info><organisation>Department for International Development</organisation><telephone>+44 (0) 1355 84 3132</telephone><email>enquiry@dfid.gov.uk</email><mailing-address>Public Enquiry Point, Abercrombie House, Eaglesham Road, East Kilbride, Glasgow G75 8EA</mailing-address></contact-info><default-tied-status code="5">Untied</default-tied-status><policy-marker code="1" vocabulary="DAC" significance="0">Gender Equality</policy-marker><policy-marker code="2" vocabulary="DAC" significance="0">Aid to Environment</policy-marker><policy-marker code="3" vocabulary="DAC" significance="0">Participatory Development/Good Governance</policy-marker><policy-marker code="4" vocabulary="DAC" significance="0">Trade Development</policy-marker><policy-marker code="5" vocabulary="DAC" significance="0">Aid Targeting the Objectives of the Convention on Biological Diversity</policy-marker><policy-marker code="6" vocabulary="DAC" significance="0">Aid Targeting the Objectives of the Framework Convention on Climate Change - Mitigation</policy-marker><policy-marker code="7" vocabulary="DAC" significance="0">Aid Targeting the Objectives of the Framework Convention on Climate Change - Adaptation</policy-marker><policy-marker code="8" vocabulary="DAC" significance="0">Aid Targeting the Objectives of the Convention to Combat Desertification</policy-marker><transaction><value value-date="2014-04-01">29957872</value><transaction-type code="C">Commitment</transaction-type><transaction-date iso-date="2009-05-21">Total Commitment to 31 Dec 2014</transaction-date></transaction><transaction><value currency="GBP" value-date="2010-08-20">10000000</value><transaction-type code="D">Disbursement</transaction-type><provider-org ref="GB-1">Department for International Development</provider-org><receiver-org ref="23000">Developing country-based NGO</receiver-org><description>Aid to international organisations</description><transaction-date iso-date="2010-08-20"/></transaction><transaction><value currency="GBP" value-date="2011-01-25">-1684782</value><transaction-type code="D">Disbursement</transaction-type><provider-org ref="GB-1">Department for International Development</provider-org><receiver-org>Journal Transaction</receiver-org><description>Aid to international organisations</description><transaction-date iso-date="2011-01-25"/></transaction><transaction><value currency="GBP" value-date="2011-01-25">1684782</value><transaction-type code="D">Disbursement</transaction-type><provider-org ref="GB-1">Department for International Development</provider-org><receiver-org>Journal Transaction</receiver-org><description>Aid to international organisations</description><transaction-date iso-date="2011-01-25"/></transaction><budget type="Revised"><period-start iso-date="2010-04-01"/><period-end iso-date="2011-03-31"/><value value-date="2010-04-01" currency="GBP">10000000</value></budget><budget type="Revised"><period-start iso-date="2012-04-01"/><period-end iso-date="2013-03-31"/><value value-date="2012-04-01" currency="GBP">1750000</value></budget><budget type="Revised"><period-start iso-date="2013-04-01"/><period-end iso-date="2014-03-31"/><value value-date="2013-04-01" currency="GBP">13207872</value></budget><budget type="Revised"><period-start iso-date="2014-04-01"/><period-end iso-date="2015-03-31"/><value value-date="2014-04-01" currency="GBP">5000000</value></budget><related-activity ref="GB-1-200624" type="1">East Africa Transit Improvement Programme - EATIP</related-activity><related-activity ref="GB-1-200624-102" type="3">Technical Cooperation (Consultancies)</related-activity><legacy-data name="21021 Road Transport: Excluding Rural Feeder Roads (Wealth Creation)" value="21021" iati-equivalent="sector">30%</legacy-data><legacy-data name="33120 Trade Facilitation (Wealth Creation)" value="33120" iati-equivalent="sector">40%</legacy-data><legacy-data name="33130 Regional Trade Agreements (RTAs) (Wealth Creation)" value="33130" iati-equivalent="sector">30%</legacy-data></iati-activity><iati-activity xml:lang="en" default-currency="GBP" hierarchy="2"><reporting-org ref="GB-1" type="10">Department for International Development</reporting-org><participating-org ref="GB" type="10" role="Funding">UNITED KINGDOM</participating-org><participating-org ref="GB-1" type="10" role="Extending">Department for International Development</participating-org><participating-org ref="52000" role="Implementing">Other.</participating-org><recipient-region>East Africa (EA)</recipient-region><collaboration-type code="1">Bilateral</collaboration-type><default-flow-type code="10">ODA</default-flow-type><default-aid-type code="C01">Project-type interventions</default-aid-type><default-finance-type code="110">Aid grant excluding debt reorganisation</default-finance-type><iati-identifier>GB-1-200624-102</iati-identifier><other-identifier owner-ref="GB-1" owner-name="DFID">200624-102</other-identifier><title>Technical Cooperation (Consultancies)</title><sector code="33120" percentage="40">Trade facilitation</sector><sector code="21020" percentage="30">Road transport</sector><sector code="33130" percentage="30">Regional trade agreements (RTAs)</sector><activity-date type="end-actual">2011-03-31</activity-date><activity-date type="end-planned">2011-03-31</activity-date><activity-date type="start-actual">2009-05-21</activity-date><activity-date type="start-planned">2009-05-21</activity-date><activity-status code="2">Implementation</activity-status><contact-info><organisation>Department for International Development</organisation><telephone>+44 (0) 1355 84 3132</telephone><email>enquiry@dfid.gov.uk</email><mailing-address>Public Enquiry Point, Abercrombie House, Eaglesham Road, East Kilbride, Glasgow G75 8EA</mailing-address></contact-info><default-tied-status code="5">Untied</default-tied-status><policy-marker code="1" vocabulary="DAC" significance="0">Gender Equality</policy-marker><policy-marker code="2" vocabulary="DAC" significance="0">Aid to Environment</policy-marker><policy-marker code="3" vocabulary="DAC" significance="0">Participatory Development/Good Governance</policy-marker><policy-marker code="4" vocabulary="DAC" significance="0">Trade Development</policy-marker><policy-marker code="5" vocabulary="DAC" significance="0">Aid Targeting the Objectives of the Convention on Biological Diversity</policy-marker><policy-marker code="6" vocabulary="DAC" significance="0">Aid Targeting the Objectives of the Framework Convention on Climate Change - Mitigation</policy-marker><policy-marker code="7" vocabulary="DAC" significance="0">Aid Targeting the Objectives of the Framework Convention on Climate Change - Adaptation</policy-marker><policy-marker code="8" vocabulary="DAC" significance="0">Aid Targeting the Objectives of the Convention to Combat Desertification</policy-marker><transaction><value value-date="2010-04-01">42127</value><transaction-type code="C">Commitment</transaction-type><transaction-date iso-date="2009-05-21">Total Commitment to 31 Mar 2011</transaction-date></transaction><transaction><value currency="GBP" value-date="2009-09-30">34977</value><transaction-type code="D">Disbursement</transaction-type><provider-org ref="GB-1">Department for International Development</provider-org><description>Aggregated spend data - Financial Year 2009 Quarter 2</description><transaction-date iso-date="2009-09-30"/></transaction><transaction><value currency="GBP" value-date="2010-06-25">7150</value><transaction-type code="E">Expenditure</transaction-type><provider-org ref="GB-1">Department for International Development</provider-org><receiver-org ref="52000">Other.</receiver-org><description>Technical &amp; Advisory services</description><transaction-date iso-date="2010-06-25"/></transaction><budget type="Revised"><period-start iso-date="2009-04-01"/><period-end iso-date="2010-03-31"/><value value-date="2009-04-01" currency="GBP">34977</value></budget><budget type="Revised"><period-start iso-date="2010-04-01"/><period-end iso-date="2011-03-31"/><value value-date="2010-04-01" currency="GBP">7150</value></budget><related-activity ref="GB-1-200624" type="1">East Africa Transit Improvement Programme - EATIP</related-activity><related-activity ref="GB-1-200624-101" type="3">Contribution Towards East Africa Trade &amp; Transport Facilitation</related-activity><legacy-data name="21021 Road Transport: Excluding Rural Feeder Roads (Wealth Creation)" value="21021" iati-equivalent="sector">30%</legacy-data><legacy-data name="33120 Trade Facilitation (Wealth Creation)" value="33120" iati-equivalent="sector">40%</legacy-data><legacy-data name="33130 Regional Trade Agreements (RTAs) (Wealth Creation)" value="33130" iati-equivalent="sector">30%</legacy-data></iati-activity><iati-activity xml:lang="en" default-currency="GBP" hierarchy="1"><reporting-org ref="GB-1" type="10">Department for International Development</reporting-org><participating-org ref="GB" type="10" role="Funding">UNITED KINGDOM</participating-org><participating-org ref="GB-1" type="10" role="Extending">Department for International Development</participating-org><iati-identifier>GB-1-201162</iati-identifier><other-identifier owner-ref="GB-1" owner-name="DFID">201162</other-identifier><title>CSCF 0471Children’S Rights in Africa</title><description>To create an enabling environment for legal and human rights of orphans and vulnerable children and their parents/guardians to be realised through advocacy initiatives at local, national and regional level.</description><activity-date type="end-actual">2010-03-31</activity-date><activity-date type="end-planned">2010-03-31</activity-date><activity-date type="start-actual">2009-09-18</activity-date><activity-date type="start-planned">2009-07-01</activity-date><activity-status code="4">Post-completion</activity-status><contact-info><organisation>Department for International Development</organisation><telephone>+44 (0) 1355 84 3132</telephone><email>enquiry@dfid.gov.uk</email><mailing-address>Public Enquiry Point, Abercrombie House, Eaglesham Road, East Kilbride, Glasgow G75 8EA</mailing-address></contact-info><default-tied-status code="5">Untied</default-tied-status><related-activity ref="GB-1-201162-101" type="2">CSCF 0471 Children’S Rights in Africa</related-activity></iati-activity><iati-activity xml:lang="en" default-currency="GBP" hierarchy="2"><reporting-org ref="GB-1" type="10">Department for International Development</reporting-org><participating-org ref="GB" type="10" role="Funding">UNITED KINGDOM</participating-org><participating-org ref="GB-1" type="10" role="Extending">Department for International Development</participating-org><participating-org ref="22000" role="Implementing">Donor country-based NGO</participating-org><recipient-region>East Africa (EA)</recipient-region><collaboration-type code="5">Aid through NGOs</collaboration-type><default-flow-type code="10">ODA</default-flow-type><default-aid-type code="C01">Project-type interventions</default-aid-type><default-finance-type code="110">Aid grant excluding debt reorganisation</default-finance-type><iati-identifier>GB-1-201162-101</iati-identifier><other-identifier owner-ref="GB-1" owner-name="DFID">201162-101</other-identifier><title>CSCF 0471 Children’S Rights in Africa</title><sector code="15150" percentage="50">Democratic participation and civil society</sector><sector code="13040" percentage="10">STD control including HIV/Aids</sector><activity-date type="end-actual">2010-03-31</activity-date><activity-date type="end-planned">2010-03-31</activity-date><activity-date type="start-actual">2009-09-17</activity-date><activity-date type="start-planned">2009-09-17</activity-date><activity-status code="4">Post-completion</activity-status><contact-info><organisation>Department for International Development</organisation><telephone>+44 (0) 1355 84 3132</telephone><email>enquiry@dfid.gov.uk</email><mailing-address>Public Enquiry Point, Abercrombie House, Eaglesham Road, East Kilbride, Glasgow G75 8EA</mailing-address></contact-info><default-tied-status code="5">Untied</default-tied-status><policy-marker code="1" vocabulary="DAC" significance="0">Gender Equality</policy-marker><policy-marker code="2" vocabulary="DAC" significance="0">Aid to Environment</policy-marker><policy-marker code="3" vocabulary="DAC" significance="2">Participatory Development/Good Governance</policy-marker><policy-marker code="4" vocabulary="DAC" significance="0">Trade Development</policy-marker><policy-marker code="5" vocabulary="DAC" significance="0">Aid Targeting the Objectives of the Convention on Biological Diversity</policy-marker><policy-marker code="6" vocabulary="DAC" significance="0">Aid Targeting the Objectives of the Framework Convention on Climate Change - Mitigation</policy-marker><policy-marker code="7" vocabulary="DAC" significance="0">Aid Targeting the Objectives of the Framework Convention on Climate Change - Adaptation</policy-marker><policy-marker code="8" vocabulary="DAC" significance="0">Aid Targeting the Objectives of the Convention to Combat Desertification</policy-marker><transaction><value value-date="2012-04-01">117405</value><transaction-type code="C">Commitment</transaction-type><transaction-date iso-date="2009-09-17">Total Commitment to 31 Mar 2010</transaction-date></transaction><transaction><value currency="GBP" value-date="2009-12-31">62406</value><transaction-type code="D">Disbursement</transaction-type><provider-org ref="GB-1">Department for International Development</provider-org><description>Aggregated spend data - Financial Year 2009 Quarter 3</description><transaction-date iso-date="2009-12-31"/></transaction><transaction><value currency="GBP" value-date="2010-03-31">54999</value><transaction-type code="D">Disbursement</transaction-type><provider-org ref="GB-1">Department for International Development</provider-org><description>Aggregated spend data - Financial Year 2009 Quarter 4</description><transaction-date iso-date="2010-03-31"/></transaction><budget type="Revised"><period-start iso-date="2009-04-01"/><period-end iso-date="2010-03-31"/><value value-date="2009-04-01" currency="GBP">117405</value></budget><related-activity ref="GB-1-201162" type="1">CSCF 0471Children’S Rights in Africa</related-activity><legacy-data name="13041 HIV/AIDS including STD Prevention, Health (MDG Hiv/Aids)" value="13041" iati-equivalent="sector">10%</legacy-data><legacy-data name="15150 Strengthening Civil Society: (Governance and Security)" value="15150" iati-equivalent="sector">50%</legacy-data><legacy-data name="15162 Human Rights: (Governance and Security)" value="15162" iati-equivalent="sector">40%</legacy-data></iati-activity><iati-activity xml:lang="en" default-currency="GBP" hierarchy="1"><reporting-org ref="GB-1" type="10">Department for International Development</reporting-org><participating-org ref="GB" type="10" role="Funding">UNITED KINGDOM</participating-org><participating-org ref="GB-1" type="10" role="Extending">Department for International Development</participating-org><iati-identifier>GB-1-201508</iati-identifier><other-identifier owner-ref="GB-1" owner-name="DFID">201508</other-identifier><title>Africa Conflict Prevention Programme Horn Strategic Conflict Analysis</title><description>To update the ACPP Horn Strategic conflict analysis in light of recent developments</description><activity-date type="end-actual">2010-03-31</activity-date><activity-date type="end-planned">2010-03-31</activity-date><activity-date type="start-actual">2010-02-02</activity-date><activity-date type="start-planned">2009-12-15</activity-date><activity-status code="4">Post-completion</activity-status><contact-info><organisation>Department for International Development</organisation><telephone>+44 (0) 1355 84 3132</telephone><email>enquiry@dfid.gov.uk</email><mailing-address>Public Enquiry Point, Abercrombie House, Eaglesham Road, East Kilbride, Glasgow G75 8EA</mailing-address></contact-info><default-tied-status code="5">Untied</default-tied-status><related-activity ref="GB-1-201508-101" type="2">Africa Conflict Prevention Programme Horn Strategic Conflict Analysis</related-activity></iati-activity><iati-activity xml:lang="en" default-currency="GBP" hierarchy="2"><reporting-org ref="GB-1" type="10">Department for International Development</reporting-org><participating-org ref="GB" type="10" role="Funding">UNITED KINGDOM</participating-org><participating-org ref="GB-1" type="10" role="Extending">Department for International Development</participating-org><participating-org ref="51000" role="Implementing">University, college or other teaching institution, research institute or think-tank</participating-org><recipient-region>East Africa (EA)</recipient-region><collaboration-type code="1">Bilateral</collaboration-type><default-flow-type code="10">ODA</default-flow-type><default-aid-type code="C01">Project-type interventions</default-aid-type><default-finance-type code="110">Aid grant excluding debt reorganisation</default-finance-type><iati-identifier>GB-1-201508-101</iati-identifier><other-identifier owner-ref="GB-1" owner-name="DFID">201508-101</other-identifier><title>Africa Conflict Prevention Programme Horn Strategic Conflict Analysis</title><sector code="15210">Security system management and reform</sector><activity-date type="end-actual">2010-03-31</activity-date><activity-date type="end-planned">2010-03-31</activity-date><activity-date type="start-actual">2009-12-15</activity-date><activity-date type="start-planned">2009-12-15</activity-date><activity-status code="4">Post-completion</activity-status><contact-info><organisation>Department for International Development</organisation><telephone>+44 (0) 1355 84 3132</telephone><email>enquiry@dfid.gov.uk</email><mailing-address>Public Enquiry Point, Abercrombie House, Eaglesham Road, East Kilbride, Glasgow G75 8EA</mailing-address></contact-info><default-tied-status code="5">Untied</default-tied-status><policy-marker code="1" vocabulary="DAC" significance="0">Gender Equality</policy-marker><policy-marker code="2" vocabulary="DAC" significance="0">Aid to Environment</policy-marker><policy-marker code="3" vocabulary="DAC" significance="2">Participatory Development/Good Governance</policy-marker><policy-marker code="4" vocabulary="DAC" significance="0">Trade Development</policy-marker><policy-marker code="5" vocabulary="DAC" significance="0">Aid Targeting the Objectives of the Convention on Biological Diversity</policy-marker><policy-marker code="6" vocabulary="DAC" significance="0">Aid Targeting the Objectives of the Framework Convention on Climate Change - Mitigation</policy-marker><policy-marker code="7" vocabulary="DAC" significance="0">Aid Targeting the Objectives of the Framework Convention on Climate Change - Adaptation</policy-marker><policy-marker code="8" vocabulary="DAC" significance="0">Aid Targeting the Objectives of the Convention to Combat Desertification</policy-marker><transaction><value value-date="2010-04-01">5500</value><transaction-type code="C">Commitment</transaction-type><transaction-date iso-date="2009-12-15">Total Commitment to 31 Mar 2010</transaction-date></transaction><transaction><value currency="GBP" value-date="2010-03-31">4000</value><transaction-type code="D">Disbursement</transaction-type><provider-org ref="GB-1">Department for International Development</provider-org><description>Aggregated spend data - Financial Year 2009 Quarter 4</description><transaction-date iso-date="2010-03-31"/></transaction><transaction><value currency="GBP" value-date="2010-05-11">-4000</value><transaction-type code="D">Disbursement</transaction-type><provider-org ref="GB-1">Department for International Development</provider-org><description>Aggregated spend data - Financial Year 2010 Quarter 1 (prior to 12th May 2010)</description><transaction-date iso-date="2010-05-11"/></transaction><transaction><value currency="GBP" value-date="2010-05-11">5500</value><transaction-type code="D">Disbursement</transaction-type><provider-org ref="GB-1">Department for International Development</provider-org><description>Aggregated spend data - Financial Year 2010 Quarter 1 (prior to 12th May 2010)</description><transaction-date iso-date="2010-05-11"/></transaction><budget type="Revised"><period-start iso-date="2009-04-01"/><period-end iso-date="2010-03-31"/><value value-date="2009-04-01" currency="GBP">4000</value></budget><budget type="Revised"><period-start iso-date="2010-04-01"/><period-end iso-date="2011-03-31"/><value value-date="2010-04-01" currency="GBP">1500</value></budget><related-activity ref="GB-1-201508" type="1">Africa Conflict Prevention Programme Horn Strategic Conflict Analysis</related-activity><legacy-data name="15210 Security System Management and Reform: (Governance and Security)" value="15210" iati-equivalent="sector"/></iati-activity></iati-activities>