<iati-activities version="1.01" generated-datetime="2013-03-28T16:48:56Z"><ir:registry-record xml:lang="en" file-id="GB-1" source-url="http://projects.dfid.gov.uk/iati/NonIATI/EB" publisher-id="GB-1" publisher-role="Funding" contact-email="ppisupport@dfid.gov.uk" donor-id="GB-1" donor-type="10" title="DFID Activity File" activity-period="All Periods" last-updated-datetime="2013-03-28T16:48:56Z" generated-datetime="2013-03-28T16:48:56Z" verification-status="1" format="xml" license="IATI" xmlns:ir="http://iatiregistry.org/ns/record#"/><iati-activity xml:lang="en" default-currency="GBP" hierarchy="1"><reporting-org ref="GB-1" type="10">Department for International Development</reporting-org><participating-org ref="GB" type="10" role="Funding">UNITED KINGDOM</participating-org><participating-org ref="GB-1" type="10" role="Extending">Department for International Development</participating-org><iati-identifier>GB-1-200092</iati-identifier><other-identifier owner-ref="GB-1" owner-name="DFID">200092</other-identifier><title>Regional East African Integration Programme (Reap) - 2008-2013</title><description>Greater regional economic and social integration in East Africa</description><activity-date type="end-actual">2013-09-30</activity-date><activity-date type="end-planned">2013-09-30</activity-date><activity-date type="start-actual">2008-11-20</activity-date><activity-date type="start-planned">2008-05-01</activity-date><activity-status code="2">Implementation</activity-status><contact-info><organisation>Department for International Development</organisation><telephone>+44 (0) 1355 84 3132</telephone><email>enquiry@dfid.gov.uk</email><mailing-address>Public Enquiry Point, Abercrombie House, Eaglesham Road, East Kilbride, Glasgow G75 8EA</mailing-address></contact-info><default-tied-status code="5">Untied</default-tied-status><related-activity ref="GB-1-200092-101" type="2">Reap- Project Design</related-activity><related-activity ref="GB-1-200092-102" type="2">REAP Implementation budget</related-activity><related-activity ref="GB-1-200092-103" type="2">EAC Contribution</related-activity><related-activity ref="GB-1-200092-104" type="2">Reap- MOU Rwanda Revenue Authority</related-activity><related-activity ref="GB-1-200092-105" type="2">REAO-Trademark East Africa</related-activity><related-activity ref="GB-1-200092-107" type="2">Reap-International Organisation for Migration MOU</related-activity><related-activity ref="GB-1-200092-109" type="2">Reap-Kenya Ministry of East African Cooperation: ODI Fellow 2009-11</related-activity><related-activity ref="GB-1-200092-110" type="2">Reap-MOU Support to USAID</related-activity><related-activity ref="GB-1-200092-112" type="2">Reap -Contribution to Trademark East Africa</related-activity><related-activity ref="GB-1-200092-113" type="2">Transfered to component 115</related-activity><related-activity ref="GB-1-200092-114" type="2">Reap - Moses OCHIENG' FSD</related-activity></iati-activity><iati-activity xml:lang="en" default-currency="GBP" hierarchy="2"><reporting-org ref="GB-1" type="10">Department for International Development</reporting-org><participating-org ref="GB" type="10" role="Funding">UNITED KINGDOM</participating-org><participating-org ref="GB-1" type="10" role="Extending">Department for International Development</participating-org><participating-org ref="52000" role="Implementing">Other.</participating-org><recipient-region>East African Community (EB)</recipient-region><collaboration-type code="1">Bilateral</collaboration-type><default-flow-type code="10">ODA</default-flow-type><default-aid-type code="C01">Project-type interventions</default-aid-type><default-finance-type code="110">Aid grant excluding debt reorganisation</default-finance-type><iati-identifier>GB-1-200092-101</iati-identifier><other-identifier owner-ref="GB-1" owner-name="DFID">200092-101</other-identifier><title>Reap- Project Design</title><sector code="33110" percentage="50">Trade policy and administrative management</sector><sector code="21010" percentage="25">Transport policy and administrative management</sector><sector code="32130" percentage="10">Small and medium-sized enterprises (SME) development</sector><sector code="24010" percentage="8">Financial policy and administrative management</sector><sector code="16010" percentage="7">Social/welfare services</sector><activity-date type="end-actual">2013-06-30</activity-date><activity-date type="end-planned">2013-06-30</activity-date><activity-date type="start-actual">2008-05-01</activity-date><activity-date type="start-planned">2008-05-01</activity-date><activity-status code="2">Implementation</activity-status><contact-info><organisation>Department for International Development</organisation><telephone>+44 (0) 1355 84 3132</telephone><email>enquiry@dfid.gov.uk</email><mailing-address>Public Enquiry Point, Abercrombie House, Eaglesham Road, East Kilbride, Glasgow G75 8EA</mailing-address></contact-info><default-tied-status code="5">Untied</default-tied-status><policy-marker code="1" vocabulary="DAC" significance="0">Gender Equality</policy-marker><policy-marker code="2" vocabulary="DAC" significance="1">Aid to Environment</policy-marker><policy-marker code="3" vocabulary="DAC" significance="0">Participatory Development/Good Governance</policy-marker><policy-marker code="4" vocabulary="DAC" significance="0">Trade Development</policy-marker><policy-marker code="5" vocabulary="DAC" significance="0">Aid Targeting the Objectives of the Convention on Biological Diversity</policy-marker><policy-marker code="6" vocabulary="DAC" significance="0">Aid Targeting the Objectives of the Framework Convention on Climate Change - Mitigation</policy-marker><policy-marker code="7" vocabulary="DAC" significance="0">Aid Targeting the Objectives of the Framework Convention on Climate Change - Adaptation</policy-marker><policy-marker code="8" vocabulary="DAC" significance="0">Aid Targeting the Objectives of the Convention to Combat Desertification</policy-marker><transaction><value value-date="2010-04-01">205388</value><transaction-type code="C">Commitment</transaction-type><transaction-date iso-date="2008-05-01">Total Commitment to 30 Jun 2013</transaction-date></transaction><transaction><value currency="GBP" value-date="2008-09-30">19289</value><transaction-type code="D">Disbursement</transaction-type><provider-org ref="GB-1">Department for International Development</provider-org><description>Aggregated spend data - Financial Year 2008 Quarter 2</description><transaction-date iso-date="2008-09-30"/></transaction><transaction><value currency="GBP" value-date="2008-12-31">63303</value><transaction-type code="D">Disbursement</transaction-type><provider-org ref="GB-1">Department for International Development</provider-org><description>Aggregated spend data - Financial Year 2008 Quarter 3</description><transaction-date iso-date="2008-12-31"/></transaction><transaction><value currency="GBP" value-date="2009-03-31">96773</value><transaction-type code="D">Disbursement</transaction-type><provider-org ref="GB-1">Department for International Development</provider-org><description>Aggregated spend data - Financial Year 2008 Quarter 4</description><transaction-date iso-date="2009-03-31"/></transaction><transaction><value currency="GBP" value-date="2009-06-30">60929</value><transaction-type code="D">Disbursement</transaction-type><provider-org ref="GB-1">Department for International Development</provider-org><description>Aggregated spend data - Financial Year 2009 Quarter 1</description><transaction-date iso-date="2009-06-30"/></transaction><transaction><value currency="GBP" value-date="2009-09-30">-724</value><transaction-type code="D">Disbursement</transaction-type><provider-org ref="GB-1">Department for International Development</provider-org><description>Aggregated spend data - Financial Year 2009 Quarter 2</description><transaction-date iso-date="2009-09-30"/></transaction><transaction><value currency="GBP" value-date="2009-12-31">3750</value><transaction-type code="D">Disbursement</transaction-type><provider-org ref="GB-1">Department for International Development</provider-org><description>Aggregated spend data - Financial Year 2009 Quarter 3</description><transaction-date iso-date="2009-12-31"/></transaction><transaction><value currency="GBP" value-date="2010-03-31">-38435</value><transaction-type code="D">Disbursement</transaction-type><provider-org ref="GB-1">Department for International Development</provider-org><description>Aggregated spend data - Financial Year 2009 Quarter 4</description><transaction-date iso-date="2010-03-31"/></transaction><transaction><value currency="GBP" value-date="2010-12-31">272</value><transaction-type code="D">Disbursement</transaction-type><provider-org ref="GB-1">Department for International Development</provider-org><description>Aggregated spend of less than £500 - Financial Year 2010 Quarter 3</description><transaction-date iso-date="2010-12-31"/></transaction><budget type="Revised"><period-start iso-date="2008-04-01"/><period-end iso-date="2009-03-31"/><value value-date="2008-04-01" currency="GBP">179547</value></budget><budget type="Revised"><period-start iso-date="2009-04-01"/><period-end iso-date="2010-03-31"/><value value-date="2009-04-01" currency="GBP">25568</value></budget><budget type="Revised"><period-start iso-date="2010-04-01"/><period-end iso-date="2011-03-31"/><value value-date="2010-04-01" currency="GBP">272</value></budget><related-activity ref="GB-1-200092" type="1">Regional East African Integration Programme (Reap) - 2008-2013</related-activity><related-activity ref="GB-1-200092-102" type="3">REAP Implementation budget</related-activity><related-activity ref="GB-1-200092-103" type="3">EAC Contribution</related-activity><related-activity ref="GB-1-200092-104" type="3">Reap- MOU Rwanda Revenue Authority</related-activity><related-activity ref="GB-1-200092-105" type="3">REAO-Trademark East Africa</related-activity><related-activity ref="GB-1-200092-107" type="3">Reap-International Organisation for Migration MOU</related-activity><related-activity ref="GB-1-200092-109" type="3">Reap-Kenya Ministry of East African Cooperation: ODI Fellow 2009-11</related-activity><related-activity ref="GB-1-200092-110" type="3">Reap-MOU Support to USAID</related-activity><related-activity ref="GB-1-200092-112" type="3">Reap -Contribution to Trademark East Africa</related-activity><related-activity ref="GB-1-200092-113" type="3">Transfered to component 115</related-activity><related-activity ref="GB-1-200092-114" type="3">Reap - Moses OCHIENG' FSD</related-activity><legacy-data name="16012 Social Other, Social infrastructure and Services (MDG Poverty, Hunger and Vulnerability)" value="16012" iati-equivalent="sector">7%</legacy-data><legacy-data name="21010 Transport Policy and Administrative Management (Wealth Creation)" value="21010" iati-equivalent="sector">25%</legacy-data><legacy-data name="24010 Financial Policy and Administrative Management (Wealth Creation)" value="24010" iati-equivalent="sector">8%</legacy-data><legacy-data name="32130 Small and Medium-Sized Enterprises (SME): Development (Wealth Creation)" value="32130" iati-equivalent="sector">10%</legacy-data><legacy-data name="33110 Trade Policy and Administrative Management (Wealth Creation)" value="33110" iati-equivalent="sector">50%</legacy-data></iati-activity><iati-activity xml:lang="en" default-currency="GBP" hierarchy="2"><reporting-org ref="GB-1" type="10">Department for International Development</reporting-org><participating-org ref="GB" type="10" role="Funding">UNITED KINGDOM</participating-org><participating-org ref="GB-1" type="10" role="Extending">Department for International Development</participating-org><participating-org ref="52000" role="Implementing">Other.</participating-org><recipient-region>East African Community (EB)</recipient-region><collaboration-type code="1">Bilateral</collaboration-type><default-flow-type code="10">ODA</default-flow-type><default-aid-type code="C01">Project-type interventions</default-aid-type><default-finance-type code="110">Aid grant excluding debt reorganisation</default-finance-type><iati-identifier>GB-1-200092-102</iati-identifier><other-identifier owner-ref="GB-1" owner-name="DFID">200092-102</other-identifier><title>REAP Implementation budget</title><sector code="33130" percentage="50">Regional trade agreements (RTAs)</sector><sector code="21010" percentage="25">Transport policy and administrative management</sector><sector code="32130" percentage="10">Small and medium-sized enterprises (SME) development</sector><sector code="24010" percentage="8">Financial policy and administrative management</sector><sector code="16010" percentage="7">Social/welfare services</sector><activity-date type="end-actual">2013-06-30</activity-date><activity-date type="end-planned">2013-06-30</activity-date><activity-date type="start-actual">2008-05-01</activity-date><activity-date type="start-planned">2008-05-01</activity-date><activity-status code="2">Implementation</activity-status><contact-info><organisation>Department for International Development</organisation><telephone>+44 (0) 1355 84 3132</telephone><email>enquiry@dfid.gov.uk</email><mailing-address>Public Enquiry Point, Abercrombie House, Eaglesham Road, East Kilbride, Glasgow G75 8EA</mailing-address></contact-info><default-tied-status code="5">Untied</default-tied-status><policy-marker code="1" vocabulary="DAC" significance="0">Gender Equality</policy-marker><policy-marker code="2" vocabulary="DAC" significance="1">Aid to Environment</policy-marker><policy-marker code="3" vocabulary="DAC" significance="0">Participatory Development/Good Governance</policy-marker><policy-marker code="4" vocabulary="DAC" significance="0">Trade Development</policy-marker><policy-marker code="5" vocabulary="DAC" significance="0">Aid Targeting the Objectives of the Convention on Biological Diversity</policy-marker><policy-marker code="6" vocabulary="DAC" significance="0">Aid Targeting the Objectives of the Framework Convention on Climate Change - Mitigation</policy-marker><policy-marker code="7" vocabulary="DAC" significance="0">Aid Targeting the Objectives of the Framework Convention on Climate Change - Adaptation</policy-marker><policy-marker code="8" vocabulary="DAC" significance="0">Aid Targeting the Objectives of the Convention to Combat Desertification</policy-marker><transaction><value value-date="2013-04-01">2765474</value><transaction-type code="C">Commitment</transaction-type><transaction-date iso-date="2008-05-01">Total Commitment to 30 Jun 2013</transaction-date></transaction><transaction><value currency="GBP" value-date="2009-03-31">171201</value><transaction-type code="D">Disbursement</transaction-type><provider-org ref="GB-1">Department for International Development</provider-org><description>Aggregated spend data - Financial Year 2008 Quarter 4</description><transaction-date iso-date="2009-03-31"/></transaction><transaction><value currency="GBP" value-date="2009-06-30">141185</value><transaction-type code="D">Disbursement</transaction-type><provider-org ref="GB-1">Department for International Development</provider-org><description>Aggregated spend data - Financial Year 2009 Quarter 1</description><transaction-date iso-date="2009-06-30"/></transaction><transaction><value currency="GBP" value-date="2009-09-30">308760</value><transaction-type code="D">Disbursement</transaction-type><provider-org ref="GB-1">Department for International Development</provider-org><description>Aggregated spend data - Financial Year 2009 Quarter 2</description><transaction-date iso-date="2009-09-30"/></transaction><transaction><value currency="GBP" value-date="2009-12-31">311849</value><transaction-type code="D">Disbursement</transaction-type><provider-org ref="GB-1">Department for International Development</provider-org><description>Aggregated spend data - Financial Year 2009 Quarter 3</description><transaction-date iso-date="2009-12-31"/></transaction><transaction><value currency="GBP" value-date="2010-03-31">870376</value><transaction-type code="D">Disbursement</transaction-type><provider-org ref="GB-1">Department for International Development</provider-org><description>Aggregated spend data - Financial Year 2009 Quarter 4</description><transaction-date iso-date="2010-03-31"/></transaction><transaction><value currency="GBP" value-date="2010-05-11">261390</value><transaction-type code="D">Disbursement</transaction-type><provider-org ref="GB-1">Department for International Development</provider-org><description>Aggregated spend data - Financial Year 2010 Quarter 1 (prior to 12th May 2010)</description><transaction-date iso-date="2010-05-11"/></transaction><transaction><value currency="GBP" value-date="2010-05-11">-247719</value><transaction-type code="D">Disbursement</transaction-type><provider-org ref="GB-1">Department for International Development</provider-org><description>Aggregated spend data - Financial Year 2010 Quarter 1 (prior to 12th May 2010)</description><transaction-date iso-date="2010-05-11"/></transaction><transaction><value currency="GBP" value-date="2010-05-20">550000</value><transaction-type code="D">Disbursement</transaction-type><provider-org ref="GB-1">Department for International Development</provider-org><receiver-org>Journal Transaction</receiver-org><description>Technical &amp; Advisory services</description><transaction-date iso-date="2010-05-20"/></transaction><transaction><value currency="GBP" value-date="2010-05-25">860</value><transaction-type code="D">Disbursement</transaction-type><provider-org ref="GB-1">Department for International Development</provider-org><receiver-org ref="52000">Other.</receiver-org><description>Technical &amp; Advisory services</description><transaction-date iso-date="2010-05-25"/></transaction><transaction><value currency="GBP" value-date="2010-05-25">612</value><transaction-type code="D">Disbursement</transaction-type><provider-org ref="GB-1">Department for International Development</provider-org><receiver-org ref="52000">Other.</receiver-org><description>Technical &amp; Advisory services</description><transaction-date iso-date="2010-05-25"/></transaction><transaction><value currency="GBP" value-date="2010-05-27">24346</value><transaction-type code="D">Disbursement</transaction-type><provider-org ref="GB-1">Department for International Development</provider-org><receiver-org ref="52000">Other.</receiver-org><description>Technical &amp; Advisory services</description><transaction-date iso-date="2010-05-27"/></transaction><transaction><value currency="GBP" value-date="2010-05-27">17974</value><transaction-type code="D">Disbursement</transaction-type><provider-org ref="GB-1">Department for International Development</provider-org><receiver-org ref="52000">Other.</receiver-org><description>Technical &amp; Advisory services</description><transaction-date iso-date="2010-05-27"/></transaction><transaction><value currency="GBP" value-date="2010-05-27">-17974</value><transaction-type code="D">Disbursement</transaction-type><provider-org ref="GB-1">Department for International Development</provider-org><receiver-org ref="52000">Other.</receiver-org><description>Technical &amp; Advisory services</description><transaction-date iso-date="2010-05-27"/></transaction><transaction><value currency="GBP" value-date="2010-05-27">53880</value><transaction-type code="D">Disbursement</transaction-type><provider-org ref="GB-1">Department for International Development</provider-org><receiver-org ref="52000">Other.</receiver-org><description>Technical &amp; Advisory services</description><transaction-date iso-date="2010-05-27"/></transaction><transaction><value currency="GBP" value-date="2010-05-27">20259</value><transaction-type code="D">Disbursement</transaction-type><provider-org ref="GB-1">Department for International Development</provider-org><receiver-org ref="52000">Other.</receiver-org><description>Technical &amp; Advisory services</description><transaction-date iso-date="2010-05-27"/></transaction><transaction><value currency="GBP" value-date="2010-05-28">8100</value><transaction-type code="D">Disbursement</transaction-type><provider-org ref="GB-1">Department for International Development</provider-org><receiver-org ref="52000">Other.</receiver-org><description>Technical &amp; Advisory services</description><transaction-date iso-date="2010-05-28"/></transaction><transaction><value currency="GBP" value-date="2010-06-03">5240</value><transaction-type code="D">Disbursement</transaction-type><provider-org ref="GB-1">Department for International Development</provider-org><receiver-org>Journal Transaction</receiver-org><description>Technical &amp; Advisory services</description><transaction-date iso-date="2010-06-03"/></transaction><transaction><value currency="GBP" value-date="2010-06-03">1211</value><transaction-type code="D">Disbursement</transaction-type><provider-org ref="GB-1">Department for International Development</provider-org><receiver-org>Journal Transaction</receiver-org><description>Technical &amp; Advisory services</description><transaction-date iso-date="2010-06-03"/></transaction><transaction><value currency="GBP" value-date="2010-06-03">1392</value><transaction-type code="D">Disbursement</transaction-type><provider-org ref="GB-1">Department for International Development</provider-org><receiver-org>Journal Transaction</receiver-org><description>Technical &amp; Advisory services</description><transaction-date iso-date="2010-06-03"/></transaction><transaction><value currency="GBP" value-date="2010-06-03">1079</value><transaction-type code="D">Disbursement</transaction-type><provider-org ref="GB-1">Department for International Development</provider-org><receiver-org>Journal Transaction</receiver-org><description>Technical &amp; Advisory services</description><transaction-date iso-date="2010-06-03"/></transaction><transaction><value currency="GBP" value-date="2010-06-03">528</value><transaction-type code="D">Disbursement</transaction-type><provider-org ref="GB-1">Department for International Development</provider-org><receiver-org>Journal Transaction</receiver-org><description>Technical &amp; Advisory services</description><transaction-date iso-date="2010-06-03"/></transaction><transaction><value currency="GBP" value-date="2010-06-03">535</value><transaction-type code="D">Disbursement</transaction-type><provider-org ref="GB-1">Department for International Development</provider-org><receiver-org>Journal Transaction</receiver-org><description>Technical &amp; Advisory services</description><transaction-date iso-date="2010-06-03"/></transaction><transaction><value currency="GBP" value-date="2010-06-03">1179</value><transaction-type code="D">Disbursement</transaction-type><provider-org ref="GB-1">Department for International Development</provider-org><receiver-org>Journal Transaction</receiver-org><description>Technical &amp; Advisory services</description><transaction-date iso-date="2010-06-03"/></transaction><transaction><value currency="GBP" value-date="2010-06-03">2731</value><transaction-type code="D">Disbursement</transaction-type><provider-org ref="GB-1">Department for International Development</provider-org><receiver-org>Journal Transaction</receiver-org><description>Technical &amp; Advisory services</description><transaction-date iso-date="2010-06-03"/></transaction><transaction><value currency="GBP" value-date="2010-06-03">980</value><transaction-type code="D">Disbursement</transaction-type><provider-org ref="GB-1">Department for International Development</provider-org><receiver-org>Journal Transaction</receiver-org><description>Technical &amp; Advisory services</description><transaction-date iso-date="2010-06-03"/></transaction><transaction><value currency="GBP" value-date="2010-06-08">16947</value><transaction-type code="D">Disbursement</transaction-type><provider-org ref="GB-1">Department for International Development</provider-org><receiver-org ref="52000">Other.</receiver-org><description>Technical &amp; Advisory services</description><transaction-date iso-date="2010-06-08"/></transaction><transaction><value currency="GBP" value-date="2010-06-09">542</value><transaction-type code="D">Disbursement</transaction-type><provider-org ref="GB-1">Department for International Development</provider-org><receiver-org ref="52000">Other.</receiver-org><description>Technical &amp; Advisory services</description><transaction-date iso-date="2010-06-09"/></transaction><transaction><value currency="GBP" value-date="2010-06-09">15931</value><transaction-type code="D">Disbursement</transaction-type><provider-org ref="GB-1">Department for International Development</provider-org><receiver-org ref="52000">Other.</receiver-org><description>Technical &amp; Advisory services</description><transaction-date iso-date="2010-06-09"/></transaction><transaction><value currency="GBP" value-date="2010-06-10">33092</value><transaction-type code="D">Disbursement</transaction-type><provider-org ref="GB-1">Department for International Development</provider-org><receiver-org ref="52000">Other.</receiver-org><description>Technical &amp; Advisory services</description><transaction-date iso-date="2010-06-10"/></transaction><transaction><value currency="GBP" value-date="2010-06-14">3678</value><transaction-type code="D">Disbursement</transaction-type><provider-org ref="GB-1">Department for International Development</provider-org><receiver-org ref="52000">Other.</receiver-org><description>Technical &amp; Advisory services</description><transaction-date iso-date="2010-06-14"/></transaction><transaction><value currency="GBP" value-date="2010-06-14">8014</value><transaction-type code="D">Disbursement</transaction-type><provider-org ref="GB-1">Department for International Development</provider-org><receiver-org ref="52000">Other.</receiver-org><description>Technical &amp; Advisory services</description><transaction-date iso-date="2010-06-14"/></transaction><transaction><value currency="GBP" value-date="2010-06-14">8072</value><transaction-type code="D">Disbursement</transaction-type><provider-org ref="GB-1">Department for International Development</provider-org><receiver-org ref="52000">Other.</receiver-org><description>Technical &amp; Advisory services</description><transaction-date iso-date="2010-06-14"/></transaction><transaction><value currency="GBP" value-date="2010-06-22">20265</value><transaction-type code="D">Disbursement</transaction-type><provider-org ref="GB-1">Department for International Development</provider-org><receiver-org ref="52000">Other.</receiver-org><description>Technical &amp; Advisory services</description><transaction-date iso-date="2010-06-22"/></transaction><transaction><value currency="GBP" value-date="2010-06-23">12567</value><transaction-type code="D">Disbursement</transaction-type><provider-org ref="GB-1">Department for International Development</provider-org><receiver-org ref="52000">Other.</receiver-org><description>Technical &amp; Advisory services</description><transaction-date iso-date="2010-06-23"/></transaction><transaction><value currency="GBP" value-date="2010-06-23">1467</value><transaction-type code="D">Disbursement</transaction-type><provider-org ref="GB-1">Department for International Development</provider-org><receiver-org>Journal Transaction</receiver-org><description>Technical &amp; Advisory services</description><transaction-date iso-date="2010-06-23"/></transaction><transaction><value currency="GBP" value-date="2010-06-25">1260</value><transaction-type code="D">Disbursement</transaction-type><provider-org ref="GB-1">Department for International Development</provider-org><receiver-org>Journal Transaction</receiver-org><description>Technical &amp; Advisory services</description><transaction-date iso-date="2010-06-25"/></transaction><transaction><value currency="GBP" value-date="2010-06-29">23675</value><transaction-type code="D">Disbursement</transaction-type><provider-org ref="GB-1">Department for International Development</provider-org><receiver-org ref="52000">Other.</receiver-org><description>Technical &amp; Advisory services</description><transaction-date iso-date="2010-06-29"/></transaction><transaction><value currency="GBP" value-date="2010-06-29">99240</value><transaction-type code="D">Disbursement</transaction-type><provider-org ref="GB-1">Department for International Development</provider-org><receiver-org ref="52000">Other.</receiver-org><description>Technical &amp; Advisory services</description><transaction-date iso-date="2010-06-29"/></transaction><transaction><value currency="GBP" value-date="2010-06-29">4174</value><transaction-type code="D">Disbursement</transaction-type><provider-org ref="GB-1">Department for International Development</provider-org><receiver-org ref="52000">Other.</receiver-org><description>Technical &amp; Advisory services</description><transaction-date iso-date="2010-06-29"/></transaction><transaction><value currency="GBP" value-date="2010-06-29">8718</value><transaction-type code="D">Disbursement</transaction-type><provider-org ref="GB-1">Department for International Development</provider-org><receiver-org ref="52000">Other.</receiver-org><description>Technical &amp; Advisory services</description><transaction-date iso-date="2010-06-29"/></transaction><transaction><value currency="GBP" value-date="2010-06-30">924</value><transaction-type code="D">Disbursement</transaction-type><provider-org ref="GB-1">Department for International Development</provider-org><description>Aggregated spend of less than £500 - Financial Year 2010 Quarter 1</description><transaction-date iso-date="2010-06-30"/></transaction><transaction><value currency="GBP" value-date="2010-07-02">5921</value><transaction-type code="D">Disbursement</transaction-type><provider-org ref="GB-1">Department for International Development</provider-org><receiver-org ref="52000">Other.</receiver-org><description>Technical &amp; Advisory services</description><transaction-date iso-date="2010-07-02"/></transaction><transaction><value currency="GBP" value-date="2010-07-12">16574</value><transaction-type code="D">Disbursement</transaction-type><provider-org ref="GB-1">Department for International Development</provider-org><receiver-org ref="52000">Other.</receiver-org><description>Technical &amp; Advisory services</description><transaction-date iso-date="2010-07-12"/></transaction><transaction><value currency="GBP" value-date="2010-07-14">3678</value><transaction-type code="D">Disbursement</transaction-type><provider-org ref="GB-1">Department for International Development</provider-org><receiver-org ref="52000">Other.</receiver-org><description>Technical &amp; Advisory services</description><transaction-date iso-date="2010-07-14"/></transaction><transaction><value currency="GBP" value-date="2010-07-15">7075</value><transaction-type code="D">Disbursement</transaction-type><provider-org ref="GB-1">Department for International Development</provider-org><receiver-org ref="52000">Other.</receiver-org><description>Technical &amp; Advisory services</description><transaction-date iso-date="2010-07-15"/></transaction><transaction><value currency="GBP" value-date="2010-07-27">7363</value><transaction-type code="D">Disbursement</transaction-type><provider-org ref="GB-1">Department for International Development</provider-org><receiver-org ref="52000">Other.</receiver-org><description>Technical &amp; Advisory services</description><transaction-date iso-date="2010-07-27"/></transaction><transaction><value currency="GBP" value-date="2010-07-27">-550000</value><transaction-type code="D">Disbursement</transaction-type><provider-org ref="GB-1">Department for International Development</provider-org><receiver-org>Journal Transaction</receiver-org><description>Technical &amp; Advisory services</description><transaction-date iso-date="2010-07-27"/></transaction><transaction><value currency="GBP" value-date="2010-07-30">7220</value><transaction-type code="D">Disbursement</transaction-type><provider-org ref="GB-1">Department for International Development</provider-org><receiver-org ref="52000">Other.</receiver-org><description>Technical &amp; Advisory services</description><transaction-date iso-date="2010-07-30"/></transaction><transaction><value currency="GBP" value-date="2010-08-02">14197</value><transaction-type code="D">Disbursement</transaction-type><provider-org ref="GB-1">Department for International Development</provider-org><receiver-org ref="52000">Other.</receiver-org><description>Technical &amp; Advisory services</description><transaction-date iso-date="2010-08-02"/></transaction><transaction><value currency="GBP" value-date="2010-08-05">12211</value><transaction-type code="D">Disbursement</transaction-type><provider-org ref="GB-1">Department for International Development</provider-org><receiver-org ref="52000">Other.</receiver-org><description>Technical &amp; Advisory services</description><transaction-date iso-date="2010-08-05"/></transaction><transaction><value currency="GBP" value-date="2010-08-09">7526</value><transaction-type code="D">Disbursement</transaction-type><provider-org ref="GB-1">Department for International Development</provider-org><receiver-org ref="52000">Other.</receiver-org><description>Technical &amp; Advisory services</description><transaction-date iso-date="2010-08-09"/></transaction><transaction><value currency="GBP" value-date="2010-08-10">11636</value><transaction-type code="D">Disbursement</transaction-type><provider-org ref="GB-1">Department for International Development</provider-org><receiver-org ref="52000">Other.</receiver-org><description>Technical &amp; Advisory services</description><transaction-date iso-date="2010-08-10"/></transaction><transaction><value currency="GBP" value-date="2010-08-12">11498</value><transaction-type code="D">Disbursement</transaction-type><provider-org ref="GB-1">Department for International Development</provider-org><receiver-org ref="52000">Other.</receiver-org><description>Technical &amp; Advisory services</description><transaction-date iso-date="2010-08-12"/></transaction><transaction><value currency="GBP" value-date="2010-08-24">561</value><transaction-type code="D">Disbursement</transaction-type><provider-org ref="GB-1">Department for International Development</provider-org><receiver-org>Journal Transaction</receiver-org><description>Technical &amp; Advisory services</description><transaction-date iso-date="2010-08-24"/></transaction><transaction><value currency="GBP" value-date="2010-08-24">657</value><transaction-type code="D">Disbursement</transaction-type><provider-org ref="GB-1">Department for International Development</provider-org><receiver-org>Journal Transaction</receiver-org><description>Technical &amp; Advisory services</description><transaction-date iso-date="2010-08-24"/></transaction><transaction><value currency="GBP" value-date="2010-08-31">1814</value><transaction-type code="D">Disbursement</transaction-type><provider-org ref="GB-1">Department for International Development</provider-org><receiver-org>Journal Transaction</receiver-org><description>Technical &amp; Advisory services</description><transaction-date iso-date="2010-08-31"/></transaction><transaction><value currency="GBP" value-date="2010-09-02">20085</value><transaction-type code="D">Disbursement</transaction-type><provider-org ref="GB-1">Department for International Development</provider-org><receiver-org ref="52000">Other.</receiver-org><description>Technical &amp; Advisory services</description><transaction-date iso-date="2010-09-02"/></transaction><transaction><value currency="GBP" value-date="2010-09-24">13783</value><transaction-type code="D">Disbursement</transaction-type><provider-org ref="GB-1">Department for International Development</provider-org><receiver-org ref="52000">Other.</receiver-org><description>Technical &amp; Advisory services</description><transaction-date iso-date="2010-09-24"/></transaction><transaction><value currency="GBP" value-date="2010-09-24">62006</value><transaction-type code="D">Disbursement</transaction-type><provider-org ref="GB-1">Department for International Development</provider-org><receiver-org ref="52000">Other.</receiver-org><description>Technical &amp; Advisory services</description><transaction-date iso-date="2010-09-24"/></transaction><transaction><value currency="GBP" value-date="2010-09-24">14670</value><transaction-type code="D">Disbursement</transaction-type><provider-org ref="GB-1">Department for International Development</provider-org><receiver-org ref="52000">Other.</receiver-org><description>Technical &amp; Advisory services</description><transaction-date iso-date="2010-09-24"/></transaction><transaction><value currency="GBP" value-date="2010-09-30">1574</value><transaction-type code="D">Disbursement</transaction-type><provider-org ref="GB-1">Department for International Development</provider-org><description>Aggregated spend of less than £500 - Financial Year 2010 Quarter 2</description><transaction-date iso-date="2010-09-30"/></transaction><transaction><value currency="GBP" value-date="2010-10-01">34100</value><transaction-type code="D">Disbursement</transaction-type><provider-org ref="GB-1">Department for International Development</provider-org><receiver-org ref="52000">Other.</receiver-org><description>Technical &amp; Advisory services</description><transaction-date iso-date="2010-10-01"/></transaction><transaction><value currency="GBP" value-date="2010-10-08">932</value><transaction-type code="D">Disbursement</transaction-type><provider-org ref="GB-1">Department for International Development</provider-org><receiver-org ref="52000">Other.</receiver-org><description>Technical &amp; Advisory services</description><transaction-date iso-date="2010-10-08"/></transaction><transaction><value currency="GBP" value-date="2010-10-08">799</value><transaction-type code="D">Disbursement</transaction-type><provider-org ref="GB-1">Department for International Development</provider-org><receiver-org ref="52000">Other.</receiver-org><description>Technical &amp; Advisory services</description><transaction-date iso-date="2010-10-08"/></transaction><transaction><value currency="GBP" value-date="2010-10-27">-7363</value><transaction-type code="D">Disbursement</transaction-type><provider-org ref="GB-1">Department for International Development</provider-org><receiver-org ref="52000">Other.</receiver-org><description>Technical &amp; Advisory services</description><transaction-date iso-date="2010-10-27"/></transaction><transaction><value currency="GBP" value-date="2010-11-01">693</value><transaction-type code="D">Disbursement</transaction-type><provider-org ref="GB-1">Department for International Development</provider-org><receiver-org ref="52000">Other.</receiver-org><description>Technical &amp; Advisory services</description><transaction-date iso-date="2010-11-01"/></transaction><transaction><value currency="GBP" value-date="2010-11-15">-62006</value><transaction-type code="D">Disbursement</transaction-type><provider-org ref="GB-1">Department for International Development</provider-org><receiver-org ref="52000">Other.</receiver-org><description>Technical &amp; Advisory services</description><transaction-date iso-date="2010-11-15"/></transaction><transaction><value currency="GBP" value-date="2010-11-17">1099</value><transaction-type code="D">Disbursement</transaction-type><provider-org ref="GB-1">Department for International Development</provider-org><receiver-org ref="52000">Other.</receiver-org><description>Technical &amp; Advisory services</description><transaction-date iso-date="2010-11-17"/></transaction><transaction><value currency="GBP" value-date="2010-11-18">82943</value><transaction-type code="D">Disbursement</transaction-type><provider-org ref="GB-1">Department for International Development</provider-org><receiver-org ref="52000">Other.</receiver-org><description>Technical &amp; Advisory services</description><transaction-date iso-date="2010-11-18"/></transaction><transaction><value currency="GBP" value-date="2010-11-25">2660</value><transaction-type code="D">Disbursement</transaction-type><provider-org ref="GB-1">Department for International Development</provider-org><receiver-org ref="52000">Other.</receiver-org><description>Technical &amp; Advisory services</description><transaction-date iso-date="2010-11-25"/></transaction><transaction><value currency="GBP" value-date="2010-11-25">26281</value><transaction-type code="D">Disbursement</transaction-type><provider-org ref="GB-1">Department for International Development</provider-org><receiver-org ref="52000">Other.</receiver-org><description>Technical &amp; Advisory services</description><transaction-date iso-date="2010-11-25"/></transaction><transaction><value currency="GBP" value-date="2010-12-13">924</value><transaction-type code="D">Disbursement</transaction-type><provider-org ref="GB-1">Department for International Development</provider-org><receiver-org>Journal Transaction</receiver-org><description>Technical &amp; Advisory services</description><transaction-date iso-date="2010-12-13"/></transaction><transaction><value currency="GBP" value-date="2010-12-31">1341</value><transaction-type code="D">Disbursement</transaction-type><provider-org ref="GB-1">Department for International Development</provider-org><description>Aggregated spend of less than £500 - Financial Year 2010 Quarter 3</description><transaction-date iso-date="2010-12-31"/></transaction><transaction><value currency="GBP" value-date="2011-01-06">20952</value><transaction-type code="D">Disbursement</transaction-type><provider-org ref="GB-1">Department for International Development</provider-org><receiver-org ref="52000">Other.</receiver-org><description>Technical &amp; Advisory services</description><transaction-date iso-date="2011-01-06"/></transaction><transaction><value currency="GBP" value-date="2011-01-27">33092</value><transaction-type code="D">Disbursement</transaction-type><provider-org ref="GB-1">Department for International Development</provider-org><receiver-org>Journal Transaction</receiver-org><description>Accomodation costs</description><transaction-date iso-date="2011-01-27"/></transaction><transaction><value currency="GBP" value-date="2011-01-27">-33092</value><transaction-type code="D">Disbursement</transaction-type><provider-org ref="GB-1">Department for International Development</provider-org><receiver-org>Journal Transaction</receiver-org><description>Technical &amp; Advisory services</description><transaction-date iso-date="2011-01-27"/></transaction><transaction><value currency="GBP" value-date="2011-02-17">16316</value><transaction-type code="D">Disbursement</transaction-type><provider-org ref="GB-1">Department for International Development</provider-org><receiver-org ref="52000">Other.</receiver-org><description>Technical &amp; Advisory services</description><transaction-date iso-date="2011-02-17"/></transaction><transaction><value currency="GBP" value-date="2011-02-24">-3553</value><transaction-type code="D">Disbursement</transaction-type><provider-org ref="GB-1">Department for International Development</provider-org><receiver-org ref="52000">Other.</receiver-org><description>Staff Business Travel and Subsistence</description><transaction-date iso-date="2011-02-24"/></transaction><transaction><value currency="GBP" value-date="2011-02-24">15917</value><transaction-type code="D">Disbursement</transaction-type><provider-org ref="GB-1">Department for International Development</provider-org><receiver-org ref="52000">Other.</receiver-org><description>Technical &amp; Advisory services</description><transaction-date iso-date="2011-02-24"/></transaction><transaction><value currency="GBP" value-date="2011-02-24">2822</value><transaction-type code="D">Disbursement</transaction-type><provider-org ref="GB-1">Department for International Development</provider-org><receiver-org ref="52000">Other.</receiver-org><description>Technical &amp; Advisory services</description><transaction-date iso-date="2011-02-24"/></transaction><transaction><value currency="GBP" value-date="2011-03-31">221</value><transaction-type code="D">Disbursement</transaction-type><provider-org ref="GB-1">Department for International Development</provider-org><description>Aggregated spend of less than £500 - Financial Year 2010 Quarter 4</description><transaction-date iso-date="2011-03-31"/></transaction><transaction><value currency="GBP" value-date="2011-04-15">10597</value><transaction-type code="D">Disbursement</transaction-type><provider-org ref="GB-1">Department for International Development</provider-org><receiver-org ref="52000">Other.</receiver-org><description>Technical &amp; Advisory services</description><transaction-date iso-date="2011-04-15"/></transaction><transaction><value currency="GBP" value-date="2011-05-20">14584</value><transaction-type code="D">Disbursement</transaction-type><provider-org ref="GB-1">Department for International Development</provider-org><receiver-org>Journal Transaction</receiver-org><description>Technical &amp; Advisory services</description><transaction-date iso-date="2011-05-20"/></transaction><transaction><value currency="GBP" value-date="2011-06-07">10761</value><transaction-type code="D">Disbursement</transaction-type><provider-org ref="GB-1">Department for International Development</provider-org><receiver-org ref="52000">Other.</receiver-org><description>Technical &amp; Advisory services</description><transaction-date iso-date="2011-06-07"/></transaction><transaction><value currency="GBP" value-date="2011-09-30">426</value><transaction-type code="D">Disbursement</transaction-type><provider-org ref="GB-1">Department for International Development</provider-org><description>Aggregated spend of less than £500 - Financial Year 2011 Quarter 2</description><transaction-date iso-date="2011-09-30"/></transaction><transaction><value currency="GBP" value-date="2011-11-17">19798</value><transaction-type code="D">Disbursement</transaction-type><provider-org ref="GB-1">Department for International Development</provider-org><receiver-org ref="52000">Other.</receiver-org><description>Technical &amp; Advisory services</description><transaction-date iso-date="2011-11-17"/></transaction><transaction><value currency="GBP" value-date="2011-12-15">-5504</value><transaction-type code="D">Disbursement</transaction-type><provider-org ref="GB-1">Department for International Development</provider-org><receiver-org ref="52000">Other.</receiver-org><description>Technical &amp; Advisory services</description><transaction-date iso-date="2011-12-15"/></transaction><transaction><value currency="GBP" value-date="2012-01-20">6700</value><transaction-type code="D">Disbursement</transaction-type><provider-org ref="GB-1">Department for International Development</provider-org><receiver-org ref="52000">Other.</receiver-org><description>Technical &amp; Advisory services</description><transaction-date iso-date="2012-01-20"/></transaction><transaction><value currency="GBP" value-date="2012-03-05">2317</value><transaction-type code="D">Disbursement</transaction-type><provider-org ref="GB-1">Department for International Development</provider-org><receiver-org>Journal Transaction</receiver-org><description>Technical &amp; Advisory services</description><transaction-date iso-date="2012-03-05"/></transaction><budget type="Revised"><period-start iso-date="2008-04-01"/><period-end iso-date="2009-03-31"/><value value-date="2008-04-01" currency="GBP">174805</value></budget><budget type="Revised"><period-start iso-date="2009-04-01"/><period-end iso-date="2010-03-31"/><value value-date="2009-04-01" currency="GBP">1691436</value></budget><budget type="Revised"><period-start iso-date="2010-04-01"/><period-end iso-date="2011-03-31"/><value value-date="2010-04-01" currency="GBP">839550</value></budget><budget type="Revised"><period-start iso-date="2011-04-01"/><period-end iso-date="2012-03-31"/><value value-date="2011-04-01" currency="GBP">59682</value></budget><related-activity ref="GB-1-200092" type="1">Regional East African Integration Programme (Reap) - 2008-2013</related-activity><related-activity ref="GB-1-200092-101" type="3">Reap- Project Design</related-activity><related-activity ref="GB-1-200092-103" type="3">EAC Contribution</related-activity><related-activity ref="GB-1-200092-104" type="3">Reap- MOU Rwanda Revenue Authority</related-activity><related-activity ref="GB-1-200092-105" type="3">REAO-Trademark East Africa</related-activity><related-activity ref="GB-1-200092-107" type="3">Reap-International Organisation for Migration MOU</related-activity><related-activity ref="GB-1-200092-109" type="3">Reap-Kenya Ministry of East African Cooperation: ODI Fellow 2009-11</related-activity><related-activity ref="GB-1-200092-110" type="3">Reap-MOU Support to USAID</related-activity><related-activity ref="GB-1-200092-112" type="3">Reap -Contribution to Trademark East Africa</related-activity><related-activity ref="GB-1-200092-113" type="3">Transfered to component 115</related-activity><related-activity ref="GB-1-200092-114" type="3">Reap - Moses OCHIENG' FSD</related-activity><legacy-data name="16012 Social Other, Social infrastructure and Services (MDG Poverty, Hunger and Vulnerability)" value="16012" iati-equivalent="sector">7%</legacy-data><legacy-data name="21010 Transport Policy and Administrative Management (Wealth Creation)" value="21010" iati-equivalent="sector">25%</legacy-data><legacy-data name="24010 Financial Policy and Administrative Management (Wealth Creation)" value="24010" iati-equivalent="sector">8%</legacy-data><legacy-data name="32130 Small and Medium-Sized Enterprises (SME): Development (Wealth Creation)" value="32130" iati-equivalent="sector">10%</legacy-data><legacy-data name="33130 Regional Trade Agreements (RTAs) (Wealth Creation)" value="33130" iati-equivalent="sector">50%</legacy-data></iati-activity></iati-activities>