<iati-activities version="1.01" generated-datetime="2013-03-28T16:48:56Z"><ir:registry-record xml:lang="en" file-id="GB-1" source-url="http://projects.dfid.gov.uk/iati/NonIATI/EF" publisher-id="GB-1" publisher-role="Funding" contact-email="ppisupport@dfid.gov.uk" donor-id="GB-1" donor-type="10" title="DFID Activity File" activity-period="All Periods" last-updated-datetime="2013-03-28T16:48:56Z" generated-datetime="2013-03-28T16:48:56Z" verification-status="1" format="xml" license="IATI" xmlns:ir="http://iatiregistry.org/ns/record#"/><iati-activity xml:lang="en" default-currency="GBP" hierarchy="1"><reporting-org ref="GB-1" type="10">Department for International Development</reporting-org><participating-org ref="GB" type="10" role="Funding">UNITED KINGDOM</participating-org><participating-org ref="GB-1" type="10" role="Extending">Department for International Development</participating-org><iati-identifier>GB-1-110174</iati-identifier><other-identifier owner-ref="GB-1" owner-name="DFID">110174</other-identifier><title>Public  Expenditure Management  Peer Assisted Learning</title><description>The Initiative will Harness World Bank-wide steps to improve reform focus through benchmarking, and foster a peer learning approach to improve knowledge transfer</description><activity-date type="end-actual">2009-09-01</activity-date><activity-date type="end-planned">2009-09-01</activity-date><activity-date type="start-actual">2006-03-17</activity-date><activity-date type="start-planned">2006-03-01</activity-date><activity-status code="4">Post-completion</activity-status><contact-info><organisation>Department for International Development</organisation><telephone>+44 (0) 1355 84 3132</telephone><email>enquiry@dfid.gov.uk</email><mailing-address>Public Enquiry Point, Abercrombie House, Eaglesham Road, East Kilbride, Glasgow G75 8EA</mailing-address></contact-info><default-tied-status code="5">Untied</default-tied-status><related-activity ref="GB-1-110174-101" type="2">Public Expenditure Management Peer Assisted Learning</related-activity></iati-activity><iati-activity xml:lang="en" default-currency="GBP" hierarchy="2"><reporting-org ref="GB-1" type="10">Department for International Development</reporting-org><participating-org ref="GB" type="10" role="Funding">UNITED KINGDOM</participating-org><participating-org ref="GB-1" type="10" role="Extending">Department for International Development</participating-org><participating-org ref="44001" role="Implementing">International Bank for Reconstruction and Development</participating-org><recipient-region>EECAD Regional (EF)</recipient-region><collaboration-type code="1">Bilateral</collaboration-type><default-flow-type code="10">ODA</default-flow-type><default-aid-type code="C01">Project-type interventions</default-aid-type><default-finance-type code="110">Aid grant excluding debt reorganisation</default-finance-type><iati-identifier>GB-1-110174-101</iati-identifier><other-identifier owner-ref="GB-1" owner-name="DFID">110174-101</other-identifier><title>Public Expenditure Management Peer Assisted Learning</title><sector code="15110" percentage="75">Public sector policy and administrative management</sector><sector code="15111" percentage="25">Public finance management</sector><activity-date type="end-actual">2009-09-01</activity-date><activity-date type="end-planned">2009-09-01</activity-date><activity-date type="start-actual">2006-03-01</activity-date><activity-date type="start-planned">2006-03-01</activity-date><activity-status code="4">Post-completion</activity-status><contact-info><organisation>Department for International Development</organisation><telephone>+44 (0) 1355 84 3132</telephone><email>enquiry@dfid.gov.uk</email><mailing-address>Public Enquiry Point, Abercrombie House, Eaglesham Road, East Kilbride, Glasgow G75 8EA</mailing-address></contact-info><default-tied-status code="5">Untied</default-tied-status><policy-marker code="1" vocabulary="DAC" significance="0">Gender Equality</policy-marker><policy-marker code="2" vocabulary="DAC" significance="0">Aid to Environment</policy-marker><policy-marker code="3" vocabulary="DAC" significance="1">Participatory Development/Good Governance</policy-marker><policy-marker code="4" vocabulary="DAC" significance="0">Trade Development</policy-marker><policy-marker code="5" vocabulary="DAC" significance="0">Aid Targeting the Objectives of the Convention on Biological Diversity</policy-marker><policy-marker code="6" vocabulary="DAC" significance="0">Aid Targeting the Objectives of the Framework Convention on Climate Change - Mitigation</policy-marker><policy-marker code="7" vocabulary="DAC" significance="0">Aid Targeting the Objectives of the Framework Convention on Climate Change - Adaptation</policy-marker><policy-marker code="8" vocabulary="DAC" significance="0">Aid Targeting the Objectives of the Convention to Combat Desertification</policy-marker><transaction><value value-date="2011-04-01">407290</value><transaction-type code="C">Commitment</transaction-type><transaction-date iso-date="2006-03-01">Total Commitment to 01 Sep 2009</transaction-date></transaction><transaction><value currency="GBP" value-date="2006-03-31">104408</value><transaction-type code="D">Disbursement</transaction-type><provider-org ref="GB-1">Department for International Development</provider-org><description>Aggregated spend data - Financial Year 2005 Quarter 4</description><transaction-date iso-date="2006-03-31"/></transaction><transaction><value currency="GBP" value-date="2007-03-31">150000</value><transaction-type code="D">Disbursement</transaction-type><provider-org ref="GB-1">Department for International Development</provider-org><description>Aggregated spend data - Financial Year 2006 Quarter 4</description><transaction-date iso-date="2007-03-31"/></transaction><transaction><value currency="GBP" value-date="2007-12-31">150000</value><transaction-type code="D">Disbursement</transaction-type><provider-org ref="GB-1">Department for International Development</provider-org><description>Aggregated spend data - Financial Year 2007 Quarter 3</description><transaction-date iso-date="2007-12-31"/></transaction><transaction><value currency="GBP" value-date="2009-03-31">1258</value><transaction-type code="D">Disbursement</transaction-type><provider-org ref="GB-1">Department for International Development</provider-org><description>Aggregated spend data - Financial Year 2008 Quarter 4</description><transaction-date iso-date="2009-03-31"/></transaction><transaction><value currency="GBP" value-date="2009-06-30">1623</value><transaction-type code="D">Disbursement</transaction-type><provider-org ref="GB-1">Department for International Development</provider-org><description>Aggregated spend data - Financial Year 2009 Quarter 1</description><transaction-date iso-date="2009-06-30"/></transaction><budget type="Original"><period-start iso-date="2005-04-01"/><period-end iso-date="2006-03-31"/><value value-date="2005-04-01" currency="GBP">104408</value></budget><budget type="Original"><period-start iso-date="2006-04-01"/><period-end iso-date="2007-03-31"/><value value-date="2006-04-01" currency="GBP">150000</value></budget><budget type="Original"><period-start iso-date="2007-04-01"/><period-end iso-date="2008-03-31"/><value value-date="2007-04-01" currency="GBP">150000</value></budget><budget type="Original"><period-start iso-date="2008-04-01"/><period-end iso-date="2009-03-31"/><value value-date="2008-04-01" currency="GBP">1258</value></budget><budget type="Original"><period-start iso-date="2009-04-01"/><period-end iso-date="2010-03-31"/><value value-date="2009-04-01" currency="GBP">4332</value></budget><budget type="Revised"><period-start iso-date="2011-04-01"/><period-end iso-date="2012-03-31"/><value value-date="2011-04-01" currency="GBP">-2709</value></budget><related-activity ref="GB-1-110174" type="1">Public  Expenditure Management  Peer Assisted Learning</related-activity><legacy-data name="15110 Economic and Development Policy/Planning: (Governance and Security)" value="15110" iati-equivalent="sector">75%</legacy-data><legacy-data name="15121 Public Sector Financial Management: (Governance and Security)" value="15121" iati-equivalent="sector">25%</legacy-data></iati-activity><iati-activity xml:lang="en" default-currency="GBP" hierarchy="1"><reporting-org ref="GB-1" type="10">Department for International Development</reporting-org><participating-org ref="GB" type="10" role="Funding">UNITED KINGDOM</participating-org><participating-org ref="GB-1" type="10" role="Extending">Department for International Development</participating-org><iati-identifier>GB-1-110195</iati-identifier><other-identifier owner-ref="GB-1" owner-name="DFID">110195</other-identifier><title>Civil Society PARTICPATION in the European Neighbourhood Policy (ENP) - a REGINAL Approach to Conflict Resolution</title><description>This project will utilize the societal dimension in conflict resolution and crisis management in the framework of the ENP, by creating a regional partnership network with four NGOs from Armenia, Azerbaijan, Georgia and Moldova with proven track records in the field of conflict resolution and crisis management</description><activity-date type="end-actual">2010-07-12</activity-date><activity-date type="end-planned">2010-07-12</activity-date><activity-date type="start-actual">2006-09-01</activity-date><activity-date type="start-planned">2006-09-01</activity-date><activity-status code="4">Post-completion</activity-status><contact-info><organisation>Department for International Development</organisation><telephone>+44 (0) 1355 84 3132</telephone><email>enquiry@dfid.gov.uk</email><mailing-address>Public Enquiry Point, Abercrombie House, Eaglesham Road, East Kilbride, Glasgow G75 8EA</mailing-address></contact-info><default-tied-status code="5">Untied</default-tied-status><related-activity ref="GB-1-110195-101" type="2">HUMANITASSISTANCE and P0156 for C/S Partcipation in ENP</related-activity><related-activity ref="GB-1-110195-102" type="2">Accountable Grant AG4592: CIVIL SOCIETY PARTICIPATION IN EUROPEAN NEIGHBOURHOOD POLICY</related-activity></iati-activity><iati-activity xml:lang="en" default-currency="GBP" hierarchy="2"><reporting-org ref="GB-1" type="10">Department for International Development</reporting-org><participating-org ref="GB" type="10" role="Funding">UNITED KINGDOM</participating-org><participating-org ref="GB-1" type="10" role="Extending">Department for International Development</participating-org><participating-org ref="21000" role="Implementing">INTERNATIONAL NGO</participating-org><recipient-region>EECAD Regional (EF)</recipient-region><collaboration-type code="5">Aid through NGOs</collaboration-type><default-flow-type code="10">ODA</default-flow-type><default-aid-type code="C01">Project-type interventions</default-aid-type><default-finance-type code="110">Aid grant excluding debt reorganisation</default-finance-type><iati-identifier>GB-1-110195-101</iati-identifier><other-identifier owner-ref="GB-1" owner-name="DFID">110195-101</other-identifier><title>HUMANITASSISTANCE and P0156 for C/S Partcipation in ENP</title><sector code="15220">Civilian peace-building, conflict prevention and resolution</sector><activity-date type="end-actual">2010-07-12</activity-date><activity-date type="end-planned">2010-07-12</activity-date><activity-date type="start-actual">2006-09-01</activity-date><activity-date type="start-planned">2006-09-01</activity-date><activity-status code="4">Post-completion</activity-status><contact-info><organisation>Department for International Development</organisation><telephone>+44 (0) 1355 84 3132</telephone><email>enquiry@dfid.gov.uk</email><mailing-address>Public Enquiry Point, Abercrombie House, Eaglesham Road, East Kilbride, Glasgow G75 8EA</mailing-address></contact-info><default-tied-status code="5">Untied</default-tied-status><policy-marker code="1" vocabulary="DAC" significance="0">Gender Equality</policy-marker><policy-marker code="2" vocabulary="DAC" significance="0">Aid to Environment</policy-marker><policy-marker code="3" vocabulary="DAC" significance="2">Participatory Development/Good Governance</policy-marker><policy-marker code="4" vocabulary="DAC" significance="0">Trade Development</policy-marker><policy-marker code="5" vocabulary="DAC" significance="0">Aid Targeting the Objectives of the Convention on Biological Diversity</policy-marker><policy-marker code="6" vocabulary="DAC" significance="0">Aid Targeting the Objectives of the Framework Convention on Climate Change - Mitigation</policy-marker><policy-marker code="7" vocabulary="DAC" significance="0">Aid Targeting the Objectives of the Framework Convention on Climate Change - Adaptation</policy-marker><policy-marker code="8" vocabulary="DAC" significance="0">Aid Targeting the Objectives of the Convention to Combat Desertification</policy-marker><transaction><value value-date="2009-04-01">162730</value><transaction-type code="C">Commitment</transaction-type><transaction-date iso-date="2006-09-01">Total Commitment to 12 Jul 2010</transaction-date></transaction><transaction><value currency="GBP" value-date="2007-03-31">15965</value><transaction-type code="D">Disbursement</transaction-type><provider-org ref="GB-1">Department for International Development</provider-org><description>Aggregated spend data - Financial Year 2006 Quarter 4</description><transaction-date iso-date="2007-03-31"/></transaction><transaction><value currency="GBP" value-date="2007-06-30">139551</value><transaction-type code="D">Disbursement</transaction-type><provider-org ref="GB-1">Department for International Development</provider-org><description>Aggregated spend data - Financial Year 2007 Quarter 1</description><transaction-date iso-date="2007-06-30"/></transaction><transaction><value currency="GBP" value-date="2007-09-30">-96968</value><transaction-type code="D">Disbursement</transaction-type><provider-org ref="GB-1">Department for International Development</provider-org><description>Aggregated spend data - Financial Year 2007 Quarter 2</description><transaction-date iso-date="2007-09-30"/></transaction><transaction><value currency="GBP" value-date="2007-12-31">20952</value><transaction-type code="D">Disbursement</transaction-type><provider-org ref="GB-1">Department for International Development</provider-org><description>Aggregated spend data - Financial Year 2007 Quarter 3</description><transaction-date iso-date="2007-12-31"/></transaction><transaction><value currency="GBP" value-date="2008-03-31">18856</value><transaction-type code="D">Disbursement</transaction-type><provider-org ref="GB-1">Department for International Development</provider-org><description>Aggregated spend data - Financial Year 2007 Quarter 4</description><transaction-date iso-date="2008-03-31"/></transaction><transaction><value currency="GBP" value-date="2008-06-30">19830</value><transaction-type code="D">Disbursement</transaction-type><provider-org ref="GB-1">Department for International Development</provider-org><description>Aggregated spend data - Financial Year 2008 Quarter 1</description><transaction-date iso-date="2008-06-30"/></transaction><transaction><value currency="GBP" value-date="2008-09-30">22612</value><transaction-type code="D">Disbursement</transaction-type><provider-org ref="GB-1">Department for International Development</provider-org><description>Aggregated spend data - Financial Year 2008 Quarter 2</description><transaction-date iso-date="2008-09-30"/></transaction><transaction><value currency="GBP" value-date="2009-03-31">15751</value><transaction-type code="D">Disbursement</transaction-type><provider-org ref="GB-1">Department for International Development</provider-org><description>Aggregated spend data - Financial Year 2008 Quarter 4</description><transaction-date iso-date="2009-03-31"/></transaction><transaction><value currency="GBP" value-date="2009-06-30">48887</value><transaction-type code="D">Disbursement</transaction-type><provider-org ref="GB-1">Department for International Development</provider-org><description>Aggregated spend data - Financial Year 2009 Quarter 1</description><transaction-date iso-date="2009-06-30"/></transaction><budget type="Original"><period-start iso-date="2006-04-01"/><period-end iso-date="2007-03-31"/><value value-date="2006-04-01" currency="GBP">37119</value></budget><budget type="Original"><period-start iso-date="2007-04-01"/><period-end iso-date="2008-03-31"/><value value-date="2007-04-01" currency="GBP">83866</value></budget><budget type="Revised"><period-start iso-date="2008-04-01"/><period-end iso-date="2009-03-31"/><value value-date="2008-04-01" currency="GBP">58306</value></budget><budget type="Revised"><period-start iso-date="2009-04-01"/><period-end iso-date="2010-03-31"/><value value-date="2009-04-01" currency="GBP">-16562</value></budget><related-activity ref="GB-1-110195" type="1">Civil Society PARTICPATION in the European Neighbourhood Policy (ENP) - a REGINAL Approach to Conflict Resolution</related-activity><related-activity ref="GB-1-110195-102" type="3">Accountable Grant AG4592: CIVIL SOCIETY PARTICIPATION IN EUROPEAN NEIGHBOURHOOD POLICY</related-activity><legacy-data name="15220 Civilian Peace-Building, Conflict Prevention and Resolution: (Governance and Security)" value="15220" iati-equivalent="sector"/></iati-activity><iati-activity xml:lang="en" default-currency="GBP" hierarchy="2"><reporting-org ref="GB-1" type="10">Department for International Development</reporting-org><participating-org ref="GB" type="10" role="Funding">UNITED KINGDOM</participating-org><participating-org ref="GB-1" type="10" role="Extending">Department for International Development</participating-org><recipient-region>EECAD Regional (EF)</recipient-region><collaboration-type code="1">Bilateral</collaboration-type><default-flow-type code="10">ODA</default-flow-type><default-aid-type code="C01">Project-type interventions</default-aid-type><iati-identifier>GB-1-110195-102</iati-identifier><other-identifier owner-ref="GB-1" owner-name="DFID">110195-102</other-identifier><title>Accountable Grant AG4592: CIVIL SOCIETY PARTICIPATION IN EUROPEAN NEIGHBOURHOOD POLICY</title><sector code="15220">Civilian peace-building, conflict prevention and resolution</sector><activity-date type="end-actual">2009-03-01</activity-date><activity-date type="end-planned">2009-03-01</activity-date><activity-date type="start-actual">2006-09-01</activity-date><activity-date type="start-planned">2006-09-01</activity-date><activity-status code="4">Post-completion</activity-status><contact-info><organisation>Department for International Development</organisation><telephone>+44 (0) 1355 84 3132</telephone><email>enquiry@dfid.gov.uk</email><mailing-address>Public Enquiry Point, Abercrombie House, Eaglesham Road, East Kilbride, Glasgow G75 8EA</mailing-address></contact-info><default-tied-status code="5">Untied</default-tied-status><policy-marker code="1" vocabulary="DAC" significance="0">Gender Equality</policy-marker><policy-marker code="2" vocabulary="DAC" significance="0">Aid to Environment</policy-marker><policy-marker code="3" vocabulary="DAC" significance="2">Participatory Development/Good Governance</policy-marker><policy-marker code="4" vocabulary="DAC" significance="0">Trade Development</policy-marker><policy-marker code="5" vocabulary="DAC" significance="0">Aid Targeting the Objectives of the Convention on Biological Diversity</policy-marker><policy-marker code="6" vocabulary="DAC" significance="0">Aid Targeting the Objectives of the Framework Convention on Climate Change - Mitigation</policy-marker><policy-marker code="7" vocabulary="DAC" significance="0">Aid Targeting the Objectives of the Framework Convention on Climate Change - Adaptation</policy-marker><policy-marker code="8" vocabulary="DAC" significance="0">Aid Targeting the Objectives of the Convention to Combat Desertification</policy-marker><transaction><value value-date="2009-04-01">42821</value><transaction-type code="C">Commitment</transaction-type><transaction-date iso-date="2006-09-01">Total Commitment to 01 Mar 2009</transaction-date></transaction><budget type="Revised"><period-start iso-date="2009-04-01"/><period-end iso-date="2010-03-31"/><value value-date="2009-04-01" currency="GBP">42821</value></budget><related-activity ref="GB-1-110195" type="1">Civil Society PARTICPATION in the European Neighbourhood Policy (ENP) - a REGINAL Approach to Conflict Resolution</related-activity><related-activity ref="GB-1-110195-101" type="3">HUMANITASSISTANCE and P0156 for C/S Partcipation in ENP</related-activity><legacy-data name="15220 Civilian Peace-Building, Conflict Prevention and Resolution: (Governance and Security)" value="15220" iati-equivalent="sector"/></iati-activity><iati-activity xml:lang="en" default-currency="GBP" hierarchy="1"><reporting-org ref="GB-1" type="10">Department for International Development</reporting-org><participating-org ref="GB" type="10" role="Funding">UNITED KINGDOM</participating-org><participating-org ref="GB-1" type="10" role="Extending">Department for International Development</participating-org><iati-identifier>GB-1-202162</iati-identifier><other-identifier owner-ref="GB-1" owner-name="DFID">202162</other-identifier><title>Hungarian and Polish Ministries of Foreign Affairs Study Visit</title><description>To share DFID good practice on aid effectiveness and results based project management with representatives of the overseas development units in the Hungarian and Polish Ministries of Foreign Affairs</description><activity-date type="end-actual">2011-03-31</activity-date><activity-date type="end-planned">2011-03-31</activity-date><activity-date type="start-actual">2010-12-21</activity-date><activity-date type="start-planned">2010-10-18</activity-date><activity-status code="4">Post-completion</activity-status><contact-info><organisation>Department for International Development</organisation><telephone>+44 (0) 1355 84 3132</telephone><email>enquiry@dfid.gov.uk</email><mailing-address>Public Enquiry Point, Abercrombie House, Eaglesham Road, East Kilbride, Glasgow G75 8EA</mailing-address></contact-info><default-tied-status code="5">Untied</default-tied-status><related-activity ref="GB-1-202162-101" type="2">Hungarian and Polish Ministries of Foreign Affairs Study Visits</related-activity></iati-activity><iati-activity xml:lang="en" default-currency="GBP" hierarchy="2"><reporting-org ref="GB-1" type="10">Department for International Development</reporting-org><participating-org ref="GB" type="10" role="Funding">UNITED KINGDOM</participating-org><participating-org ref="GB-1" type="10" role="Extending">Department for International Development</participating-org><participating-org ref="13000" role="Implementing">Third Country Government (Delegated co-operation)</participating-org><recipient-region>EECAD Regional (EF)</recipient-region><collaboration-type code="1">Bilateral</collaboration-type><default-flow-type code="10">ODA</default-flow-type><default-aid-type code="H01">Development awareness</default-aid-type><default-finance-type code="110">Aid grant excluding debt reorganisation</default-finance-type><iati-identifier>GB-1-202162-101</iati-identifier><other-identifier owner-ref="GB-1" owner-name="DFID">202162-101</other-identifier><title>Hungarian and Polish Ministries of Foreign Affairs Study Visits</title><sector code="99820">Promotion of development awareness</sector><activity-date type="end-actual">2011-03-31</activity-date><activity-date type="end-planned">2011-03-31</activity-date><activity-date type="start-actual">2010-10-18</activity-date><activity-date type="start-planned">2010-10-18</activity-date><activity-status code="4">Post-completion</activity-status><contact-info><organisation>Department for International Development</organisation><telephone>+44 (0) 1355 84 3132</telephone><email>enquiry@dfid.gov.uk</email><mailing-address>Public Enquiry Point, Abercrombie House, Eaglesham Road, East Kilbride, Glasgow G75 8EA</mailing-address></contact-info><default-tied-status code="5">Untied</default-tied-status><policy-marker code="1" vocabulary="DAC" significance="1">Gender Equality</policy-marker><policy-marker code="2" vocabulary="DAC" significance="0">Aid to Environment</policy-marker><policy-marker code="3" vocabulary="DAC" significance="0">Participatory Development/Good Governance</policy-marker><policy-marker code="4" vocabulary="DAC" significance="0">Trade Development</policy-marker><policy-marker code="5" vocabulary="DAC" significance="0">Aid Targeting the Objectives of the Convention on Biological Diversity</policy-marker><policy-marker code="6" vocabulary="DAC" significance="0">Aid Targeting the Objectives of the Framework Convention on Climate Change - Mitigation</policy-marker><policy-marker code="7" vocabulary="DAC" significance="0">Aid Targeting the Objectives of the Framework Convention on Climate Change - Adaptation</policy-marker><policy-marker code="8" vocabulary="DAC" significance="0">Aid Targeting the Objectives of the Convention to Combat Desertification</policy-marker><transaction><value value-date="2010-04-01">944</value><transaction-type code="C">Commitment</transaction-type><transaction-date iso-date="2010-10-18">Total Commitment to 31 Mar 2011</transaction-date></transaction><transaction><value currency="GBP" value-date="2011-01-10">652</value><transaction-type code="D">Disbursement</transaction-type><provider-org ref="GB-1">Department for International Development</provider-org><receiver-org ref="13000">Third Country Government (Delegated co-operation)</receiver-org><description>Aid to partner government</description><transaction-date iso-date="2011-01-10"/></transaction><transaction><value currency="GBP" value-date="2011-01-20">652</value><transaction-type code="D">Disbursement</transaction-type><provider-org ref="GB-1">Department for International Development</provider-org><receiver-org>Journal Transaction</receiver-org><description>Aid to partner government</description><transaction-date iso-date="2011-01-20"/></transaction><transaction><value currency="GBP" value-date="2011-01-20">-652</value><transaction-type code="D">Disbursement</transaction-type><provider-org ref="GB-1">Department for International Development</provider-org><receiver-org>Journal Transaction</receiver-org><description>Aid to partner government</description><transaction-date iso-date="2011-01-20"/></transaction><transaction><value currency="GBP" value-date="2011-03-31">292</value><transaction-type code="D">Disbursement</transaction-type><provider-org ref="GB-1">Department for International Development</provider-org><description>Aggregated spend of less than £500 - Financial Year 2010 Quarter 4</description><transaction-date iso-date="2011-03-31"/></transaction><budget type="Revised"><period-start iso-date="2010-04-01"/><period-end iso-date="2011-03-31"/><value value-date="2010-04-01" currency="GBP">944</value></budget><related-activity ref="GB-1-202162" type="1">Hungarian and Polish Ministries of Foreign Affairs Study Visit</related-activity><legacy-data name="99820 Promotion of Development Awareness (Global Partnerships)" value="99820" iati-equivalent="sector"/></iati-activity></iati-activities>