<iati-activities version="1.01" generated-datetime="2013-03-28T16:48:56Z"><ir:registry-record xml:lang="en" file-id="GB-1" source-url="http://projects.dfid.gov.uk/iati/Country/GB" publisher-id="GB-1" publisher-role="Funding" contact-email="ppisupport@dfid.gov.uk" donor-id="GB-1" donor-type="10" title="DFID Activity File" activity-period="All Periods" last-updated-datetime="2013-03-28T16:48:56Z" generated-datetime="2013-03-28T16:48:56Z" verification-status="1" format="xml" license="IATI" xmlns:ir="http://iatiregistry.org/ns/record#"/><iati-activity xml:lang="en" default-currency="GBP" hierarchy="1"><reporting-org ref="GB-1" type="10">Department for International Development</reporting-org><participating-org ref="GB" type="10" role="Funding">UNITED KINGDOM</participating-org><participating-org ref="GB-1" type="10" role="Extending">Department for International Development</participating-org><iati-identifier>GB-1-200499</iati-identifier><other-identifier owner-ref="GB-1" owner-name="DFID">200499</other-identifier><title>One World Media Awards and Youth Jury</title><description>To encourage increased and better quality media coverage of development issues in order to increase UK public understanding of the causes of global poverty and how it can be tackled.</description><activity-date type="end-actual">2010-03-31</activity-date><activity-date type="end-planned">2010-03-31</activity-date><activity-date type="start-actual">2009-05-01</activity-date><activity-date type="start-planned">2009-04-01</activity-date><activity-status code="4">Post-completion</activity-status><contact-info><organisation>Department for International Development</organisation><telephone>+44 (0) 1355 84 3132</telephone><email>enquiry@dfid.gov.uk</email><mailing-address>Public Enquiry Point, Abercrombie House, Eaglesham Road, East Kilbride, Glasgow G75 8EA</mailing-address></contact-info><default-tied-status code="5">Untied</default-tied-status><related-activity ref="GB-1-200499-101" type="2">One World Media Awards and Youth Jury</related-activity></iati-activity><iati-activity xml:lang="en" default-currency="GBP" hierarchy="2"><reporting-org ref="GB-1" type="10">Department for International Development</reporting-org><participating-org ref="GB" type="10" role="Funding">UNITED KINGDOM</participating-org><participating-org ref="GB-1" type="10" role="Extending">Department for International Development</participating-org><participating-org ref="22000" role="Implementing">Donor country-based NGO</participating-org><recipient-country code="GB">United Kingdom</recipient-country><collaboration-type code="5">Aid through NGOs</collaboration-type><default-flow-type code="10">ODA</default-flow-type><default-aid-type code="H01">Development awareness</default-aid-type><default-finance-type code="110">Aid grant excluding debt reorganisation</default-finance-type><iati-identifier>GB-1-200499-101</iati-identifier><other-identifier owner-ref="GB-1" owner-name="DFID">200499-101</other-identifier><title>One World Media Awards and Youth Jury</title><sector code="99820">Promotion of development awareness</sector><activity-date type="end-actual">2010-03-31</activity-date><activity-date type="end-planned">2010-03-31</activity-date><activity-date type="start-actual">2009-04-01</activity-date><activity-date type="start-planned">2009-04-01</activity-date><activity-status code="4">Post-completion</activity-status><contact-info><organisation>Department for International Development</organisation><telephone>+44 (0) 1355 84 3132</telephone><email>enquiry@dfid.gov.uk</email><mailing-address>Public Enquiry Point, Abercrombie House, Eaglesham Road, East Kilbride, Glasgow G75 8EA</mailing-address></contact-info><default-tied-status code="5">Untied</default-tied-status><policy-marker code="1" vocabulary="DAC" significance="0">Gender Equality</policy-marker><policy-marker code="2" vocabulary="DAC" significance="0">Aid to Environment</policy-marker><policy-marker code="3" vocabulary="DAC" significance="0">Participatory Development/Good Governance</policy-marker><policy-marker code="4" vocabulary="DAC" significance="0">Trade Development</policy-marker><policy-marker code="5" vocabulary="DAC" significance="0">Aid Targeting the Objectives of the Convention on Biological Diversity</policy-marker><policy-marker code="6" vocabulary="DAC" significance="0">Aid Targeting the Objectives of the Framework Convention on Climate Change - Mitigation</policy-marker><policy-marker code="7" vocabulary="DAC" significance="0">Aid Targeting the Objectives of the Framework Convention on Climate Change - Adaptation</policy-marker><policy-marker code="8" vocabulary="DAC" significance="0">Aid Targeting the Objectives of the Convention to Combat Desertification</policy-marker><transaction><value value-date="2009-04-01">14500</value><transaction-type code="C">Commitment</transaction-type><transaction-date iso-date="2009-04-01">Total Commitment to 31 Mar 2010</transaction-date></transaction><transaction><value currency="GBP" value-date="2009-06-30">14500</value><transaction-type code="D">Disbursement</transaction-type><provider-org ref="GB-1">Department for International Development</provider-org><description>Aggregated spend data - Financial Year 2009 Quarter 1</description><transaction-date iso-date="2009-06-30"/></transaction><budget type="Original"><period-start iso-date="2009-04-01"/><period-end iso-date="2010-03-31"/><value value-date="2009-04-01" currency="GBP">14500</value></budget><related-activity ref="GB-1-200499" type="1">One World Media Awards and Youth Jury</related-activity><legacy-data name="99820 Promotion of Development Awareness (Global Partnerships)" value="99820" iati-equivalent="sector"/></iati-activity><iati-activity xml:lang="en" default-currency="GBP" hierarchy="1"><reporting-org ref="GB-1" type="10">Department for International Development</reporting-org><participating-org ref="GB" type="10" role="Funding">UNITED KINGDOM</participating-org><participating-org ref="GB-1" type="10" role="Extending">Department for International Development</participating-org><iati-identifier>GB-1-200612</iati-identifier><other-identifier owner-ref="GB-1" owner-name="DFID">200612</other-identifier><title>A Study Into Adaptation to and Mitigation of Climate Change in All DFIDS Current Projects (ADA Acc)</title><description>To understand what proportion of DFID ODA currently assists developing countries in tackling adaptation and mitigation and, to develop international thinking, by piloting comparing and identifying an effective methodology for measuring climate related ODA contributions for use in upcoming climate change negotiations</description><activity-date type="end-actual">2010-12-31</activity-date><activity-date type="end-planned">2010-12-31</activity-date><activity-date type="start-actual">2009-07-23</activity-date><activity-date type="start-planned">2009-05-18</activity-date><activity-status code="4">Post-completion</activity-status><contact-info><organisation>Department for International Development</organisation><telephone>+44 (0) 1355 84 3132</telephone><email>enquiry@dfid.gov.uk</email><mailing-address>Public Enquiry Point, Abercrombie House, Eaglesham Road, East Kilbride, Glasgow G75 8EA</mailing-address></contact-info><default-tied-status code="5">Untied</default-tied-status><related-activity ref="GB-1-200612-101" type="2">Payment of Pre-Arranged Fees</related-activity></iati-activity><iati-activity xml:lang="en" default-currency="GBP" hierarchy="2"><reporting-org ref="GB-1" type="10">Department for International Development</reporting-org><participating-org ref="GB" type="10" role="Funding">UNITED KINGDOM</participating-org><participating-org ref="GB-1" type="10" role="Extending">Department for International Development</participating-org><participating-org ref="51000" role="Implementing">University, college or other teaching institution, research institute or think-tank</participating-org><recipient-country code="GB">United Kingdom</recipient-country><collaboration-type code="1">Bilateral</collaboration-type><default-flow-type code="10">ODA</default-flow-type><default-aid-type code="C01">Project-type interventions</default-aid-type><default-finance-type code="110">Aid grant excluding debt reorganisation</default-finance-type><iati-identifier>GB-1-200612-101</iati-identifier><other-identifier owner-ref="GB-1" owner-name="DFID">200612-101</other-identifier><title>Payment of Pre-Arranged Fees</title><sector code="41030">Bio-diversity</sector><activity-date type="end-actual">2010-12-31</activity-date><activity-date type="end-planned">2010-12-31</activity-date><activity-date type="start-actual">2009-05-18</activity-date><activity-date type="start-planned">2009-05-18</activity-date><activity-status code="4">Post-completion</activity-status><contact-info><organisation>Department for International Development</organisation><telephone>+44 (0) 1355 84 3132</telephone><email>enquiry@dfid.gov.uk</email><mailing-address>Public Enquiry Point, Abercrombie House, Eaglesham Road, East Kilbride, Glasgow G75 8EA</mailing-address></contact-info><default-tied-status code="5">Untied</default-tied-status><policy-marker code="1" vocabulary="DAC" significance="0">Gender Equality</policy-marker><policy-marker code="2" vocabulary="DAC" significance="2">Aid to Environment</policy-marker><policy-marker code="3" vocabulary="DAC" significance="0">Participatory Development/Good Governance</policy-marker><policy-marker code="4" vocabulary="DAC" significance="0">Trade Development</policy-marker><policy-marker code="5" vocabulary="DAC" significance="0">Aid Targeting the Objectives of the Convention on Biological Diversity</policy-marker><policy-marker code="6" vocabulary="DAC" significance="0">Aid Targeting the Objectives of the Framework Convention on Climate Change - Mitigation</policy-marker><policy-marker code="7" vocabulary="DAC" significance="2">Aid Targeting the Objectives of the Framework Convention on Climate Change - Adaptation</policy-marker><policy-marker code="8" vocabulary="DAC" significance="0">Aid Targeting the Objectives of the Convention to Combat Desertification</policy-marker><transaction><value value-date="2010-04-01">28304</value><transaction-type code="C">Commitment</transaction-type><transaction-date iso-date="2009-05-18">Total Commitment to 31 Dec 2010</transaction-date></transaction><transaction><value currency="GBP" value-date="2009-09-30">28304</value><transaction-type code="D">Disbursement</transaction-type><provider-org ref="GB-1">Department for International Development</provider-org><description>Aggregated spend data - Financial Year 2009 Quarter 2</description><transaction-date iso-date="2009-09-30"/></transaction><transaction><value currency="GBP" value-date="2010-03-31">7403</value><transaction-type code="D">Disbursement</transaction-type><provider-org ref="GB-1">Department for International Development</provider-org><description>Aggregated spend data - Financial Year 2009 Quarter 4</description><transaction-date iso-date="2010-03-31"/></transaction><transaction><value currency="GBP" value-date="2010-05-11">-7403</value><transaction-type code="D">Disbursement</transaction-type><provider-org ref="GB-1">Department for International Development</provider-org><description>Aggregated spend data - Financial Year 2010 Quarter 1 (prior to 12th May 2010)</description><transaction-date iso-date="2010-05-11"/></transaction><transaction><value currency="GBP" value-date="2010-11-30">7328</value><transaction-type code="E">Expenditure</transaction-type><provider-org ref="GB-1">Department for International Development</provider-org><receiver-org ref="51000">University, college or other teaching institution, research institute or think-tank</receiver-org><description>Technical &amp; Advisory services</description><transaction-date iso-date="2010-11-30"/></transaction><budget type="Revised"><period-start iso-date="2009-04-01"/><period-end iso-date="2010-03-31"/><value value-date="2009-04-01" currency="GBP">28304</value></budget><related-activity ref="GB-1-200612" type="1">A Study Into Adaptation to and Mitigation of Climate Change in All DFIDS Current Projects (ADA Acc)</related-activity><legacy-data name="41032 Climate Change, Environment (Climate Change ICF)" value="41032" iati-equivalent="sector"/></iati-activity><iati-activity xml:lang="en" default-currency="GBP" hierarchy="1"><reporting-org ref="GB-1" type="10">Department for International Development</reporting-org><participating-org ref="GB" type="10" role="Funding">UNITED KINGDOM</participating-org><participating-org ref="GB-1" type="10" role="Extending">Department for International Development</participating-org><iati-identifier>GB-1-201499</iati-identifier><other-identifier owner-ref="GB-1" owner-name="DFID">201499</other-identifier><title>Partnering With Business</title><description>To stimulate the implementation of inclusive business models by a new set of businesses. These models create affordable goods and services and increase the incomes of the poor.</description><activity-date type="end-actual">2011-03-31</activity-date><activity-date type="end-planned">2011-03-31</activity-date><activity-date type="start-actual">2010-03-02</activity-date><activity-date type="start-planned">2010-01-01</activity-date><activity-status code="4">Post-completion</activity-status><contact-info><organisation>Department for International Development</organisation><telephone>+44 (0) 1355 84 3132</telephone><email>enquiry@dfid.gov.uk</email><mailing-address>Public Enquiry Point, Abercrombie House, Eaglesham Road, East Kilbride, Glasgow G75 8EA</mailing-address></contact-info><default-tied-status code="5">Untied</default-tied-status><related-activity ref="GB-1-201499-101" type="2">IBLF Accountable Grant- Asia Business</related-activity><related-activity ref="GB-1-201499-102" type="2">BITC Accountable Grant - UK Business</related-activity><related-activity ref="GB-1-201499-103" type="2">Baa Contract Support - Africa Business</related-activity></iati-activity><iati-activity xml:lang="en" default-currency="GBP" hierarchy="2"><reporting-org ref="GB-1" type="10">Department for International Development</reporting-org><participating-org ref="GB" type="10" role="Funding">UNITED KINGDOM</participating-org><participating-org ref="GB-1" type="10" role="Extending">Department for International Development</participating-org><participating-org ref="52000" role="Implementing">Other.</participating-org><recipient-country code="GB">United Kingdom</recipient-country><collaboration-type code="1">Bilateral</collaboration-type><default-flow-type code="10">ODA</default-flow-type><default-aid-type code="C01">Project-type interventions</default-aid-type><default-finance-type code="110">Aid grant excluding debt reorganisation</default-finance-type><iati-identifier>GB-1-201499-102</iati-identifier><other-identifier owner-ref="GB-1" owner-name="DFID">201499-102</other-identifier><title>BITC Accountable Grant - UK Business</title><sector code="25010">Business support services and institutions</sector><activity-date type="end-actual">2011-03-31</activity-date><activity-date type="end-planned">2011-03-31</activity-date><activity-date type="start-actual">2010-01-01</activity-date><activity-date type="start-planned">2010-01-01</activity-date><activity-status code="4">Post-completion</activity-status><contact-info><organisation>Department for International Development</organisation><telephone>+44 (0) 1355 84 3132</telephone><email>enquiry@dfid.gov.uk</email><mailing-address>Public Enquiry Point, Abercrombie House, Eaglesham Road, East Kilbride, Glasgow G75 8EA</mailing-address></contact-info><default-tied-status code="5">Untied</default-tied-status><policy-marker code="1" vocabulary="DAC" significance="0">Gender Equality</policy-marker><policy-marker code="2" vocabulary="DAC" significance="0">Aid to Environment</policy-marker><policy-marker code="3" vocabulary="DAC" significance="0">Participatory Development/Good Governance</policy-marker><policy-marker code="4" vocabulary="DAC" significance="2">Trade Development</policy-marker><policy-marker code="5" vocabulary="DAC" significance="0">Aid Targeting the Objectives of the Convention on Biological Diversity</policy-marker><policy-marker code="6" vocabulary="DAC" significance="0">Aid Targeting the Objectives of the Framework Convention on Climate Change - Mitigation</policy-marker><policy-marker code="7" vocabulary="DAC" significance="0">Aid Targeting the Objectives of the Framework Convention on Climate Change - Adaptation</policy-marker><policy-marker code="8" vocabulary="DAC" significance="0">Aid Targeting the Objectives of the Convention to Combat Desertification</policy-marker><transaction><value value-date="2011-04-01">135047</value><transaction-type code="C">Commitment</transaction-type><transaction-date iso-date="2010-01-01">Total Commitment to 31 Mar 2011</transaction-date></transaction><transaction><value currency="GBP" value-date="2010-03-31">79275</value><transaction-type code="D">Disbursement</transaction-type><provider-org ref="GB-1">Department for International Development</provider-org><description>Aggregated spend data - Financial Year 2009 Quarter 4</description><transaction-date iso-date="2010-03-31"/></transaction><transaction><value currency="GBP" value-date="2010-05-11">-79275</value><transaction-type code="D">Disbursement</transaction-type><provider-org ref="GB-1">Department for International Development</provider-org><description>Aggregated spend data - Financial Year 2010 Quarter 1 (prior to 12th May 2010)</description><transaction-date iso-date="2010-05-11"/></transaction><transaction><value currency="GBP" value-date="2010-07-14">110597</value><transaction-type code="D">Disbursement</transaction-type><provider-org ref="GB-1">Department for International Development</provider-org><receiver-org ref="52000">Other.</receiver-org><description>Aid to civil society organisations / NGOs</description><transaction-date iso-date="2010-07-14"/></transaction><transaction><value currency="GBP" value-date="2010-11-16">17875</value><transaction-type code="D">Disbursement</transaction-type><provider-org ref="GB-1">Department for International Development</provider-org><receiver-org ref="52000">Other.</receiver-org><description>Aid to civil society organisations / NGOs</description><transaction-date iso-date="2010-11-16"/></transaction><transaction><value currency="GBP" value-date="2011-05-19">6575</value><transaction-type code="D">Disbursement</transaction-type><provider-org ref="GB-1">Department for International Development</provider-org><receiver-org ref="52000">Other.</receiver-org><description>Aid to civil society organisations / NGOs</description><transaction-date iso-date="2011-05-19"/></transaction><budget type="Revised"><period-start iso-date="2009-04-01"/><period-end iso-date="2010-03-31"/><value value-date="2009-04-01" currency="GBP">79275</value></budget><budget type="Revised"><period-start iso-date="2010-04-01"/><period-end iso-date="2011-03-31"/><value value-date="2010-04-01" currency="GBP">49197</value></budget><budget type="Revised"><period-start iso-date="2011-04-01"/><period-end iso-date="2012-03-31"/><value value-date="2011-04-01" currency="GBP">6575</value></budget><related-activity ref="GB-1-201499" type="1">Partnering With Business</related-activity><related-activity ref="GB-1-201499-101" type="3">IBLF Accountable Grant- Asia Business</related-activity><related-activity ref="GB-1-201499-103" type="3">Baa Contract Support - Africa Business</related-activity><legacy-data name="25010 Business Support Services and Institutions (Wealth Creation)" value="25010" iati-equivalent="sector"/></iati-activity><iati-activity xml:lang="en" default-currency="GBP" hierarchy="1"><reporting-org ref="GB-1" type="10">Department for International Development</reporting-org><participating-org ref="GB" type="10" role="Funding">UNITED KINGDOM</participating-org><participating-org ref="GB-1" type="10" role="Extending">Department for International Development</participating-org><iati-identifier>GB-1-201660</iati-identifier><other-identifier owner-ref="GB-1" owner-name="DFID">201660</other-identifier><title>Public Reporting &amp; Corporate Materials</title><description>To help meet our statutory reporting requirements and aid transparency commitments to Parliament, citizens in developing countries and taxpayers in the UK</description><activity-date type="start-actual">2010-03-24</activity-date><activity-date type="start-planned">2010-03-15</activity-date><activity-status code="2">Implementation</activity-status><contact-info><organisation>Department for International Development</organisation><telephone>+44 (0) 1355 84 3132</telephone><email>enquiry@dfid.gov.uk</email><mailing-address>Public Enquiry Point, Abercrombie House, Eaglesham Road, East Kilbride, Glasgow G75 8EA</mailing-address></contact-info><default-tied-status code="5">Untied</default-tied-status><related-activity ref="GB-1-201660-101" type="2">Autumn Performance Report</related-activity><related-activity ref="GB-1-201660-102" type="2">Annual Reporting Obligations</related-activity><related-activity ref="GB-1-201660-105" type="2">Printed  Materials to Enable Aid Transparency</related-activity></iati-activity><iati-activity xml:lang="en" default-currency="GBP" hierarchy="2"><reporting-org ref="GB-1" type="10">Department for International Development</reporting-org><participating-org ref="GB" type="10" role="Funding">UNITED KINGDOM</participating-org><participating-org ref="GB-1" type="10" role="Extending">Department for International Development</participating-org><participating-org ref="52000" role="Implementing">Other.</participating-org><recipient-country code="GB">United Kingdom</recipient-country><collaboration-type code="1">Bilateral</collaboration-type><default-flow-type code="10">ODA</default-flow-type><default-aid-type code="H01">Development awareness</default-aid-type><default-finance-type code="110">Aid grant excluding debt reorganisation</default-finance-type><iati-identifier>GB-1-201660-101</iati-identifier><other-identifier owner-ref="GB-1" owner-name="DFID">201660-101</other-identifier><title>Autumn Performance Report</title><sector code="99820">Promotion of development awareness</sector><activity-date type="start-actual">2010-03-16</activity-date><activity-date type="start-planned">2010-03-16</activity-date><activity-status code="2">Implementation</activity-status><contact-info><organisation>Department for International Development</organisation><telephone>+44 (0) 1355 84 3132</telephone><email>enquiry@dfid.gov.uk</email><mailing-address>Public Enquiry Point, Abercrombie House, Eaglesham Road, East Kilbride, Glasgow G75 8EA</mailing-address></contact-info><default-tied-status code="5">Untied</default-tied-status><policy-marker code="1" vocabulary="DAC" significance="0">Gender Equality</policy-marker><policy-marker code="2" vocabulary="DAC" significance="0">Aid to Environment</policy-marker><policy-marker code="3" vocabulary="DAC" significance="0">Participatory Development/Good Governance</policy-marker><policy-marker code="4" vocabulary="DAC" significance="0">Trade Development</policy-marker><policy-marker code="5" vocabulary="DAC" significance="0">Aid Targeting the Objectives of the Convention on Biological Diversity</policy-marker><policy-marker code="6" vocabulary="DAC" significance="0">Aid Targeting the Objectives of the Framework Convention on Climate Change - Mitigation</policy-marker><policy-marker code="7" vocabulary="DAC" significance="0">Aid Targeting the Objectives of the Framework Convention on Climate Change - Adaptation</policy-marker><policy-marker code="8" vocabulary="DAC" significance="0">Aid Targeting the Objectives of the Convention to Combat Desertification</policy-marker><transaction><value value-date="2021-04-01">97681</value><transaction-type code="C">Commitment</transaction-type><transaction-date iso-date="2010-03-16"/></transaction><transaction><value currency="GBP" value-date="2012-09-30">315</value><transaction-type code="D">Disbursement</transaction-type><provider-org ref="GB-1">Department for International Development</provider-org><description>Aggregated spend of less than £500 - Financial Year 2012 Quarter 2</description><transaction-date iso-date="2012-09-30"/></transaction><transaction><value currency="GBP" value-date="2011-06-27">2444</value><transaction-type code="E">Expenditure</transaction-type><provider-org ref="GB-1">Department for International Development</provider-org><receiver-org ref="52000">Other.</receiver-org><description>Printing, Stationary &amp; Postage</description><transaction-date iso-date="2011-06-27"/></transaction><transaction><value currency="GBP" value-date="2012-07-03">20120</value><transaction-type code="E">Expenditure</transaction-type><provider-org ref="GB-1">Department for International Development</provider-org><receiver-org>Journal Transaction</receiver-org><description>Printing, Stationary &amp; Postage</description><transaction-date iso-date="2012-07-03"/></transaction><transaction><value currency="GBP" value-date="2012-07-05">-20120</value><transaction-type code="E">Expenditure</transaction-type><provider-org ref="GB-1">Department for International Development</provider-org><receiver-org>Journal Transaction</receiver-org><description>Printing, Stationary &amp; Postage</description><transaction-date iso-date="2012-07-05"/></transaction><transaction><value currency="GBP" value-date="2012-07-23">12702</value><transaction-type code="E">Expenditure</transaction-type><provider-org ref="GB-1">Department for International Development</provider-org><receiver-org ref="52000">Other.</receiver-org><description>Printing, Stationary &amp; Postage</description><transaction-date iso-date="2012-07-23"/></transaction><transaction><value currency="GBP" value-date="2012-07-30">4066</value><transaction-type code="E">Expenditure</transaction-type><provider-org ref="GB-1">Department for International Development</provider-org><receiver-org ref="52000">Other.</receiver-org><description>Printing, Stationary &amp; Postage</description><transaction-date iso-date="2012-07-30"/></transaction><budget type="Revised"><period-start iso-date="2011-04-01"/><period-end iso-date="2012-03-31"/><value value-date="2011-04-01" currency="GBP">17181</value></budget><budget type="Revised"><period-start iso-date="2012-04-01"/><period-end iso-date="2013-03-31"/><value value-date="2012-04-01" currency="GBP">20500</value></budget><budget type="Revised"><period-start iso-date="2013-04-01"/><period-end iso-date="2014-03-31"/><value value-date="2013-04-01" currency="GBP">30000</value></budget><budget type="Revised"><period-start iso-date="2014-04-01"/><period-end iso-date="2015-03-31"/><value value-date="2014-04-01" currency="GBP">30000</value></budget><budget type="Revised"><period-start iso-date="2021-04-01"/><period-end iso-date="2022-03-31"/><value value-date="2021-04-01" currency="GBP">0</value></budget><related-activity ref="GB-1-201660" type="1">Public Reporting &amp; Corporate Materials</related-activity><related-activity ref="GB-1-201660-102" type="3">Annual Reporting Obligations</related-activity><related-activity ref="GB-1-201660-105" type="3">Printed  Materials to Enable Aid Transparency</related-activity><legacy-data name="99820 Promotion of Development Awareness (Global Partnerships)" value="99820" iati-equivalent="sector"/></iati-activity><iati-activity xml:lang="en" default-currency="GBP" hierarchy="1"><reporting-org ref="GB-1" type="10">Department for International Development</reporting-org><participating-org ref="GB" type="10" role="Funding">UNITED KINGDOM</participating-org><participating-org ref="GB-1" type="10" role="Extending">Department for International Development</participating-org><iati-identifier>GB-1-202381</iati-identifier><other-identifier owner-ref="GB-1" owner-name="DFID">202381</other-identifier><title>Crown Agents Bank - Provision of Management, Administration and Banking Services for the Disbursement of Development Aid Funds.</title><description>Crown Agents financial aid banking</description><activity-date type="end-actual">2020-04-06</activity-date><activity-date type="end-planned">2020-04-06</activity-date><activity-date type="start-actual">2011-05-31</activity-date><activity-date type="start-planned">2011-04-06</activity-date><activity-status code="2">Implementation</activity-status><contact-info><organisation>Department for International Development</organisation><telephone>+44 (0) 1355 84 3132</telephone><email>enquiry@dfid.gov.uk</email><mailing-address>Public Enquiry Point, Abercrombie House, Eaglesham Road, East Kilbride, Glasgow G75 8EA</mailing-address></contact-info><default-tied-status code="5">Untied</default-tied-status><related-activity ref="GB-1-202381-101" type="2">Crown Agents Bank - Provision of Management, Admnistration and Banking Services for the Disbursement of Development Aid Funds.</related-activity></iati-activity><iati-activity xml:lang="en" default-currency="GBP" hierarchy="2"><reporting-org ref="GB-1" type="10">Department for International Development</reporting-org><participating-org ref="GB" type="10" role="Funding">UNITED KINGDOM</participating-org><participating-org ref="GB-1" type="10" role="Extending">Department for International Development</participating-org><participating-org ref="52000" role="Implementing">Other.</participating-org><recipient-country code="GB">United Kingdom</recipient-country><collaboration-type code="1">Bilateral</collaboration-type><default-flow-type code="10">ODA</default-flow-type><default-aid-type code="C01">Project-type interventions</default-aid-type><default-finance-type code="110">Aid grant excluding debt reorganisation</default-finance-type><iati-identifier>GB-1-202381-101</iati-identifier><other-identifier owner-ref="GB-1" owner-name="DFID">202381-101</other-identifier><title>Crown Agents Bank - Provision of Management, Admnistration and Banking Services for the Disbursement of Development Aid Funds.</title><sector code="24010">Financial policy and administrative management</sector><activity-date type="end-actual">2020-04-05</activity-date><activity-date type="end-planned">2020-04-05</activity-date><activity-date type="start-actual">2011-04-07</activity-date><activity-date type="start-planned">2011-04-07</activity-date><activity-status code="2">Implementation</activity-status><contact-info><organisation>Department for International Development</organisation><telephone>+44 (0) 1355 84 3132</telephone><email>enquiry@dfid.gov.uk</email><mailing-address>Public Enquiry Point, Abercrombie House, Eaglesham Road, East Kilbride, Glasgow G75 8EA</mailing-address></contact-info><default-tied-status code="5">Untied</default-tied-status><policy-marker code="1" vocabulary="DAC" significance="0">Gender Equality</policy-marker><policy-marker code="2" vocabulary="DAC" significance="0">Aid to Environment</policy-marker><policy-marker code="3" vocabulary="DAC" significance="0">Participatory Development/Good Governance</policy-marker><policy-marker code="4" vocabulary="DAC" significance="2">Trade Development</policy-marker><policy-marker code="5" vocabulary="DAC" significance="0">Aid Targeting the Objectives of the Convention on Biological Diversity</policy-marker><policy-marker code="6" vocabulary="DAC" significance="0">Aid Targeting the Objectives of the Framework Convention on Climate Change - Mitigation</policy-marker><policy-marker code="7" vocabulary="DAC" significance="0">Aid Targeting the Objectives of the Framework Convention on Climate Change - Adaptation</policy-marker><policy-marker code="8" vocabulary="DAC" significance="0">Aid Targeting the Objectives of the Convention to Combat Desertification</policy-marker><transaction><value value-date="2011-04-01">435000</value><transaction-type code="C">Commitment</transaction-type><transaction-date iso-date="2011-04-07">Total Commitment to 05 Apr 2020</transaction-date></transaction><transaction><value currency="GBP" value-date="2011-05-13">36250</value><transaction-type code="E">Expenditure</transaction-type><provider-org ref="GB-1">Department for International Development</provider-org><receiver-org ref="52000">Other.</receiver-org><description>Technical &amp; Advisory services</description><transaction-date iso-date="2011-05-13"/></transaction><transaction><value currency="GBP" value-date="2011-06-03">36250</value><transaction-type code="E">Expenditure</transaction-type><provider-org ref="GB-1">Department for International Development</provider-org><receiver-org ref="52000">Other.</receiver-org><description>Technical &amp; Advisory services</description><transaction-date iso-date="2011-06-03"/></transaction><transaction><value currency="GBP" value-date="2011-07-12">36250</value><transaction-type code="E">Expenditure</transaction-type><provider-org ref="GB-1">Department for International Development</provider-org><receiver-org ref="52000">Other.</receiver-org><description>Technical &amp; Advisory services</description><transaction-date iso-date="2011-07-12"/></transaction><transaction><value currency="GBP" value-date="2011-08-02">36250</value><transaction-type code="E">Expenditure</transaction-type><provider-org ref="GB-1">Department for International Development</provider-org><receiver-org>Journal Transaction</receiver-org><description>Technical &amp; Advisory services</description><transaction-date iso-date="2011-08-02"/></transaction><transaction><value currency="GBP" value-date="2011-08-08">36250</value><transaction-type code="E">Expenditure</transaction-type><provider-org ref="GB-1">Department for International Development</provider-org><receiver-org ref="52000">Other.</receiver-org><description>Technical &amp; Advisory services</description><transaction-date iso-date="2011-08-08"/></transaction><transaction><value currency="GBP" value-date="2011-08-23">-36250</value><transaction-type code="E">Expenditure</transaction-type><provider-org ref="GB-1">Department for International Development</provider-org><receiver-org>Journal Transaction</receiver-org><description>Technical &amp; Advisory services</description><transaction-date iso-date="2011-08-23"/></transaction><transaction><value currency="GBP" value-date="2011-09-02">36250</value><transaction-type code="E">Expenditure</transaction-type><provider-org ref="GB-1">Department for International Development</provider-org><receiver-org>Journal Transaction</receiver-org><description>Technical &amp; Advisory services</description><transaction-date iso-date="2011-09-02"/></transaction><transaction><value currency="GBP" value-date="2011-09-05">-36250</value><transaction-type code="E">Expenditure</transaction-type><provider-org ref="GB-1">Department for International Development</provider-org><receiver-org>Journal Transaction</receiver-org><description>Technical &amp; Advisory services</description><transaction-date iso-date="2011-09-05"/></transaction><transaction><value currency="GBP" value-date="2011-09-07">36250</value><transaction-type code="E">Expenditure</transaction-type><provider-org ref="GB-1">Department for International Development</provider-org><receiver-org ref="52000">Other.</receiver-org><description>Technical &amp; Advisory services</description><transaction-date iso-date="2011-09-07"/></transaction><transaction><value currency="GBP" value-date="2011-10-04">36250</value><transaction-type code="E">Expenditure</transaction-type><provider-org ref="GB-1">Department for International Development</provider-org><receiver-org>Journal Transaction</receiver-org><description>Technical &amp; Advisory services</description><transaction-date iso-date="2011-10-04"/></transaction><transaction><value currency="GBP" value-date="2011-10-04">-36250</value><transaction-type code="E">Expenditure</transaction-type><provider-org ref="GB-1">Department for International Development</provider-org><receiver-org>Journal Transaction</receiver-org><description>Technical &amp; Advisory services</description><transaction-date iso-date="2011-10-04"/></transaction><transaction><value currency="GBP" value-date="2011-10-07">36250</value><transaction-type code="E">Expenditure</transaction-type><provider-org ref="GB-1">Department for International Development</provider-org><receiver-org ref="52000">Other.</receiver-org><description>Technical &amp; Advisory services</description><transaction-date iso-date="2011-10-07"/></transaction><transaction><value currency="GBP" value-date="2011-11-02">36250</value><transaction-type code="E">Expenditure</transaction-type><provider-org ref="GB-1">Department for International Development</provider-org><receiver-org>Journal Transaction</receiver-org><description>Technical &amp; Advisory services</description><transaction-date iso-date="2011-11-02"/></transaction><transaction><value currency="GBP" value-date="2011-11-02">-36250</value><transaction-type code="E">Expenditure</transaction-type><provider-org ref="GB-1">Department for International Development</provider-org><receiver-org>Journal Transaction</receiver-org><description>Technical &amp; Advisory services</description><transaction-date iso-date="2011-11-02"/></transaction><transaction><value currency="GBP" value-date="2011-11-08">36250</value><transaction-type code="E">Expenditure</transaction-type><provider-org ref="GB-1">Department for International Development</provider-org><receiver-org ref="52000">Other.</receiver-org><description>Technical &amp; Advisory services</description><transaction-date iso-date="2011-11-08"/></transaction><transaction><value currency="GBP" value-date="2011-12-02">36250</value><transaction-type code="E">Expenditure</transaction-type><provider-org ref="GB-1">Department for International Development</provider-org><receiver-org>Journal Transaction</receiver-org><description>Technical &amp; Advisory services</description><transaction-date iso-date="2011-12-02"/></transaction><transaction><value currency="GBP" value-date="2011-12-05">-36250</value><transaction-type code="E">Expenditure</transaction-type><provider-org ref="GB-1">Department for International Development</provider-org><receiver-org>Journal Transaction</receiver-org><description>Technical &amp; Advisory services</description><transaction-date iso-date="2011-12-05"/></transaction><transaction><value currency="GBP" value-date="2011-12-12">36250</value><transaction-type code="E">Expenditure</transaction-type><provider-org ref="GB-1">Department for International Development</provider-org><receiver-org ref="52000">Other.</receiver-org><description>Technical &amp; Advisory services</description><transaction-date iso-date="2011-12-12"/></transaction><transaction><value currency="GBP" value-date="2012-01-06">36250</value><transaction-type code="E">Expenditure</transaction-type><provider-org ref="GB-1">Department for International Development</provider-org><receiver-org>Journal Transaction</receiver-org><description>Technical &amp; Advisory services</description><transaction-date iso-date="2012-01-06"/></transaction><transaction><value currency="GBP" value-date="2012-01-06">-36250</value><transaction-type code="E">Expenditure</transaction-type><provider-org ref="GB-1">Department for International Development</provider-org><receiver-org>Journal Transaction</receiver-org><description>Technical &amp; Advisory services</description><transaction-date iso-date="2012-01-06"/></transaction><transaction><value currency="GBP" value-date="2012-01-10">36250</value><transaction-type code="E">Expenditure</transaction-type><provider-org ref="GB-1">Department for International Development</provider-org><receiver-org ref="52000">Other.</receiver-org><description>Technical &amp; Advisory services</description><transaction-date iso-date="2012-01-10"/></transaction><transaction><value currency="GBP" value-date="2012-02-03">36250</value><transaction-type code="E">Expenditure</transaction-type><provider-org ref="GB-1">Department for International Development</provider-org><receiver-org>Journal Transaction</receiver-org><description>Technical &amp; Advisory services</description><transaction-date iso-date="2012-02-03"/></transaction><transaction><value currency="GBP" value-date="2012-02-03">-36250</value><transaction-type code="E">Expenditure</transaction-type><provider-org ref="GB-1">Department for International Development</provider-org><receiver-org>Journal Transaction</receiver-org><description>Technical &amp; Advisory services</description><transaction-date iso-date="2012-02-03"/></transaction><transaction><value currency="GBP" value-date="2012-02-06">36250</value><transaction-type code="E">Expenditure</transaction-type><provider-org ref="GB-1">Department for International Development</provider-org><receiver-org ref="52000">Other.</receiver-org><description>Technical &amp; Advisory services</description><transaction-date iso-date="2012-02-06"/></transaction><transaction><value currency="GBP" value-date="2012-03-05">36250</value><transaction-type code="E">Expenditure</transaction-type><provider-org ref="GB-1">Department for International Development</provider-org><receiver-org>Journal Transaction</receiver-org><description>Technical &amp; Advisory services</description><transaction-date iso-date="2012-03-05"/></transaction><transaction><value currency="GBP" value-date="2012-03-05">-36250</value><transaction-type code="E">Expenditure</transaction-type><provider-org ref="GB-1">Department for International Development</provider-org><receiver-org>Journal Transaction</receiver-org><description>Technical &amp; Advisory services</description><transaction-date iso-date="2012-03-05"/></transaction><transaction><value currency="GBP" value-date="2012-03-15">36250</value><transaction-type code="E">Expenditure</transaction-type><provider-org ref="GB-1">Department for International Development</provider-org><receiver-org ref="52000">Other.</receiver-org><description>Technical &amp; Advisory services</description><transaction-date iso-date="2012-03-15"/></transaction><transaction><value currency="GBP" value-date="2012-04-05">36250</value><transaction-type code="E">Expenditure</transaction-type><provider-org ref="GB-1">Department for International Development</provider-org><receiver-org>Journal Transaction</receiver-org><description>Technical &amp; Advisory services</description><transaction-date iso-date="2012-04-05"/></transaction><transaction><value currency="GBP" value-date="2012-04-10">-36250</value><transaction-type code="E">Expenditure</transaction-type><provider-org ref="GB-1">Department for International Development</provider-org><receiver-org>Journal Transaction</receiver-org><description>Technical &amp; Advisory services</description><transaction-date iso-date="2012-04-10"/></transaction><transaction><value currency="GBP" value-date="2012-04-10">36250</value><transaction-type code="E">Expenditure</transaction-type><provider-org ref="GB-1">Department for International Development</provider-org><receiver-org ref="52000">Other.</receiver-org><description>Technical &amp; Advisory services</description><transaction-date iso-date="2012-04-10"/></transaction><budget type="Original"><period-start iso-date="2011-04-01"/><period-end iso-date="2012-03-31"/><value value-date="2011-04-01" currency="GBP">435000</value></budget><related-activity ref="GB-1-202381" type="1">Crown Agents Bank - Provision of Management, Administration and Banking Services for the Disbursement of Development Aid Funds.</related-activity><legacy-data name="24010 Financial Policy and Administrative Management (Wealth Creation)" value="24010" iati-equivalent="sector"/></iati-activity><iati-activity xml:lang="en" default-currency="GBP" hierarchy="1"><reporting-org ref="GB-1" type="10">Department for International Development</reporting-org><participating-org ref="GB" type="10" role="Funding">UNITED KINGDOM</participating-org><participating-org ref="GB-1" type="10" role="Extending">Department for International Development</participating-org><iati-identifier>GB-1-202778</iati-identifier><other-identifier owner-ref="GB-1" owner-name="DFID">202778</other-identifier><title>International Standards for Mining</title><description>To ensure that UK engagement on international standard setting for mining represents value for money - by doing an assessment of the likely impact of implementing different standards so that we focus resources on supporting international standards which can best help deliver economic growth and poverty reduction in developing countries.</description><activity-date type="end-actual">2012-07-27</activity-date><activity-date type="end-planned">2012-07-27</activity-date><activity-date type="start-actual">2011-08-22</activity-date><activity-date type="start-planned">2011-08-01</activity-date><activity-status code="4">Post-completion</activity-status><contact-info><organisation>Department for International Development</organisation><telephone>+44 (0) 1355 84 3132</telephone><email>enquiry@dfid.gov.uk</email><mailing-address>Public Enquiry Point, Abercrombie House, Eaglesham Road, East Kilbride, Glasgow G75 8EA</mailing-address></contact-info><default-tied-status code="5">Untied</default-tied-status><related-activity ref="GB-1-202778-101" type="2">International Standards for Mining - Consultancy</related-activity><document-link url="http://projects.dfid.gov.uk/IATI/document/3718992" format="application/msword"><title>Business Case and Summary 202778.docx</title><category code="A05">Budget</category><category code="A04">Conditions</category><category code="A03">Intended ultimate beneficiaries</category><category code="A02">Objectives / Purpose of activity</category><category code="A01">Pre- and post-project impact appraisal</category></document-link></iati-activity><iati-activity xml:lang="en" default-currency="GBP" hierarchy="2"><reporting-org ref="GB-1" type="10">Department for International Development</reporting-org><participating-org ref="GB" type="10" role="Funding">UNITED KINGDOM</participating-org><participating-org ref="GB-1" type="10" role="Extending">Department for International Development</participating-org><participating-org ref="52000" role="Implementing">Other.</participating-org><recipient-country code="GB">United Kingdom</recipient-country><collaboration-type code="1">Bilateral</collaboration-type><default-flow-type code="10">ODA</default-flow-type><default-aid-type code="C01">Project-type interventions</default-aid-type><default-finance-type code="110">Aid grant excluding debt reorganisation</default-finance-type><iati-identifier>GB-1-202778-101</iati-identifier><other-identifier owner-ref="GB-1" owner-name="DFID">202778-101</other-identifier><title>International Standards for Mining - Consultancy</title><sector code="32210">Mineral/mining policy and administrative management</sector><activity-date type="end-actual">2012-03-31</activity-date><activity-date type="end-planned">2012-03-31</activity-date><activity-date type="start-actual">2011-08-01</activity-date><activity-date type="start-planned">2011-08-01</activity-date><activity-status code="4">Post-completion</activity-status><contact-info><organisation>Department for International Development</organisation><telephone>+44 (0) 1355 84 3132</telephone><email>enquiry@dfid.gov.uk</email><mailing-address>Public Enquiry Point, Abercrombie House, Eaglesham Road, East Kilbride, Glasgow G75 8EA</mailing-address></contact-info><default-tied-status code="5">Untied</default-tied-status><policy-marker code="1" vocabulary="DAC" significance="0">Gender Equality</policy-marker><policy-marker code="2" vocabulary="DAC" significance="0">Aid to Environment</policy-marker><policy-marker code="3" vocabulary="DAC" significance="0">Participatory Development/Good Governance</policy-marker><policy-marker code="4" vocabulary="DAC" significance="2">Trade Development</policy-marker><policy-marker code="5" vocabulary="DAC" significance="0">Aid Targeting the Objectives of the Convention on Biological Diversity</policy-marker><policy-marker code="6" vocabulary="DAC" significance="0">Aid Targeting the Objectives of the Framework Convention on Climate Change - Mitigation</policy-marker><policy-marker code="7" vocabulary="DAC" significance="0">Aid Targeting the Objectives of the Framework Convention on Climate Change - Adaptation</policy-marker><policy-marker code="8" vocabulary="DAC" significance="0">Aid Targeting the Objectives of the Convention to Combat Desertification</policy-marker><transaction><value value-date="2011-04-01">24204</value><transaction-type code="C">Commitment</transaction-type><transaction-date iso-date="2011-08-01">Total Commitment to 31 Mar 2012</transaction-date></transaction><transaction><value currency="GBP" value-date="2012-03-31">-200</value><transaction-type code="D">Disbursement</transaction-type><provider-org ref="GB-1">Department for International Development</provider-org><description>Aggregated spend of less than £500 - Financial Year 2011 Quarter 4</description><transaction-date iso-date="2012-03-31"/></transaction><transaction><value currency="GBP" value-date="2011-12-02">12500</value><transaction-type code="E">Expenditure</transaction-type><provider-org ref="GB-1">Department for International Development</provider-org><receiver-org>Journal Transaction</receiver-org><description>Technical &amp; Advisory services</description><transaction-date iso-date="2011-12-02"/></transaction><transaction><value currency="GBP" value-date="2011-12-05">-12500</value><transaction-type code="E">Expenditure</transaction-type><provider-org ref="GB-1">Department for International Development</provider-org><receiver-org>Journal Transaction</receiver-org><description>Technical &amp; Advisory services</description><transaction-date iso-date="2011-12-05"/></transaction><transaction><value currency="GBP" value-date="2012-01-06">12500</value><transaction-type code="E">Expenditure</transaction-type><provider-org ref="GB-1">Department for International Development</provider-org><receiver-org ref="52000">Other.</receiver-org><description>Technical &amp; Advisory services</description><transaction-date iso-date="2012-01-06"/></transaction><transaction><value currency="GBP" value-date="2012-01-06">12300</value><transaction-type code="E">Expenditure</transaction-type><provider-org ref="GB-1">Department for International Development</provider-org><receiver-org>Journal Transaction</receiver-org><description>Technical &amp; Advisory services</description><transaction-date iso-date="2012-01-06"/></transaction><transaction><value currency="GBP" value-date="2012-01-06">-12300</value><transaction-type code="E">Expenditure</transaction-type><provider-org ref="GB-1">Department for International Development</provider-org><receiver-org>Journal Transaction</receiver-org><description>Technical &amp; Advisory services</description><transaction-date iso-date="2012-01-06"/></transaction><transaction><value currency="GBP" value-date="2012-03-05">12500</value><transaction-type code="E">Expenditure</transaction-type><provider-org ref="GB-1">Department for International Development</provider-org><receiver-org>Journal Transaction</receiver-org><description>Technical &amp; Advisory services</description><transaction-date iso-date="2012-03-05"/></transaction><transaction><value currency="GBP" value-date="2012-03-05">-12500</value><transaction-type code="E">Expenditure</transaction-type><provider-org ref="GB-1">Department for International Development</provider-org><receiver-org>Journal Transaction</receiver-org><description>Technical &amp; Advisory services</description><transaction-date iso-date="2012-03-05"/></transaction><transaction><value currency="GBP" value-date="2012-04-05">11904</value><transaction-type code="E">Expenditure</transaction-type><provider-org ref="GB-1">Department for International Development</provider-org><receiver-org>Journal Transaction</receiver-org><description>Technical &amp; Advisory services</description><transaction-date iso-date="2012-04-05"/></transaction><transaction><value currency="GBP" value-date="2012-04-10">-11904</value><transaction-type code="E">Expenditure</transaction-type><provider-org ref="GB-1">Department for International Development</provider-org><receiver-org>Journal Transaction</receiver-org><description>Technical &amp; Advisory services</description><transaction-date iso-date="2012-04-10"/></transaction><transaction><value currency="GBP" value-date="2012-05-03">9920</value><transaction-type code="E">Expenditure</transaction-type><provider-org ref="GB-1">Department for International Development</provider-org><receiver-org>Journal Transaction</receiver-org><description>Technical &amp; Advisory services</description><transaction-date iso-date="2012-05-03"/></transaction><transaction><value currency="GBP" value-date="2012-05-03">-9920</value><transaction-type code="E">Expenditure</transaction-type><provider-org ref="GB-1">Department for International Development</provider-org><receiver-org>Journal Transaction</receiver-org><description>Technical &amp; Advisory services</description><transaction-date iso-date="2012-05-03"/></transaction><transaction><value currency="GBP" value-date="2012-05-08">11904</value><transaction-type code="E">Expenditure</transaction-type><provider-org ref="GB-1">Department for International Development</provider-org><receiver-org ref="52000">Other.</receiver-org><description>Technical &amp; Advisory services</description><transaction-date iso-date="2012-05-08"/></transaction><budget type="Revised"><period-start iso-date="2011-04-01"/><period-end iso-date="2012-03-31"/><value value-date="2011-04-01" currency="GBP">24204</value></budget><related-activity ref="GB-1-202778" type="1">International Standards for Mining</related-activity><legacy-data name="32210 Mineral/Mining Policy and Administrative Management (Wealth Creation)" value="32210" iati-equivalent="sector"/></iati-activity><iati-activity xml:lang="en" default-currency="GBP" hierarchy="1"><reporting-org ref="GB-1" type="10">Department for International Development</reporting-org><participating-org ref="GB" type="10" role="Funding">UNITED KINGDOM</participating-org><participating-org ref="GB-1" type="10" role="Extending">Department for International Development</participating-org><iati-identifier>GB-1-203002</iati-identifier><other-identifier owner-ref="GB-1" owner-name="DFID">203002</other-identifier><title>Religion, Change and Development</title><description>To improve the policy and practices of faith groups and the UK govt by working more effectvely together in order to  bring together leading development thinkers and representatives from faith groups to examine how to engage with the issue of religion as a dynamic in development, address tension points between secular and faith-based development organisations and identify ways of engaging as effectively as possible with communities / countries where faith has a pivotal role.</description><activity-date type="end-actual">2011-12-20</activity-date><activity-date type="end-planned">2011-12-20</activity-date><activity-date type="start-actual">2011-11-09</activity-date><activity-date type="start-planned">2011-10-20</activity-date><activity-status code="4">Post-completion</activity-status><contact-info><organisation>Department for International Development</organisation><telephone>+44 (0) 1355 84 3132</telephone><email>enquiry@dfid.gov.uk</email><mailing-address>Public Enquiry Point, Abercrombie House, Eaglesham Road, East Kilbride, Glasgow G75 8EA</mailing-address></contact-info><default-tied-status code="5">Untied</default-tied-status><related-activity ref="GB-1-203002-101" type="2">Religion, Change and Development</related-activity><document-link url="http://projects.dfid.gov.uk/IATI/document/3717104" format="application/msword"><title>Business Case and Summary 203002.docx</title><category code="A05">Budget</category><category code="A04">Conditions</category><category code="A03">Intended ultimate beneficiaries</category><category code="A02">Objectives / Purpose of activity</category><category code="A01">Pre- and post-project impact appraisal</category></document-link></iati-activity><iati-activity xml:lang="en" default-currency="GBP" hierarchy="2"><reporting-org ref="GB-1" type="10">Department for International Development</reporting-org><participating-org ref="GB" type="10" role="Funding">UNITED KINGDOM</participating-org><participating-org ref="GB-1" type="10" role="Extending">Department for International Development</participating-org><participating-org ref="52000" role="Implementing">Other.</participating-org><recipient-country code="GB">United Kingdom</recipient-country><collaboration-type code="1">Bilateral</collaboration-type><default-flow-type code="10">ODA</default-flow-type><default-aid-type code="C01">Project-type interventions</default-aid-type><default-finance-type code="110">Aid grant excluding debt reorganisation</default-finance-type><iati-identifier>GB-1-203002-101</iati-identifier><other-identifier owner-ref="GB-1" owner-name="DFID">203002-101</other-identifier><title>Religion, Change and Development</title><sector code="15150">Democratic participation and civil society</sector><activity-date type="end-actual">2011-12-20</activity-date><activity-date type="end-planned">2011-12-20</activity-date><activity-date type="start-actual">2011-10-20</activity-date><activity-date type="start-planned">2011-10-20</activity-date><activity-status code="4">Post-completion</activity-status><contact-info><organisation>Department for International Development</organisation><telephone>+44 (0) 1355 84 3132</telephone><email>enquiry@dfid.gov.uk</email><mailing-address>Public Enquiry Point, Abercrombie House, Eaglesham Road, East Kilbride, Glasgow G75 8EA</mailing-address></contact-info><default-tied-status code="5">Untied</default-tied-status><policy-marker code="1" vocabulary="DAC" significance="0">Gender Equality</policy-marker><policy-marker code="2" vocabulary="DAC" significance="0">Aid to Environment</policy-marker><policy-marker code="3" vocabulary="DAC" significance="2">Participatory Development/Good Governance</policy-marker><policy-marker code="4" vocabulary="DAC" significance="0">Trade Development</policy-marker><policy-marker code="5" vocabulary="DAC" significance="0">Aid Targeting the Objectives of the Convention on Biological Diversity</policy-marker><policy-marker code="6" vocabulary="DAC" significance="0">Aid Targeting the Objectives of the Framework Convention on Climate Change - Mitigation</policy-marker><policy-marker code="7" vocabulary="DAC" significance="0">Aid Targeting the Objectives of the Framework Convention on Climate Change - Adaptation</policy-marker><policy-marker code="8" vocabulary="DAC" significance="0">Aid Targeting the Objectives of the Convention to Combat Desertification</policy-marker><transaction><value value-date="2011-04-01">25000</value><transaction-type code="C">Commitment</transaction-type><transaction-date iso-date="2011-10-20">Total Commitment to 20 Dec 2011</transaction-date></transaction><transaction><value currency="GBP" value-date="2011-12-05">25000</value><transaction-type code="D">Disbursement</transaction-type><provider-org ref="GB-1">Department for International Development</provider-org><receiver-org ref="52000">Other.</receiver-org><description>Aid to civil society organisations / NGOs</description><transaction-date iso-date="2011-12-05"/></transaction><budget type="Original"><period-start iso-date="2011-04-01"/><period-end iso-date="2012-03-31"/><value value-date="2011-04-01" currency="GBP">25000</value></budget><related-activity ref="GB-1-203002" type="1">Religion, Change and Development</related-activity><legacy-data name="15150 Strengthening Civil Society: (Governance and Security)" value="15150" iati-equivalent="sector"/></iati-activity><iati-activity xml:lang="en" default-currency="GBP" hierarchy="1"><reporting-org ref="GB-1" type="10">Department for International Development</reporting-org><participating-org ref="GB" type="10" role="Funding">UNITED KINGDOM</participating-org><participating-org ref="GB-1" type="10" role="Extending">Department for International Development</participating-org><iati-identifier>GB-1-203341</iati-identifier><other-identifier owner-ref="GB-1" owner-name="DFID">203341</other-identifier><title>Lessons Team Programme Budget</title><description>Provide expertise on stabilisation and conflict, sharing lessons to inform policy and practice</description><activity-date type="start-actual">2012-04-10</activity-date><activity-date type="start-planned">2012-04-04</activity-date><activity-status code="2">Implementation</activity-status><contact-info><organisation>Department for International Development</organisation><telephone>+44 (0) 1355 84 3132</telephone><email>enquiry@dfid.gov.uk</email><mailing-address>Public Enquiry Point, Abercrombie House, Eaglesham Road, East Kilbride, Glasgow G75 8EA</mailing-address></contact-info><default-tied-status code="5">Untied</default-tied-status><related-activity ref="GB-1-203341-101" type="2">HMG Lessons</related-activity><related-activity ref="GB-1-203341-102" type="2">International Organisations' Lessons</related-activity><related-activity ref="GB-1-203341-103" type="2">Stabilisation and Conflict Lessons Resource (SCLR)</related-activity><related-activity ref="GB-1-203341-104" type="2">Lessons Debriefing Process</related-activity><related-activity ref="GB-1-203341-105" type="2">Lessons Conferences</related-activity><related-activity ref="GB-1-203341-106" type="2">Conflict and Stabilisation Team Funding</related-activity><document-link url="http://projects.dfid.gov.uk/IATI/document/3717209" format="application/msword"><title>Business Case and Summary 203341.docx</title><category code="A05">Budget</category><category code="A04">Conditions</category><category code="A03">Intended ultimate beneficiaries</category><category code="A02">Objectives / Purpose of activity</category><category code="A01">Pre- and post-project impact appraisal</category></document-link></iati-activity><iati-activity xml:lang="en" default-currency="GBP" hierarchy="2"><reporting-org ref="GB-1" type="10">Department for International Development</reporting-org><participating-org ref="GB" type="10" role="Funding">UNITED KINGDOM</participating-org><participating-org ref="GB-1" type="10" role="Extending">Department for International Development</participating-org><participating-org ref="52000" role="Implementing">Other.</participating-org><recipient-country code="GB">United Kingdom</recipient-country><collaboration-type code="1">Bilateral</collaboration-type><default-flow-type code="10">ODA</default-flow-type><default-aid-type code="C01">Project-type interventions</default-aid-type><default-finance-type code="110">Aid grant excluding debt reorganisation</default-finance-type><iati-identifier>GB-1-203341-101</iati-identifier><other-identifier owner-ref="GB-1" owner-name="DFID">203341-101</other-identifier><title>HMG Lessons</title><sector code="15220">Civilian peace-building, conflict prevention and resolution</sector><activity-date type="start-actual">2012-04-04</activity-date><activity-date type="start-planned">2012-04-04</activity-date><activity-status code="2">Implementation</activity-status><contact-info><organisation>Department for International Development</organisation><telephone>+44 (0) 1355 84 3132</telephone><email>enquiry@dfid.gov.uk</email><mailing-address>Public Enquiry Point, Abercrombie House, Eaglesham Road, East Kilbride, Glasgow G75 8EA</mailing-address></contact-info><default-tied-status code="5">Untied</default-tied-status><policy-marker code="1" vocabulary="DAC" significance="1">Gender Equality</policy-marker><policy-marker code="2" vocabulary="DAC" significance="1">Aid to Environment</policy-marker><policy-marker code="3" vocabulary="DAC" significance="2">Participatory Development/Good Governance</policy-marker><policy-marker code="4" vocabulary="DAC" significance="0">Trade Development</policy-marker><policy-marker code="5" vocabulary="DAC" significance="0">Aid Targeting the Objectives of the Convention on Biological Diversity</policy-marker><policy-marker code="6" vocabulary="DAC" significance="0">Aid Targeting the Objectives of the Framework Convention on Climate Change - Mitigation</policy-marker><policy-marker code="7" vocabulary="DAC" significance="0">Aid Targeting the Objectives of the Framework Convention on Climate Change - Adaptation</policy-marker><policy-marker code="8" vocabulary="DAC" significance="0">Aid Targeting the Objectives of the Convention to Combat Desertification</policy-marker><transaction><value value-date="2012-04-01">206254</value><transaction-type code="C">Commitment</transaction-type><transaction-date iso-date="2012-04-04"/></transaction><transaction><value currency="GBP" value-date="2012-12-31">155</value><transaction-type code="D">Disbursement</transaction-type><provider-org ref="GB-1">Department for International Development</provider-org><description>Aggregated spend of less than £500 - Financial Year 2012 Quarter 3</description><transaction-date iso-date="2012-12-31"/></transaction><transaction><value currency="GBP" value-date="2013-03-31">1480</value><transaction-type code="D">Disbursement</transaction-type><provider-org ref="GB-1">Department for International Development</provider-org><description>Aggregated spend of less than £500 - Financial Year 2012 Quarter 4</description><transaction-date iso-date="2013-03-31"/></transaction><transaction><value currency="GBP" value-date="2012-04-19">731</value><transaction-type code="E">Expenditure</transaction-type><provider-org ref="GB-1">Department for International Development</provider-org><receiver-org ref="52000">Other.</receiver-org><description>Technical &amp; Advisory services</description><transaction-date iso-date="2012-04-19"/></transaction><transaction><value currency="GBP" value-date="2012-04-20">600</value><transaction-type code="E">Expenditure</transaction-type><provider-org ref="GB-1">Department for International Development</provider-org><receiver-org ref="52000">Other.</receiver-org><description>Technical &amp; Advisory services</description><transaction-date iso-date="2012-04-20"/></transaction><transaction><value currency="GBP" value-date="2012-04-25">14738</value><transaction-type code="E">Expenditure</transaction-type><provider-org ref="GB-1">Department for International Development</provider-org><receiver-org ref="51000">University, college or other teaching institution, research institute or think-tank</receiver-org><description>Technical &amp; Advisory services</description><transaction-date iso-date="2012-04-25"/></transaction><transaction><value currency="GBP" value-date="2012-07-12">1200</value><transaction-type code="E">Expenditure</transaction-type><provider-org ref="GB-1">Department for International Development</provider-org><receiver-org ref="11000">Donor Government</receiver-org><description>Technical &amp; Advisory services</description><transaction-date iso-date="2012-07-12"/></transaction><transaction><value currency="GBP" value-date="2012-07-31">7442</value><transaction-type code="E">Expenditure</transaction-type><provider-org ref="GB-1">Department for International Development</provider-org><receiver-org>Journal Transaction</receiver-org><description>Technical &amp; Advisory services</description><transaction-date iso-date="2012-07-31"/></transaction><transaction><value currency="GBP" value-date="2012-07-31">2270</value><transaction-type code="E">Expenditure</transaction-type><provider-org ref="GB-1">Department for International Development</provider-org><receiver-org>Journal Transaction</receiver-org><description>Technical &amp; Advisory services</description><transaction-date iso-date="2012-07-31"/></transaction><transaction><value currency="GBP" value-date="2012-08-06">798</value><transaction-type code="E">Expenditure</transaction-type><provider-org ref="GB-1">Department for International Development</provider-org><receiver-org ref="52000">Other.</receiver-org><description>Technical &amp; Advisory services</description><transaction-date iso-date="2012-08-06"/></transaction><transaction><value currency="GBP" value-date="2012-08-06">713</value><transaction-type code="E">Expenditure</transaction-type><provider-org ref="GB-1">Department for International Development</provider-org><receiver-org ref="52000">Other.</receiver-org><description>Technical &amp; Advisory services</description><transaction-date iso-date="2012-08-06"/></transaction><transaction><value currency="GBP" value-date="2012-08-06">1008</value><transaction-type code="E">Expenditure</transaction-type><provider-org ref="GB-1">Department for International Development</provider-org><receiver-org ref="52000">Other.</receiver-org><description>Technical &amp; Advisory services</description><transaction-date iso-date="2012-08-06"/></transaction><transaction><value currency="GBP" value-date="2012-08-06">8080</value><transaction-type code="E">Expenditure</transaction-type><provider-org ref="GB-1">Department for International Development</provider-org><receiver-org ref="52000">Other.</receiver-org><description>Technical &amp; Advisory services</description><transaction-date iso-date="2012-08-06"/></transaction><transaction><value currency="GBP" value-date="2012-08-07">15522</value><transaction-type code="E">Expenditure</transaction-type><provider-org ref="GB-1">Department for International Development</provider-org><receiver-org ref="52000">Other.</receiver-org><description>Technical &amp; Advisory services</description><transaction-date iso-date="2012-08-07"/></transaction><transaction><value currency="GBP" value-date="2012-08-23">1053</value><transaction-type code="E">Expenditure</transaction-type><provider-org ref="GB-1">Department for International Development</provider-org><receiver-org ref="52000">Other.</receiver-org><description>Technical &amp; Advisory services</description><transaction-date iso-date="2012-08-23"/></transaction><transaction><value currency="GBP" value-date="2012-09-05">23100</value><transaction-type code="E">Expenditure</transaction-type><provider-org ref="GB-1">Department for International Development</provider-org><receiver-org>Journal Transaction</receiver-org><description>Technical &amp; Advisory services</description><transaction-date iso-date="2012-09-05"/></transaction><transaction><value currency="GBP" value-date="2012-09-05">-23100</value><transaction-type code="E">Expenditure</transaction-type><provider-org ref="GB-1">Department for International Development</provider-org><receiver-org>Journal Transaction</receiver-org><description>Technical &amp; Advisory services</description><transaction-date iso-date="2012-09-05"/></transaction><transaction><value currency="GBP" value-date="2012-09-06">7402</value><transaction-type code="E">Expenditure</transaction-type><provider-org ref="GB-1">Department for International Development</provider-org><receiver-org ref="52000">Other.</receiver-org><description>Technical &amp; Advisory services</description><transaction-date iso-date="2012-09-06"/></transaction><transaction><value currency="GBP" value-date="2012-09-11">14448</value><transaction-type code="E">Expenditure</transaction-type><provider-org ref="GB-1">Department for International Development</provider-org><receiver-org ref="52000">Other.</receiver-org><description>Technical &amp; Advisory services</description><transaction-date iso-date="2012-09-11"/></transaction><transaction><value currency="GBP" value-date="2012-10-04">8652</value><transaction-type code="E">Expenditure</transaction-type><provider-org ref="GB-1">Department for International Development</provider-org><receiver-org>Journal Transaction</receiver-org><description>Technical &amp; Advisory services</description><transaction-date iso-date="2012-10-04"/></transaction><transaction><value currency="GBP" value-date="2012-10-04">-8652</value><transaction-type code="E">Expenditure</transaction-type><provider-org ref="GB-1">Department for International Development</provider-org><receiver-org>Journal Transaction</receiver-org><description>Technical &amp; Advisory services</description><transaction-date iso-date="2012-10-04"/></transaction><transaction><value currency="GBP" value-date="2012-10-18">1029</value><transaction-type code="E">Expenditure</transaction-type><provider-org ref="GB-1">Department for International Development</provider-org><receiver-org ref="52000">Other.</receiver-org><description>Technical &amp; Advisory services</description><transaction-date iso-date="2012-10-18"/></transaction><transaction><value currency="GBP" value-date="2012-10-19">18060</value><transaction-type code="E">Expenditure</transaction-type><provider-org ref="GB-1">Department for International Development</provider-org><receiver-org>Journal Transaction</receiver-org><description>Technical &amp; Advisory services</description><transaction-date iso-date="2012-10-19"/></transaction><transaction><value currency="GBP" value-date="2012-10-30">7164</value><transaction-type code="E">Expenditure</transaction-type><provider-org ref="GB-1">Department for International Development</provider-org><receiver-org ref="52000">Other.</receiver-org><description>Technical &amp; Advisory services</description><transaction-date iso-date="2012-10-30"/></transaction><transaction><value currency="GBP" value-date="2012-11-01">15892</value><transaction-type code="E">Expenditure</transaction-type><provider-org ref="GB-1">Department for International Development</provider-org><receiver-org ref="52000">Other.</receiver-org><description>Technical &amp; Advisory services</description><transaction-date iso-date="2012-11-01"/></transaction><transaction><value currency="GBP" value-date="2012-11-05">1432</value><transaction-type code="E">Expenditure</transaction-type><provider-org ref="GB-1">Department for International Development</provider-org><receiver-org>Journal Transaction</receiver-org><description>Technical &amp; Advisory services</description><transaction-date iso-date="2012-11-05"/></transaction><transaction><value currency="GBP" value-date="2012-11-05">8652</value><transaction-type code="E">Expenditure</transaction-type><provider-org ref="GB-1">Department for International Development</provider-org><receiver-org>Journal Transaction</receiver-org><description>Technical &amp; Advisory services</description><transaction-date iso-date="2012-11-05"/></transaction><transaction><value currency="GBP" value-date="2012-11-05">14448</value><transaction-type code="E">Expenditure</transaction-type><provider-org ref="GB-1">Department for International Development</provider-org><receiver-org>Journal Transaction</receiver-org><description>Technical &amp; Advisory services</description><transaction-date iso-date="2012-11-05"/></transaction><transaction><value currency="GBP" value-date="2012-11-07">-14448</value><transaction-type code="E">Expenditure</transaction-type><provider-org ref="GB-1">Department for International Development</provider-org><receiver-org>Journal Transaction</receiver-org><description>Technical &amp; Advisory services</description><transaction-date iso-date="2012-11-07"/></transaction><transaction><value currency="GBP" value-date="2012-11-07">-8652</value><transaction-type code="E">Expenditure</transaction-type><provider-org ref="GB-1">Department for International Development</provider-org><receiver-org>Journal Transaction</receiver-org><description>Technical &amp; Advisory services</description><transaction-date iso-date="2012-11-07"/></transaction><transaction><value currency="GBP" value-date="2012-11-07">-1432</value><transaction-type code="E">Expenditure</transaction-type><provider-org ref="GB-1">Department for International Development</provider-org><receiver-org>Journal Transaction</receiver-org><description>Technical &amp; Advisory services</description><transaction-date iso-date="2012-11-07"/></transaction><transaction><value currency="GBP" value-date="2012-11-09">6169</value><transaction-type code="E">Expenditure</transaction-type><provider-org ref="GB-1">Department for International Development</provider-org><receiver-org ref="52000">Other.</receiver-org><description>Technical &amp; Advisory services</description><transaction-date iso-date="2012-11-09"/></transaction><transaction><value currency="GBP" value-date="2012-12-04">5970</value><transaction-type code="E">Expenditure</transaction-type><provider-org ref="GB-1">Department for International Development</provider-org><receiver-org ref="52000">Other.</receiver-org><description>Technical &amp; Advisory services</description><transaction-date iso-date="2012-12-04"/></transaction><transaction><value currency="GBP" value-date="2012-12-05">2913</value><transaction-type code="E">Expenditure</transaction-type><provider-org ref="GB-1">Department for International Development</provider-org><receiver-org>Journal Transaction</receiver-org><description>Technical &amp; Advisory services</description><transaction-date iso-date="2012-12-05"/></transaction><transaction><value currency="GBP" value-date="2012-12-05">23500</value><transaction-type code="E">Expenditure</transaction-type><provider-org ref="GB-1">Department for International Development</provider-org><receiver-org>Journal Transaction</receiver-org><description>Technical &amp; Advisory services</description><transaction-date iso-date="2012-12-05"/></transaction><transaction><value currency="GBP" value-date="2012-12-05">-23500</value><transaction-type code="E">Expenditure</transaction-type><provider-org ref="GB-1">Department for International Development</provider-org><receiver-org>Journal Transaction</receiver-org><description>Technical &amp; Advisory services</description><transaction-date iso-date="2012-12-05"/></transaction><transaction><value currency="GBP" value-date="2012-12-05">-2913</value><transaction-type code="E">Expenditure</transaction-type><provider-org ref="GB-1">Department for International Development</provider-org><receiver-org>Journal Transaction</receiver-org><description>Technical &amp; Advisory services</description><transaction-date iso-date="2012-12-05"/></transaction><transaction><value currency="GBP" value-date="2012-12-12">23348</value><transaction-type code="E">Expenditure</transaction-type><provider-org ref="GB-1">Department for International Development</provider-org><receiver-org ref="52000">Other.</receiver-org><description>Technical &amp; Advisory services</description><transaction-date iso-date="2012-12-12"/></transaction><transaction><value currency="GBP" value-date="2013-01-03">7402</value><transaction-type code="E">Expenditure</transaction-type><provider-org ref="GB-1">Department for International Development</provider-org><receiver-org ref="52000">Other.</receiver-org><description>Technical &amp; Advisory services</description><transaction-date iso-date="2013-01-03"/></transaction><transaction><value currency="GBP" value-date="2013-01-07">7402</value><transaction-type code="E">Expenditure</transaction-type><provider-org ref="GB-1">Department for International Development</provider-org><receiver-org>Journal Transaction</receiver-org><description>Technical &amp; Advisory services</description><transaction-date iso-date="2013-01-07"/></transaction><transaction><value currency="GBP" value-date="2013-01-07">8200</value><transaction-type code="E">Expenditure</transaction-type><provider-org ref="GB-1">Department for International Development</provider-org><receiver-org>Journal Transaction</receiver-org><description>Technical &amp; Advisory services</description><transaction-date iso-date="2013-01-07"/></transaction><transaction><value currency="GBP" value-date="2013-01-07">-8200</value><transaction-type code="E">Expenditure</transaction-type><provider-org ref="GB-1">Department for International Development</provider-org><receiver-org>Journal Transaction</receiver-org><description>Technical &amp; Advisory services</description><transaction-date iso-date="2013-01-07"/></transaction><transaction><value currency="GBP" value-date="2013-01-07">-7402</value><transaction-type code="E">Expenditure</transaction-type><provider-org ref="GB-1">Department for International Development</provider-org><receiver-org>Journal Transaction</receiver-org><description>Technical &amp; Advisory services</description><transaction-date iso-date="2013-01-07"/></transaction><transaction><value currency="GBP" value-date="2013-01-10">689</value><transaction-type code="E">Expenditure</transaction-type><provider-org ref="GB-1">Department for International Development</provider-org><receiver-org ref="52000">Other.</receiver-org><description>Technical &amp; Advisory services</description><transaction-date iso-date="2013-01-10"/></transaction><transaction><value currency="GBP" value-date="2013-02-05">7402</value><transaction-type code="E">Expenditure</transaction-type><provider-org ref="GB-1">Department for International Development</provider-org><receiver-org>Journal Transaction</receiver-org><description>Technical &amp; Advisory services</description><transaction-date iso-date="2013-02-05"/></transaction><transaction><value currency="GBP" value-date="2013-02-05">8200</value><transaction-type code="E">Expenditure</transaction-type><provider-org ref="GB-1">Department for International Development</provider-org><receiver-org>Journal Transaction</receiver-org><description>Technical &amp; Advisory services</description><transaction-date iso-date="2013-02-05"/></transaction><transaction><value currency="GBP" value-date="2013-02-05">-7402</value><transaction-type code="E">Expenditure</transaction-type><provider-org ref="GB-1">Department for International Development</provider-org><receiver-org>Journal Transaction</receiver-org><description>Technical &amp; Advisory services</description><transaction-date iso-date="2013-02-05"/></transaction><transaction><value currency="GBP" value-date="2013-02-05">-8200</value><transaction-type code="E">Expenditure</transaction-type><provider-org ref="GB-1">Department for International Development</provider-org><receiver-org>Journal Transaction</receiver-org><description>Technical &amp; Advisory services</description><transaction-date iso-date="2013-02-05"/></transaction><transaction><value currency="GBP" value-date="2013-02-20">7402</value><transaction-type code="E">Expenditure</transaction-type><provider-org ref="GB-1">Department for International Development</provider-org><receiver-org ref="52000">Other.</receiver-org><description>Technical &amp; Advisory services</description><transaction-date iso-date="2013-02-20"/></transaction><transaction><value currency="GBP" value-date="2013-02-20">697</value><transaction-type code="E">Expenditure</transaction-type><provider-org ref="GB-1">Department for International Development</provider-org><receiver-org ref="11000">Donor Government</receiver-org><description>Technical &amp; Advisory services</description><transaction-date iso-date="2013-02-20"/></transaction><transaction><value currency="GBP" value-date="2013-02-25">907</value><transaction-type code="E">Expenditure</transaction-type><provider-org ref="GB-1">Department for International Development</provider-org><receiver-org ref="52000">Other.</receiver-org><description>Technical &amp; Advisory services</description><transaction-date iso-date="2013-02-25"/></transaction><budget type="Revised"><period-start iso-date="2012-04-01"/><period-end iso-date="2013-03-31"/><value value-date="2012-04-01" currency="GBP">206254</value></budget><related-activity ref="GB-1-203341" type="1">Lessons Team Programme Budget</related-activity><related-activity ref="GB-1-203341-102" type="3">International Organisations' Lessons</related-activity><related-activity ref="GB-1-203341-103" type="3">Stabilisation and Conflict Lessons Resource (SCLR)</related-activity><related-activity ref="GB-1-203341-104" type="3">Lessons Debriefing Process</related-activity><related-activity ref="GB-1-203341-105" type="3">Lessons Conferences</related-activity><related-activity ref="GB-1-203341-106" type="3">Conflict and Stabilisation Team Funding</related-activity><legacy-data name="15220 Civilian Peace-Building, Conflict Prevention and Resolution: (Governance and Security)" value="15220" iati-equivalent="sector"/></iati-activity></iati-activities>