<iati-activities version="1.01" generated-datetime="2013-03-28T16:48:56Z"><ir:registry-record xml:lang="en" file-id="GB-1" source-url="http://projects.dfid.gov.uk/iati/Country/HN" publisher-id="GB-1" publisher-role="Funding" contact-email="ppisupport@dfid.gov.uk" donor-id="GB-1" donor-type="10" title="DFID Activity File" activity-period="All Periods" last-updated-datetime="2013-03-28T16:48:56Z" generated-datetime="2013-03-28T16:48:56Z" verification-status="1" format="xml" license="IATI" xmlns:ir="http://iatiregistry.org/ns/record#"/><iati-activity xml:lang="en" default-currency="GBP" hierarchy="1"><reporting-org ref="GB-1" type="10">Department for International Development</reporting-org><participating-org ref="GB" type="10" role="Funding">UNITED KINGDOM</participating-org><participating-org ref="GB-1" type="10" role="Extending">Department for International Development</participating-org><iati-identifier>GB-1-200827</iati-identifier><other-identifier owner-ref="GB-1" owner-name="DFID">200827</other-identifier><title>CSCF0475 Deborah Programme - Development, Rights and Economical Freedom to Victims and Survivors of Domestic Violence</title><description>Marginalized women in project target areas are able to engage in their local development processes along with civil society and government.</description><activity-date type="end-actual">2010-03-31</activity-date><activity-date type="end-planned">2010-03-31</activity-date><activity-date type="start-actual">2009-06-30</activity-date><activity-date type="start-planned">2009-07-01</activity-date><activity-status code="4">Post-completion</activity-status><contact-info><organisation>Department for International Development</organisation><telephone>+44 (0) 1355 84 3132</telephone><email>enquiry@dfid.gov.uk</email><mailing-address>Public Enquiry Point, Abercrombie House, Eaglesham Road, East Kilbride, Glasgow G75 8EA</mailing-address></contact-info><default-tied-status code="5">Untied</default-tied-status><related-activity ref="GB-1-200827-101" type="2">CSCF0475 Deborah Programme - Development, Rights and Economical Freedom to Victims and Survivors of Domestic Violence</related-activity></iati-activity><iati-activity xml:lang="en" default-currency="GBP" hierarchy="2"><reporting-org ref="GB-1" type="10">Department for International Development</reporting-org><participating-org ref="GB" type="10" role="Funding">UNITED KINGDOM</participating-org><participating-org ref="GB-1" type="10" role="Extending">Department for International Development</participating-org><participating-org ref="21000" role="Implementing">INTERNATIONAL NGO</participating-org><recipient-country code="HN">Honduras</recipient-country><collaboration-type code="5">Aid through NGOs</collaboration-type><default-flow-type code="10">ODA</default-flow-type><default-aid-type code="C01">Project-type interventions</default-aid-type><default-finance-type code="110">Aid grant excluding debt reorganisation</default-finance-type><iati-identifier>GB-1-200827-101</iati-identifier><other-identifier owner-ref="GB-1" owner-name="DFID">200827-101</other-identifier><title>CSCF0475 Deborah Programme - Development, Rights and Economical Freedom to Victims and Survivors of Domestic Violence</title><sector code="15150" percentage="40">Democratic participation and civil society</sector><sector code="15170" percentage="35">Women’s equality organisations and institutions</sector><sector code="24040" percentage="25">Informal/semi-formal financial intermediaries</sector><activity-date type="end-actual">2010-03-31</activity-date><activity-date type="end-planned">2010-03-31</activity-date><activity-date type="start-actual">2009-07-01</activity-date><activity-date type="start-planned">2009-07-01</activity-date><activity-status code="4">Post-completion</activity-status><contact-info><organisation>Department for International Development</organisation><telephone>+44 (0) 1355 84 3132</telephone><email>enquiry@dfid.gov.uk</email><mailing-address>Public Enquiry Point, Abercrombie House, Eaglesham Road, East Kilbride, Glasgow G75 8EA</mailing-address></contact-info><default-tied-status code="5">Untied</default-tied-status><policy-marker code="1" vocabulary="DAC" significance="2">Gender Equality</policy-marker><policy-marker code="2" vocabulary="DAC" significance="0">Aid to Environment</policy-marker><policy-marker code="3" vocabulary="DAC" significance="2">Participatory Development/Good Governance</policy-marker><policy-marker code="4" vocabulary="DAC" significance="0">Trade Development</policy-marker><policy-marker code="5" vocabulary="DAC" significance="0">Aid Targeting the Objectives of the Convention on Biological Diversity</policy-marker><policy-marker code="6" vocabulary="DAC" significance="0">Aid Targeting the Objectives of the Framework Convention on Climate Change - Mitigation</policy-marker><policy-marker code="7" vocabulary="DAC" significance="0">Aid Targeting the Objectives of the Framework Convention on Climate Change - Adaptation</policy-marker><policy-marker code="8" vocabulary="DAC" significance="0">Aid Targeting the Objectives of the Convention to Combat Desertification</policy-marker><transaction><value value-date="2012-04-01">110971</value><transaction-type code="C">Commitment</transaction-type><transaction-date iso-date="2009-07-01">Total Commitment to 31 Mar 2010</transaction-date></transaction><transaction><value currency="GBP" value-date="2009-09-30">36518</value><transaction-type code="D">Disbursement</transaction-type><provider-org ref="GB-1">Department for International Development</provider-org><description>Aggregated spend data - Financial Year 2009 Quarter 2</description><transaction-date iso-date="2009-09-30"/></transaction><transaction><value currency="GBP" value-date="2009-12-31">22243</value><transaction-type code="D">Disbursement</transaction-type><provider-org ref="GB-1">Department for International Development</provider-org><description>Aggregated spend data - Financial Year 2009 Quarter 3</description><transaction-date iso-date="2009-12-31"/></transaction><transaction><value currency="GBP" value-date="2010-03-31">52210</value><transaction-type code="D">Disbursement</transaction-type><provider-org ref="GB-1">Department for International Development</provider-org><description>Aggregated spend data - Financial Year 2009 Quarter 4</description><transaction-date iso-date="2010-03-31"/></transaction><budget type="Revised"><period-start iso-date="2009-04-01"/><period-end iso-date="2010-03-31"/><value value-date="2009-04-01" currency="GBP">110971</value></budget><related-activity ref="GB-1-200827" type="1">CSCF0475 Deborah Programme - Development, Rights and Economical Freedom to Victims and Survivors of Domestic Violence</related-activity><legacy-data name="15150 Strengthening Civil Society: (Governance and Security)" value="15150" iati-equivalent="sector">40%</legacy-data><legacy-data name="15164 Women's Equality Organisations and Institutions: (Governance and Security)" value="15164" iati-equivalent="sector">35%</legacy-data><legacy-data name="24040 Informal/Semi-Formal Financial Intermediaries (Wealth Creation)" value="24040" iati-equivalent="sector">25%</legacy-data></iati-activity></iati-activities>