<iati-activities version="1.01" generated-datetime="2013-03-28T16:48:56Z"><ir:registry-record xml:lang="en" file-id="GB-1" source-url="http://projects.dfid.gov.uk/iati/Country/LA" publisher-id="GB-1" publisher-role="Funding" contact-email="ppisupport@dfid.gov.uk" donor-id="GB-1" donor-type="10" title="DFID Activity File" activity-period="All Periods" last-updated-datetime="2013-03-28T16:48:56Z" generated-datetime="2013-03-28T16:48:56Z" verification-status="1" format="xml" license="IATI" xmlns:ir="http://iatiregistry.org/ns/record#"/><iati-activity xml:lang="en" default-currency="GBP" hierarchy="1"><reporting-org ref="GB-1" type="10">Department for International Development</reporting-org><participating-org ref="GB" type="10" role="Funding">UNITED KINGDOM</participating-org><participating-org ref="GB-1" type="10" role="Extending">Department for International Development</participating-org><iati-identifier>GB-1-108491</iati-identifier><other-identifier owner-ref="GB-1" owner-name="DFID">108491</other-identifier><title>Mental Health and Development  in Laos CSCF348</title><description>The basic needs of mentally ill people are satisfied and their basic rights are respected</description><activity-date type="end-actual">2010-09-30</activity-date><activity-date type="end-planned">2010-09-30</activity-date><activity-date type="start-actual">2005-04-01</activity-date><activity-date type="start-planned">2005-04-01</activity-date><activity-status code="4">Post-completion</activity-status><contact-info><organisation>Department for International Development</organisation><telephone>+44 (0) 1355 84 3132</telephone><email>enquiry@dfid.gov.uk</email><mailing-address>Public Enquiry Point, Abercrombie House, Eaglesham Road, East Kilbride, Glasgow G75 8EA</mailing-address></contact-info><default-tied-status code="5">Untied</default-tied-status><related-activity ref="GB-1-108491-101" type="2">NOTFORPROFITORG and P0118 for Mental Health and Development  in Laos CSCF348</related-activity><related-activity ref="GB-1-108491-102" type="2">Accountable Grant CSCF0348: MENTAL HEALTH AND DEVELOPMENT IN THE LAO PDR</related-activity></iati-activity><iati-activity xml:lang="en" default-currency="GBP" hierarchy="2"><reporting-org ref="GB-1" type="10">Department for International Development</reporting-org><participating-org ref="GB" type="10" role="Funding">UNITED KINGDOM</participating-org><participating-org ref="GB-1" type="10" role="Extending">Department for International Development</participating-org><participating-org ref="22000" role="Implementing">Donor country-based NGO</participating-org><recipient-country code="LA">Laos</recipient-country><collaboration-type code="5">Aid through NGOs</collaboration-type><default-flow-type code="10">ODA</default-flow-type><default-aid-type code="C01">Project-type interventions</default-aid-type><default-finance-type code="110">Aid grant excluding debt reorganisation</default-finance-type><iati-identifier>GB-1-108491-101</iati-identifier><other-identifier owner-ref="GB-1" owner-name="DFID">108491-101</other-identifier><title>NOTFORPROFITORG and P0118 for Mental Health and Development  in Laos CSCF348</title><sector code="12220" percentage="30">Basic health care</sector><activity-date type="end-actual">2010-03-31</activity-date><activity-date type="end-planned">2010-03-31</activity-date><activity-date type="start-actual">2005-04-01</activity-date><activity-date type="start-planned">2005-04-01</activity-date><activity-status code="4">Post-completion</activity-status><contact-info><organisation>Department for International Development</organisation><telephone>+44 (0) 1355 84 3132</telephone><email>enquiry@dfid.gov.uk</email><mailing-address>Public Enquiry Point, Abercrombie House, Eaglesham Road, East Kilbride, Glasgow G75 8EA</mailing-address></contact-info><default-tied-status code="5">Untied</default-tied-status><policy-marker code="1" vocabulary="DAC" significance="0">Gender Equality</policy-marker><policy-marker code="2" vocabulary="DAC" significance="0">Aid to Environment</policy-marker><policy-marker code="3" vocabulary="DAC" significance="2">Participatory Development/Good Governance</policy-marker><policy-marker code="4" vocabulary="DAC" significance="0">Trade Development</policy-marker><policy-marker code="5" vocabulary="DAC" significance="0">Aid Targeting the Objectives of the Convention on Biological Diversity</policy-marker><policy-marker code="6" vocabulary="DAC" significance="0">Aid Targeting the Objectives of the Framework Convention on Climate Change - Mitigation</policy-marker><policy-marker code="7" vocabulary="DAC" significance="0">Aid Targeting the Objectives of the Framework Convention on Climate Change - Adaptation</policy-marker><policy-marker code="8" vocabulary="DAC" significance="0">Aid Targeting the Objectives of the Convention to Combat Desertification</policy-marker><transaction><value value-date="2008-04-01">244984</value><transaction-type code="C">Commitment</transaction-type><transaction-date iso-date="2005-04-01">Total Commitment to 31 Mar 2010</transaction-date></transaction><transaction><value currency="GBP" value-date="2006-03-31">10427</value><transaction-type code="D">Disbursement</transaction-type><provider-org ref="GB-1">Department for International Development</provider-org><description>Aggregated spend data - Financial Year 2005 Quarter 4</description><transaction-date iso-date="2006-03-31"/></transaction><transaction><value currency="GBP" value-date="2006-12-31">12850</value><transaction-type code="D">Disbursement</transaction-type><provider-org ref="GB-1">Department for International Development</provider-org><description>Aggregated spend data - Financial Year 2006 Quarter 3</description><transaction-date iso-date="2006-12-31"/></transaction><transaction><value currency="GBP" value-date="2007-03-31">6713</value><transaction-type code="D">Disbursement</transaction-type><provider-org ref="GB-1">Department for International Development</provider-org><description>Aggregated spend data - Financial Year 2006 Quarter 4</description><transaction-date iso-date="2007-03-31"/></transaction><transaction><value currency="GBP" value-date="2007-06-30">41238</value><transaction-type code="D">Disbursement</transaction-type><provider-org ref="GB-1">Department for International Development</provider-org><description>Aggregated spend data - Financial Year 2007 Quarter 1</description><transaction-date iso-date="2007-06-30"/></transaction><transaction><value currency="GBP" value-date="2007-09-30">14300</value><transaction-type code="D">Disbursement</transaction-type><provider-org ref="GB-1">Department for International Development</provider-org><description>Aggregated spend data - Financial Year 2007 Quarter 2</description><transaction-date iso-date="2007-09-30"/></transaction><transaction><value currency="GBP" value-date="2007-12-31">17741</value><transaction-type code="D">Disbursement</transaction-type><provider-org ref="GB-1">Department for International Development</provider-org><description>Aggregated spend data - Financial Year 2007 Quarter 3</description><transaction-date iso-date="2007-12-31"/></transaction><transaction><value currency="GBP" value-date="2008-03-31">31439</value><transaction-type code="D">Disbursement</transaction-type><provider-org ref="GB-1">Department for International Development</provider-org><description>Aggregated spend data - Financial Year 2007 Quarter 4</description><transaction-date iso-date="2008-03-31"/></transaction><transaction><value currency="GBP" value-date="2008-06-30">18014</value><transaction-type code="D">Disbursement</transaction-type><provider-org ref="GB-1">Department for International Development</provider-org><description>Aggregated spend data - Financial Year 2008 Quarter 1</description><transaction-date iso-date="2008-06-30"/></transaction><transaction><value currency="GBP" value-date="2008-09-30">31261</value><transaction-type code="D">Disbursement</transaction-type><provider-org ref="GB-1">Department for International Development</provider-org><description>Aggregated spend data - Financial Year 2008 Quarter 2</description><transaction-date iso-date="2008-09-30"/></transaction><transaction><value currency="GBP" value-date="2008-12-31">24600</value><transaction-type code="D">Disbursement</transaction-type><provider-org ref="GB-1">Department for International Development</provider-org><description>Aggregated spend data - Financial Year 2008 Quarter 3</description><transaction-date iso-date="2008-12-31"/></transaction><transaction><value currency="GBP" value-date="2009-03-31">36401</value><transaction-type code="D">Disbursement</transaction-type><provider-org ref="GB-1">Department for International Development</provider-org><description>Aggregated spend data - Financial Year 2008 Quarter 4</description><transaction-date iso-date="2009-03-31"/></transaction><budget type="Original"><period-start iso-date="2005-04-01"/><period-end iso-date="2006-03-31"/><value value-date="2005-04-01" currency="GBP">10427</value></budget><budget type="Original"><period-start iso-date="2006-04-01"/><period-end iso-date="2007-03-31"/><value value-date="2006-04-01" currency="GBP">19563</value></budget><budget type="Original"><period-start iso-date="2007-04-01"/><period-end iso-date="2008-03-31"/><value value-date="2007-04-01" currency="GBP">104718</value></budget><budget type="Revised"><period-start iso-date="2008-04-01"/><period-end iso-date="2009-03-31"/><value value-date="2008-04-01" currency="GBP">110276</value></budget><related-activity ref="GB-1-108491" type="1">Mental Health and Development  in Laos CSCF348</related-activity><related-activity ref="GB-1-108491-102" type="3">Accountable Grant CSCF0348: MENTAL HEALTH AND DEVELOPMENT IN THE LAO PDR</related-activity><legacy-data name="12220 Basic Health Care (MDG Other Health)" value="12220" iati-equivalent="sector">30%</legacy-data><legacy-data name="15162 Human Rights: (Governance and Security)" value="15162" iati-equivalent="sector">70%</legacy-data></iati-activity><iati-activity xml:lang="en" default-currency="GBP" hierarchy="2"><reporting-org ref="GB-1" type="10">Department for International Development</reporting-org><participating-org ref="GB" type="10" role="Funding">UNITED KINGDOM</participating-org><participating-org ref="GB-1" type="10" role="Extending">Department for International Development</participating-org><participating-org ref="22000" role="Implementing">Donor country-based NGO</participating-org><recipient-country code="LA">Laos</recipient-country><collaboration-type code="5">Aid through NGOs</collaboration-type><default-flow-type code="10">ODA</default-flow-type><default-aid-type code="C01">Project-type interventions</default-aid-type><default-finance-type code="110">Aid grant excluding debt reorganisation</default-finance-type><iati-identifier>GB-1-108491-102</iati-identifier><other-identifier owner-ref="GB-1" owner-name="DFID">108491-102</other-identifier><title>Accountable Grant CSCF0348: MENTAL HEALTH AND DEVELOPMENT IN THE LAO PDR</title><sector code="12220" percentage="30">Basic health care</sector><activity-date type="end-actual">2010-09-30</activity-date><activity-date type="end-planned">2010-09-30</activity-date><activity-date type="start-actual">2005-04-01</activity-date><activity-date type="start-planned">2005-04-01</activity-date><activity-status code="4">Post-completion</activity-status><contact-info><organisation>Department for International Development</organisation><telephone>+44 (0) 1355 84 3132</telephone><email>enquiry@dfid.gov.uk</email><mailing-address>Public Enquiry Point, Abercrombie House, Eaglesham Road, East Kilbride, Glasgow G75 8EA</mailing-address></contact-info><default-tied-status code="5">Untied</default-tied-status><policy-marker code="1" vocabulary="DAC" significance="0">Gender Equality</policy-marker><policy-marker code="2" vocabulary="DAC" significance="0">Aid to Environment</policy-marker><policy-marker code="3" vocabulary="DAC" significance="2">Participatory Development/Good Governance</policy-marker><policy-marker code="4" vocabulary="DAC" significance="0">Trade Development</policy-marker><policy-marker code="5" vocabulary="DAC" significance="0">Aid Targeting the Objectives of the Convention on Biological Diversity</policy-marker><policy-marker code="6" vocabulary="DAC" significance="0">Aid Targeting the Objectives of the Framework Convention on Climate Change - Mitigation</policy-marker><policy-marker code="7" vocabulary="DAC" significance="0">Aid Targeting the Objectives of the Framework Convention on Climate Change - Adaptation</policy-marker><policy-marker code="8" vocabulary="DAC" significance="0">Aid Targeting the Objectives of the Convention to Combat Desertification</policy-marker><transaction><value value-date="2009-04-01">153221</value><transaction-type code="C">Commitment</transaction-type><transaction-date iso-date="2005-04-01">Total Commitment to 30 Sep 2010</transaction-date></transaction><transaction><value currency="GBP" value-date="2009-06-30">48840</value><transaction-type code="D">Disbursement</transaction-type><provider-org ref="GB-1">Department for International Development</provider-org><description>Aggregated spend data - Financial Year 2009 Quarter 1</description><transaction-date iso-date="2009-06-30"/></transaction><transaction><value currency="GBP" value-date="2009-09-30">41306</value><transaction-type code="D">Disbursement</transaction-type><provider-org ref="GB-1">Department for International Development</provider-org><description>Aggregated spend data - Financial Year 2009 Quarter 2</description><transaction-date iso-date="2009-09-30"/></transaction><transaction><value currency="GBP" value-date="2009-12-31">26286</value><transaction-type code="D">Disbursement</transaction-type><provider-org ref="GB-1">Department for International Development</provider-org><description>Aggregated spend data - Financial Year 2009 Quarter 3</description><transaction-date iso-date="2009-12-31"/></transaction><transaction><value currency="GBP" value-date="2010-03-31">36789</value><transaction-type code="D">Disbursement</transaction-type><provider-org ref="GB-1">Department for International Development</provider-org><description>Aggregated spend data - Financial Year 2009 Quarter 4</description><transaction-date iso-date="2010-03-31"/></transaction><budget type="Revised"><period-start iso-date="2009-04-01"/><period-end iso-date="2010-03-31"/><value value-date="2009-04-01" currency="GBP">153221</value></budget><related-activity ref="GB-1-108491" type="1">Mental Health and Development  in Laos CSCF348</related-activity><related-activity ref="GB-1-108491-101" type="3">NOTFORPROFITORG and P0118 for Mental Health and Development  in Laos CSCF348</related-activity><legacy-data name="12220 Basic Health Care (MDG Other Health)" value="12220" iati-equivalent="sector">30%</legacy-data><legacy-data name="15162 Human Rights: (Governance and Security)" value="15162" iati-equivalent="sector">70%</legacy-data></iati-activity><iati-activity xml:lang="en" default-currency="GBP" hierarchy="1"><reporting-org ref="GB-1" type="10">Department for International Development</reporting-org><participating-org ref="GB" type="10" role="Funding">UNITED KINGDOM</participating-org><participating-org ref="GB-1" type="10" role="Extending">Department for International Development</participating-org><iati-identifier>GB-1-201745</iati-identifier><other-identifier owner-ref="GB-1" owner-name="DFID">201745</other-identifier><title>Global De-mining Programme</title><description>To contribute to poverty alleviation and socio economic development in at 8 countries through humanitarian mine action, and to help national governments develop ownership of the demining process.</description><activity-date type="end-actual">2013-09-30</activity-date><activity-date type="end-planned">2013-09-30</activity-date><activity-date type="start-actual">2010-06-24</activity-date><activity-date type="start-planned">2011-02-01</activity-date><activity-status code="2">Implementation</activity-status><contact-info><organisation>Department for International Development</organisation><telephone>+44 (0) 1355 84 3132</telephone><email>enquiry@dfid.gov.uk</email><mailing-address>Public Enquiry Point, Abercrombie House, Eaglesham Road, East Kilbride, Glasgow G75 8EA</mailing-address></contact-info><default-tied-status code="5">Untied</default-tied-status><related-activity ref="GB-1-201745-101" type="2">Cambodia De-mining Programme</related-activity><related-activity ref="GB-1-201745-102" type="2">Sudan De-mining Programme (MAG)</related-activity><related-activity ref="GB-1-201745-103" type="2">DRC De-mining Programme (MAG)</related-activity><related-activity ref="GB-1-201745-104" type="2">LAOS De-mining Programme (MAG)</related-activity><related-activity ref="GB-1-201745-105" type="2">Mozambique De-mining Programme</related-activity><related-activity ref="GB-1-201745-106" type="2">Sri Lanka De-mining Programme</related-activity><related-activity ref="GB-1-201745-107" type="2">Iraq De-mining Programme</related-activity><related-activity ref="GB-1-201745-108" type="2">Vietnam De-mining Programme</related-activity><document-link url="http://projects.dfid.gov.uk/IATI/document/2930844" format="application/vnd.ms-excel"><title>Logical framework 201745.xls</title><category code="A08">Results, outcomes and outputs</category></document-link></iati-activity><iati-activity xml:lang="en" default-currency="GBP" hierarchy="2"><reporting-org ref="GB-1" type="10">Department for International Development</reporting-org><participating-org ref="GB" type="10" role="Funding">UNITED KINGDOM</participating-org><participating-org ref="GB-1" type="10" role="Extending">Department for International Development</participating-org><participating-org ref="22000" role="Implementing">Donor country-based NGO</participating-org><recipient-country code="LA">Laos</recipient-country><collaboration-type code="5">Aid through NGOs</collaboration-type><default-flow-type code="10">ODA</default-flow-type><default-aid-type code="C01">Project-type interventions</default-aid-type><default-finance-type code="110">Aid grant excluding debt reorganisation</default-finance-type><iati-identifier>GB-1-201745-104</iati-identifier><other-identifier owner-ref="GB-1" owner-name="DFID">201745-104</other-identifier><title>LAOS De-mining Programme (MAG)</title><sector code="15250">Land mine clearance</sector><activity-date type="end-actual">2013-09-30</activity-date><activity-date type="end-planned">2013-09-30</activity-date><activity-date type="start-actual">2011-02-01</activity-date><activity-date type="start-planned">2011-02-01</activity-date><activity-status code="2">Implementation</activity-status><contact-info><organisation>Department for International Development</organisation><telephone>+44 (0) 1355 84 3132</telephone><email>enquiry@dfid.gov.uk</email><mailing-address>Public Enquiry Point, Abercrombie House, Eaglesham Road, East Kilbride, Glasgow G75 8EA</mailing-address></contact-info><default-tied-status code="5">Untied</default-tied-status><policy-marker code="1" vocabulary="DAC" significance="0">Gender Equality</policy-marker><policy-marker code="2" vocabulary="DAC" significance="0">Aid to Environment</policy-marker><policy-marker code="3" vocabulary="DAC" significance="0">Participatory Development/Good Governance</policy-marker><policy-marker code="4" vocabulary="DAC" significance="0">Trade Development</policy-marker><policy-marker code="5" vocabulary="DAC" significance="0">Aid Targeting the Objectives of the Convention on Biological Diversity</policy-marker><policy-marker code="6" vocabulary="DAC" significance="0">Aid Targeting the Objectives of the Framework Convention on Climate Change - Mitigation</policy-marker><policy-marker code="7" vocabulary="DAC" significance="0">Aid Targeting the Objectives of the Framework Convention on Climate Change - Adaptation</policy-marker><policy-marker code="8" vocabulary="DAC" significance="0">Aid Targeting the Objectives of the Convention to Combat Desertification</policy-marker><transaction><value value-date="2013-04-01">2500000</value><transaction-type code="C">Commitment</transaction-type><transaction-date iso-date="2011-02-01">Total Commitment to 30 Sep 2013</transaction-date></transaction><transaction><value currency="GBP" value-date="2011-06-30">3</value><transaction-type code="D">Disbursement</transaction-type><provider-org ref="GB-1">Department for International Development</provider-org><description>Aggregated spend of less than £500 - Financial Year 2011 Quarter 1</description><transaction-date iso-date="2011-06-30"/></transaction><transaction><value currency="GBP" value-date="2012-06-30">-3</value><transaction-type code="D">Disbursement</transaction-type><provider-org ref="GB-1">Department for International Development</provider-org><description>Aggregated spend of less than £500 - Financial Year 2012 Quarter 1</description><transaction-date iso-date="2012-06-30"/></transaction><transaction><value currency="GBP" value-date="2011-03-17">33231</value><transaction-type code="E">Expenditure</transaction-type><provider-org ref="GB-1">Department for International Development</provider-org><receiver-org ref="22000">Donor country-based NGO</receiver-org><description>Technical &amp; Advisory services</description><transaction-date iso-date="2011-03-17"/></transaction><transaction><value currency="GBP" value-date="2011-04-12">24271</value><transaction-type code="E">Expenditure</transaction-type><provider-org ref="GB-1">Department for International Development</provider-org><receiver-org ref="22000">Donor country-based NGO</receiver-org><description>Technical &amp; Advisory services</description><transaction-date iso-date="2011-04-12"/></transaction><transaction><value currency="GBP" value-date="2011-04-26">24271</value><transaction-type code="E">Expenditure</transaction-type><provider-org ref="GB-1">Department for International Development</provider-org><receiver-org>Journal Transaction</receiver-org><description>Technical &amp; Advisory services</description><transaction-date iso-date="2011-04-26"/></transaction><transaction><value currency="GBP" value-date="2011-04-28">-24271</value><transaction-type code="E">Expenditure</transaction-type><provider-org ref="GB-1">Department for International Development</provider-org><receiver-org>Journal Transaction</receiver-org><description>Technical &amp; Advisory services</description><transaction-date iso-date="2011-04-28"/></transaction><transaction><value currency="GBP" value-date="2011-05-13">-435132</value><transaction-type code="E">Expenditure</transaction-type><provider-org ref="GB-1">Department for International Development</provider-org><receiver-org ref="22000">Donor country-based NGO</receiver-org><description>Technical &amp; Advisory services</description><transaction-date iso-date="2011-05-13"/></transaction><transaction><value currency="GBP" value-date="2011-05-13">870264</value><transaction-type code="E">Expenditure</transaction-type><provider-org ref="GB-1">Department for International Development</provider-org><receiver-org ref="22000">Donor country-based NGO</receiver-org><description>Technical &amp; Advisory services</description><transaction-date iso-date="2011-05-13"/></transaction><transaction><value currency="GBP" value-date="2011-06-08">24271</value><transaction-type code="E">Expenditure</transaction-type><provider-org ref="GB-1">Department for International Development</provider-org><receiver-org ref="22000">Donor country-based NGO</receiver-org><description>Technical &amp; Advisory services</description><transaction-date iso-date="2011-06-08"/></transaction><transaction><value currency="GBP" value-date="2011-07-05">75960</value><transaction-type code="E">Expenditure</transaction-type><provider-org ref="GB-1">Department for International Development</provider-org><receiver-org>Journal Transaction</receiver-org><description>Technical &amp; Advisory services</description><transaction-date iso-date="2011-07-05"/></transaction><transaction><value currency="GBP" value-date="2011-07-07">-75960</value><transaction-type code="E">Expenditure</transaction-type><provider-org ref="GB-1">Department for International Development</provider-org><receiver-org>Journal Transaction</receiver-org><description>Technical &amp; Advisory services</description><transaction-date iso-date="2011-07-07"/></transaction><transaction><value currency="GBP" value-date="2011-07-07">24271</value><transaction-type code="E">Expenditure</transaction-type><provider-org ref="GB-1">Department for International Development</provider-org><receiver-org ref="22000">Donor country-based NGO</receiver-org><description>Technical &amp; Advisory services</description><transaction-date iso-date="2011-07-07"/></transaction><transaction><value currency="GBP" value-date="2011-08-02">87401</value><transaction-type code="E">Expenditure</transaction-type><provider-org ref="GB-1">Department for International Development</provider-org><receiver-org>Journal Transaction</receiver-org><description>Technical &amp; Advisory services</description><transaction-date iso-date="2011-08-02"/></transaction><transaction><value currency="GBP" value-date="2011-08-02">-87401</value><transaction-type code="E">Expenditure</transaction-type><provider-org ref="GB-1">Department for International Development</provider-org><receiver-org>Journal Transaction</receiver-org><description>Technical &amp; Advisory services</description><transaction-date iso-date="2011-08-02"/></transaction><transaction><value currency="GBP" value-date="2011-08-10">205298</value><transaction-type code="E">Expenditure</transaction-type><provider-org ref="GB-1">Department for International Development</provider-org><receiver-org ref="22000">Donor country-based NGO</receiver-org><description>Technical &amp; Advisory services</description><transaction-date iso-date="2011-08-10"/></transaction><transaction><value currency="GBP" value-date="2011-09-02">23821</value><transaction-type code="E">Expenditure</transaction-type><provider-org ref="GB-1">Department for International Development</provider-org><receiver-org>Journal Transaction</receiver-org><description>Technical &amp; Advisory services</description><transaction-date iso-date="2011-09-02"/></transaction><transaction><value currency="GBP" value-date="2011-09-05">-23821</value><transaction-type code="E">Expenditure</transaction-type><provider-org ref="GB-1">Department for International Development</provider-org><receiver-org>Journal Transaction</receiver-org><description>Technical &amp; Advisory services</description><transaction-date iso-date="2011-09-05"/></transaction><transaction><value currency="GBP" value-date="2011-09-07">23821</value><transaction-type code="E">Expenditure</transaction-type><provider-org ref="GB-1">Department for International Development</provider-org><receiver-org ref="22000">Donor country-based NGO</receiver-org><description>Technical &amp; Advisory services</description><transaction-date iso-date="2011-09-07"/></transaction><transaction><value currency="GBP" value-date="2011-10-04">23821</value><transaction-type code="E">Expenditure</transaction-type><provider-org ref="GB-1">Department for International Development</provider-org><receiver-org>Journal Transaction</receiver-org><description>Technical &amp; Advisory services</description><transaction-date iso-date="2011-10-04"/></transaction><transaction><value currency="GBP" value-date="2011-10-04">23821</value><transaction-type code="E">Expenditure</transaction-type><provider-org ref="GB-1">Department for International Development</provider-org><receiver-org ref="22000">Donor country-based NGO</receiver-org><description>Technical &amp; Advisory services</description><transaction-date iso-date="2011-10-04"/></transaction><transaction><value currency="GBP" value-date="2011-10-06">-23821</value><transaction-type code="E">Expenditure</transaction-type><provider-org ref="GB-1">Department for International Development</provider-org><receiver-org>Journal Transaction</receiver-org><description>Technical &amp; Advisory services</description><transaction-date iso-date="2011-10-06"/></transaction><transaction><value currency="GBP" value-date="2011-11-03">-188351</value><transaction-type code="E">Expenditure</transaction-type><provider-org ref="GB-1">Department for International Development</provider-org><receiver-org>Journal Transaction</receiver-org><description>Technical &amp; Advisory services</description><transaction-date iso-date="2011-11-03"/></transaction><transaction><value currency="GBP" value-date="2011-11-03">188351</value><transaction-type code="E">Expenditure</transaction-type><provider-org ref="GB-1">Department for International Development</provider-org><receiver-org>Journal Transaction</receiver-org><description>Technical &amp; Advisory services</description><transaction-date iso-date="2011-11-03"/></transaction><transaction><value currency="GBP" value-date="2011-11-03">188351</value><transaction-type code="E">Expenditure</transaction-type><provider-org ref="GB-1">Department for International Development</provider-org><receiver-org ref="22000">Donor country-based NGO</receiver-org><description>Technical &amp; Advisory services</description><transaction-date iso-date="2011-11-03"/></transaction><transaction><value currency="GBP" value-date="2011-12-02">23821</value><transaction-type code="E">Expenditure</transaction-type><provider-org ref="GB-1">Department for International Development</provider-org><receiver-org>Journal Transaction</receiver-org><description>Technical &amp; Advisory services</description><transaction-date iso-date="2011-12-02"/></transaction><transaction><value currency="GBP" value-date="2011-12-05">-23821</value><transaction-type code="E">Expenditure</transaction-type><provider-org ref="GB-1">Department for International Development</provider-org><receiver-org>Journal Transaction</receiver-org><description>Technical &amp; Advisory services</description><transaction-date iso-date="2011-12-05"/></transaction><transaction><value currency="GBP" value-date="2011-12-06">23821</value><transaction-type code="E">Expenditure</transaction-type><provider-org ref="GB-1">Department for International Development</provider-org><receiver-org ref="22000">Donor country-based NGO</receiver-org><description>Technical &amp; Advisory services</description><transaction-date iso-date="2011-12-06"/></transaction><transaction><value currency="GBP" value-date="2012-01-09">23821</value><transaction-type code="E">Expenditure</transaction-type><provider-org ref="GB-1">Department for International Development</provider-org><receiver-org ref="22000">Donor country-based NGO</receiver-org><description>Technical &amp; Advisory services</description><transaction-date iso-date="2012-01-09"/></transaction><transaction><value currency="GBP" value-date="2012-02-03">163734</value><transaction-type code="E">Expenditure</transaction-type><provider-org ref="GB-1">Department for International Development</provider-org><receiver-org>Journal Transaction</receiver-org><description>Technical &amp; Advisory services</description><transaction-date iso-date="2012-02-03"/></transaction><transaction><value currency="GBP" value-date="2012-02-03">21638</value><transaction-type code="E">Expenditure</transaction-type><provider-org ref="GB-1">Department for International Development</provider-org><receiver-org>Journal Transaction</receiver-org><description>Technical &amp; Advisory services</description><transaction-date iso-date="2012-02-03"/></transaction><transaction><value currency="GBP" value-date="2012-02-03">-21638</value><transaction-type code="E">Expenditure</transaction-type><provider-org ref="GB-1">Department for International Development</provider-org><receiver-org>Journal Transaction</receiver-org><description>Technical &amp; Advisory services</description><transaction-date iso-date="2012-02-03"/></transaction><transaction><value currency="GBP" value-date="2012-02-03">-163734</value><transaction-type code="E">Expenditure</transaction-type><provider-org ref="GB-1">Department for International Development</provider-org><receiver-org>Journal Transaction</receiver-org><description>Technical &amp; Advisory services</description><transaction-date iso-date="2012-02-03"/></transaction><transaction><value currency="GBP" value-date="2012-02-06">185372</value><transaction-type code="E">Expenditure</transaction-type><provider-org ref="GB-1">Department for International Development</provider-org><receiver-org ref="22000">Donor country-based NGO</receiver-org><description>Technical &amp; Advisory services</description><transaction-date iso-date="2012-02-06"/></transaction><transaction><value currency="GBP" value-date="2012-03-05">23821</value><transaction-type code="E">Expenditure</transaction-type><provider-org ref="GB-1">Department for International Development</provider-org><receiver-org ref="22000">Donor country-based NGO</receiver-org><description>Technical &amp; Advisory services</description><transaction-date iso-date="2012-03-05"/></transaction><transaction><value currency="GBP" value-date="2012-03-05">23821</value><transaction-type code="E">Expenditure</transaction-type><provider-org ref="GB-1">Department for International Development</provider-org><receiver-org>Journal Transaction</receiver-org><description>Technical &amp; Advisory services</description><transaction-date iso-date="2012-03-05"/></transaction><transaction><value currency="GBP" value-date="2012-03-05">-23821</value><transaction-type code="E">Expenditure</transaction-type><provider-org ref="GB-1">Department for International Development</provider-org><receiver-org>Journal Transaction</receiver-org><description>Technical &amp; Advisory services</description><transaction-date iso-date="2012-03-05"/></transaction><transaction><value currency="GBP" value-date="2012-04-05">23818</value><transaction-type code="E">Expenditure</transaction-type><provider-org ref="GB-1">Department for International Development</provider-org><receiver-org>Journal Transaction</receiver-org><description>Technical &amp; Advisory services</description><transaction-date iso-date="2012-04-05"/></transaction><transaction><value currency="GBP" value-date="2012-04-10">-23818</value><transaction-type code="E">Expenditure</transaction-type><provider-org ref="GB-1">Department for International Development</provider-org><receiver-org>Journal Transaction</receiver-org><description>Technical &amp; Advisory services</description><transaction-date iso-date="2012-04-10"/></transaction><transaction><value currency="GBP" value-date="2012-04-16">23821</value><transaction-type code="E">Expenditure</transaction-type><provider-org ref="GB-1">Department for International Development</provider-org><receiver-org ref="22000">Donor country-based NGO</receiver-org><description>Technical &amp; Advisory services</description><transaction-date iso-date="2012-04-16"/></transaction><transaction><value currency="GBP" value-date="2012-05-09">196986</value><transaction-type code="E">Expenditure</transaction-type><provider-org ref="GB-1">Department for International Development</provider-org><receiver-org ref="22000">Donor country-based NGO</receiver-org><description>Technical &amp; Advisory services</description><transaction-date iso-date="2012-05-09"/></transaction><transaction><value currency="GBP" value-date="2012-06-08">23313</value><transaction-type code="E">Expenditure</transaction-type><provider-org ref="GB-1">Department for International Development</provider-org><receiver-org ref="22000">Donor country-based NGO</receiver-org><description>Technical &amp; Advisory services</description><transaction-date iso-date="2012-06-08"/></transaction><transaction><value currency="GBP" value-date="2012-06-11">23313</value><transaction-type code="E">Expenditure</transaction-type><provider-org ref="GB-1">Department for International Development</provider-org><receiver-org>Journal Transaction</receiver-org><description>Technical &amp; Advisory services</description><transaction-date iso-date="2012-06-11"/></transaction><transaction><value currency="GBP" value-date="2012-06-11">-23313</value><transaction-type code="E">Expenditure</transaction-type><provider-org ref="GB-1">Department for International Development</provider-org><receiver-org>Journal Transaction</receiver-org><description>Technical &amp; Advisory services</description><transaction-date iso-date="2012-06-11"/></transaction><transaction><value currency="GBP" value-date="2012-07-03">23313</value><transaction-type code="E">Expenditure</transaction-type><provider-org ref="GB-1">Department for International Development</provider-org><receiver-org>Journal Transaction</receiver-org><description>Technical &amp; Advisory services</description><transaction-date iso-date="2012-07-03"/></transaction><transaction><value currency="GBP" value-date="2012-07-05">-23313</value><transaction-type code="E">Expenditure</transaction-type><provider-org ref="GB-1">Department for International Development</provider-org><receiver-org>Journal Transaction</receiver-org><description>Technical &amp; Advisory services</description><transaction-date iso-date="2012-07-05"/></transaction><transaction><value currency="GBP" value-date="2012-07-11">23313</value><transaction-type code="E">Expenditure</transaction-type><provider-org ref="GB-1">Department for International Development</provider-org><receiver-org ref="22000">Donor country-based NGO</receiver-org><description>Technical &amp; Advisory services</description><transaction-date iso-date="2012-07-11"/></transaction><transaction><value currency="GBP" value-date="2012-08-03">20773</value><transaction-type code="E">Expenditure</transaction-type><provider-org ref="GB-1">Department for International Development</provider-org><receiver-org>Journal Transaction</receiver-org><description>Technical &amp; Advisory services</description><transaction-date iso-date="2012-08-03"/></transaction><transaction><value currency="GBP" value-date="2012-08-03">151926</value><transaction-type code="E">Expenditure</transaction-type><provider-org ref="GB-1">Department for International Development</provider-org><receiver-org>Journal Transaction</receiver-org><description>Technical &amp; Advisory services</description><transaction-date iso-date="2012-08-03"/></transaction><transaction><value currency="GBP" value-date="2012-08-03">-151926</value><transaction-type code="E">Expenditure</transaction-type><provider-org ref="GB-1">Department for International Development</provider-org><receiver-org>Journal Transaction</receiver-org><description>Technical &amp; Advisory services</description><transaction-date iso-date="2012-08-03"/></transaction><transaction><value currency="GBP" value-date="2012-08-03">-20773</value><transaction-type code="E">Expenditure</transaction-type><provider-org ref="GB-1">Department for International Development</provider-org><receiver-org>Journal Transaction</receiver-org><description>Technical &amp; Advisory services</description><transaction-date iso-date="2012-08-03"/></transaction><transaction><value currency="GBP" value-date="2012-08-08">172699</value><transaction-type code="E">Expenditure</transaction-type><provider-org ref="GB-1">Department for International Development</provider-org><receiver-org ref="22000">Donor country-based NGO</receiver-org><description>Technical &amp; Advisory services</description><transaction-date iso-date="2012-08-08"/></transaction><transaction><value currency="GBP" value-date="2012-09-05">23313</value><transaction-type code="E">Expenditure</transaction-type><provider-org ref="GB-1">Department for International Development</provider-org><receiver-org>Journal Transaction</receiver-org><description>Technical &amp; Advisory services</description><transaction-date iso-date="2012-09-05"/></transaction><transaction><value currency="GBP" value-date="2012-09-05">-23313</value><transaction-type code="E">Expenditure</transaction-type><provider-org ref="GB-1">Department for International Development</provider-org><receiver-org>Journal Transaction</receiver-org><description>Technical &amp; Advisory services</description><transaction-date iso-date="2012-09-05"/></transaction><transaction><value currency="GBP" value-date="2012-09-11">23313</value><transaction-type code="E">Expenditure</transaction-type><provider-org ref="GB-1">Department for International Development</provider-org><receiver-org ref="22000">Donor country-based NGO</receiver-org><description>Technical &amp; Advisory services</description><transaction-date iso-date="2012-09-11"/></transaction><transaction><value currency="GBP" value-date="2012-10-04">23313</value><transaction-type code="E">Expenditure</transaction-type><provider-org ref="GB-1">Department for International Development</provider-org><receiver-org>Journal Transaction</receiver-org><description>Technical &amp; Advisory services</description><transaction-date iso-date="2012-10-04"/></transaction><transaction><value currency="GBP" value-date="2012-10-04">23313</value><transaction-type code="E">Expenditure</transaction-type><provider-org ref="GB-1">Department for International Development</provider-org><receiver-org ref="22000">Donor country-based NGO</receiver-org><description>Technical &amp; Advisory services</description><transaction-date iso-date="2012-10-04"/></transaction><transaction><value currency="GBP" value-date="2012-10-04">-23313</value><transaction-type code="E">Expenditure</transaction-type><provider-org ref="GB-1">Department for International Development</provider-org><receiver-org>Journal Transaction</receiver-org><description>Technical &amp; Advisory services</description><transaction-date iso-date="2012-10-04"/></transaction><transaction><value currency="GBP" value-date="2012-11-05">24109</value><transaction-type code="E">Expenditure</transaction-type><provider-org ref="GB-1">Department for International Development</provider-org><receiver-org>Journal Transaction</receiver-org><description>Technical &amp; Advisory services</description><transaction-date iso-date="2012-11-05"/></transaction><transaction><value currency="GBP" value-date="2012-11-05">151926</value><transaction-type code="E">Expenditure</transaction-type><provider-org ref="GB-1">Department for International Development</provider-org><receiver-org>Journal Transaction</receiver-org><description>Technical &amp; Advisory services</description><transaction-date iso-date="2012-11-05"/></transaction><transaction><value currency="GBP" value-date="2012-11-06">176035</value><transaction-type code="E">Expenditure</transaction-type><provider-org ref="GB-1">Department for International Development</provider-org><receiver-org ref="22000">Donor country-based NGO</receiver-org><description>Technical &amp; Advisory services</description><transaction-date iso-date="2012-11-06"/></transaction><transaction><value currency="GBP" value-date="2012-11-07">-151926</value><transaction-type code="E">Expenditure</transaction-type><provider-org ref="GB-1">Department for International Development</provider-org><receiver-org>Journal Transaction</receiver-org><description>Technical &amp; Advisory services</description><transaction-date iso-date="2012-11-07"/></transaction><transaction><value currency="GBP" value-date="2012-11-07">-24109</value><transaction-type code="E">Expenditure</transaction-type><provider-org ref="GB-1">Department for International Development</provider-org><receiver-org>Journal Transaction</receiver-org><description>Technical &amp; Advisory services</description><transaction-date iso-date="2012-11-07"/></transaction><transaction><value currency="GBP" value-date="2012-12-05">23313</value><transaction-type code="E">Expenditure</transaction-type><provider-org ref="GB-1">Department for International Development</provider-org><receiver-org>Journal Transaction</receiver-org><description>Technical &amp; Advisory services</description><transaction-date iso-date="2012-12-05"/></transaction><transaction><value currency="GBP" value-date="2012-12-05">-23313</value><transaction-type code="E">Expenditure</transaction-type><provider-org ref="GB-1">Department for International Development</provider-org><receiver-org>Journal Transaction</receiver-org><description>Technical &amp; Advisory services</description><transaction-date iso-date="2012-12-05"/></transaction><transaction><value currency="GBP" value-date="2012-12-07">23313</value><transaction-type code="E">Expenditure</transaction-type><provider-org ref="GB-1">Department for International Development</provider-org><receiver-org ref="22000">Donor country-based NGO</receiver-org><description>Technical &amp; Advisory services</description><transaction-date iso-date="2012-12-07"/></transaction><transaction><value currency="GBP" value-date="2013-01-10">23313</value><transaction-type code="E">Expenditure</transaction-type><provider-org ref="GB-1">Department for International Development</provider-org><receiver-org ref="22000">Donor country-based NGO</receiver-org><description>Technical &amp; Advisory services</description><transaction-date iso-date="2013-01-10"/></transaction><transaction><value currency="GBP" value-date="2013-02-26">171034</value><transaction-type code="E">Expenditure</transaction-type><provider-org ref="GB-1">Department for International Development</provider-org><receiver-org ref="22000">Donor country-based NGO</receiver-org><description>Technical &amp; Advisory services</description><transaction-date iso-date="2013-02-26"/></transaction><budget type="Revised"><period-start iso-date="2010-04-01"/><period-end iso-date="2011-03-31"/><value value-date="2010-04-01" currency="GBP">57502</value></budget><budget type="Revised"><period-start iso-date="2011-04-01"/><period-end iso-date="2012-03-31"/><value value-date="2011-04-01" currency="GBP">1205621</value></budget><budget type="Revised"><period-start iso-date="2012-04-01"/><period-end iso-date="2013-03-31"/><value value-date="2012-04-01" currency="GBP">902072</value></budget><budget type="Revised"><period-start iso-date="2013-04-01"/><period-end iso-date="2014-03-31"/><value value-date="2013-04-01" currency="GBP">334805</value></budget><related-activity ref="GB-1-201745" type="1">Global De-mining Programme</related-activity><related-activity ref="GB-1-201745-101" type="3">Cambodia De-mining Programme</related-activity><related-activity ref="GB-1-201745-102" type="3">Sudan De-mining Programme (MAG)</related-activity><related-activity ref="GB-1-201745-103" type="3">DRC De-mining Programme (MAG)</related-activity><related-activity ref="GB-1-201745-105" type="3">Mozambique De-mining Programme</related-activity><related-activity ref="GB-1-201745-106" type="3">Sri Lanka De-mining Programme</related-activity><related-activity ref="GB-1-201745-107" type="3">Iraq De-mining Programme</related-activity><related-activity ref="GB-1-201745-108" type="3">Vietnam De-mining Programme</related-activity><legacy-data name="15250 Land Mine Clearance: (Governance and Security)" value="15250" iati-equivalent="sector"/></iati-activity></iati-activities>