<iati-activities version="1.01" generated-datetime="2013-03-28T16:48:56Z"><ir:registry-record xml:lang="en" file-id="GB-1" source-url="http://projects.dfid.gov.uk/iati/Country/LC" publisher-id="GB-1" publisher-role="Funding" contact-email="ppisupport@dfid.gov.uk" donor-id="GB-1" donor-type="10" title="DFID Activity File" activity-period="All Periods" last-updated-datetime="2013-03-28T16:48:56Z" generated-datetime="2013-03-28T16:48:56Z" verification-status="1" format="xml" license="IATI" xmlns:ir="http://iatiregistry.org/ns/record#"/><iati-activity xml:lang="en" default-currency="GBP" hierarchy="1"><reporting-org ref="GB-1" type="10">Department for International Development</reporting-org><participating-org ref="GB" type="10" role="Funding">UNITED KINGDOM</participating-org><participating-org ref="GB-1" type="10" role="Extending">Department for International Development</participating-org><iati-identifier>GB-1-202256</iati-identifier><other-identifier owner-ref="GB-1" owner-name="DFID">202256</other-identifier><title>Hurricane Tomas Repairs: Water, Sanitation and Health Support in St.Lucia and St Vincent and the Grenadines</title><description>Repairs and reconstruction of water,sanitation and health services after Hurricane Tomas</description><activity-date type="end-actual">2011-07-31</activity-date><activity-date type="end-planned">2011-07-31</activity-date><activity-date type="start-actual">2011-01-05</activity-date><activity-date type="start-planned">2010-12-15</activity-date><activity-status code="4">Post-completion</activity-status><contact-info><organisation>Department for International Development</organisation><telephone>+44 (0) 1355 84 3132</telephone><email>enquiry@dfid.gov.uk</email><mailing-address>Public Enquiry Point, Abercrombie House, Eaglesham Road, East Kilbride, Glasgow G75 8EA</mailing-address></contact-info><default-tied-status code="5">Untied</default-tied-status><related-activity ref="GB-1-202256-101" type="2">Water, Sanitation and Health Support in St Lucia and St Vincent and the Grenadines After Hurricane Tomas</related-activity></iati-activity><iati-activity xml:lang="en" default-currency="GBP" hierarchy="2"><reporting-org ref="GB-1" type="10">Department for International Development</reporting-org><participating-org ref="GB" type="10" role="Funding">UNITED KINGDOM</participating-org><participating-org ref="GB-1" type="10" role="Extending">Department for International Development</participating-org><participating-org ref="41143" role="Implementing">World Health Organisation - core voluntary contributions account</participating-org><recipient-country code="LC">St. Lucia</recipient-country><collaboration-type code="1">Bilateral</collaboration-type><default-flow-type code="10">ODA</default-flow-type><default-aid-type code="C01">Project-type interventions</default-aid-type><default-finance-type code="110">Aid grant excluding debt reorganisation</default-finance-type><iati-identifier>GB-1-202256-101</iati-identifier><other-identifier owner-ref="GB-1" owner-name="DFID">202256-101</other-identifier><title>Water, Sanitation and Health Support in St Lucia and St Vincent and the Grenadines After Hurricane Tomas</title><sector code="73010">Reconstruction relief and rehabilitation</sector><activity-date type="end-actual">2011-06-30</activity-date><activity-date type="end-planned">2011-06-30</activity-date><activity-date type="start-actual">2010-12-15</activity-date><activity-date type="start-planned">2010-12-15</activity-date><activity-status code="4">Post-completion</activity-status><contact-info><organisation>Department for International Development</organisation><telephone>+44 (0) 1355 84 3132</telephone><email>enquiry@dfid.gov.uk</email><mailing-address>Public Enquiry Point, Abercrombie House, Eaglesham Road, East Kilbride, Glasgow G75 8EA</mailing-address></contact-info><default-tied-status code="5">Untied</default-tied-status><policy-marker code="1" vocabulary="DAC" significance="0">Gender Equality</policy-marker><policy-marker code="2" vocabulary="DAC" significance="0">Aid to Environment</policy-marker><policy-marker code="3" vocabulary="DAC" significance="0">Participatory Development/Good Governance</policy-marker><policy-marker code="4" vocabulary="DAC" significance="0">Trade Development</policy-marker><policy-marker code="5" vocabulary="DAC" significance="0">Aid Targeting the Objectives of the Convention on Biological Diversity</policy-marker><policy-marker code="6" vocabulary="DAC" significance="0">Aid Targeting the Objectives of the Framework Convention on Climate Change - Mitigation</policy-marker><policy-marker code="7" vocabulary="DAC" significance="0">Aid Targeting the Objectives of the Framework Convention on Climate Change - Adaptation</policy-marker><policy-marker code="8" vocabulary="DAC" significance="0">Aid Targeting the Objectives of the Convention to Combat Desertification</policy-marker><transaction><value value-date="2011-04-01">209258</value><transaction-type code="C">Commitment</transaction-type><transaction-date iso-date="2010-12-15">Total Commitment to 30 Jun 2011</transaction-date></transaction><transaction><value currency="GBP" value-date="2011-01-31">212845</value><transaction-type code="D">Disbursement</transaction-type><provider-org ref="GB-1">Department for International Development</provider-org><receiver-org ref="41143">World Health Organisation - core voluntary contributions account</receiver-org><description>Aid to international organisations</description><transaction-date iso-date="2011-01-31"/></transaction><transaction><value currency="GBP" value-date="2011-11-01">-1912</value><transaction-type code="D">Disbursement</transaction-type><provider-org ref="GB-1">Department for International Development</provider-org><receiver-org>Journal Transaction</receiver-org><description>Aid to international organisations</description><transaction-date iso-date="2011-11-01"/></transaction><transaction><value currency="GBP" value-date="2011-12-13">-1674</value><transaction-type code="D">Disbursement</transaction-type><provider-org ref="GB-1">Department for International Development</provider-org><receiver-org>Journal Transaction</receiver-org><description>Aid to international organisations</description><transaction-date iso-date="2011-12-13"/></transaction><budget type="Revised"><period-start iso-date="2010-04-01"/><period-end iso-date="2011-03-31"/><value value-date="2010-04-01" currency="GBP">212845</value></budget><budget type="Revised"><period-start iso-date="2011-04-01"/><period-end iso-date="2012-03-31"/><value value-date="2011-04-01" currency="GBP">-3586</value></budget><related-activity ref="GB-1-202256" type="1">Hurricane Tomas Repairs: Water, Sanitation and Health Support in St.Lucia and St Vincent and the Grenadines</related-activity><legacy-data name="73010 Reconstruction Relief and Rehabilitation, Humanitarian (MDG Humanitarian)" value="73010" iati-equivalent="sector"/></iati-activity></iati-activities>