<iati-activities version="1.01" generated-datetime="2013-03-28T16:48:56Z"><ir:registry-record xml:lang="en" file-id="GB-1" source-url="http://projects.dfid.gov.uk/iati/NonIATI/LE" publisher-id="GB-1" publisher-role="Funding" contact-email="ppisupport@dfid.gov.uk" donor-id="GB-1" donor-type="10" title="DFID Activity File" activity-period="All Periods" last-updated-datetime="2013-03-28T16:48:56Z" generated-datetime="2013-03-28T16:48:56Z" verification-status="1" format="xml" license="IATI" xmlns:ir="http://iatiregistry.org/ns/record#"/><iati-activity xml:lang="en" default-currency="GBP" hierarchy="1"><reporting-org ref="GB-1" type="10">Department for International Development</reporting-org><participating-org ref="GB" type="10" role="Funding">UNITED KINGDOM</participating-org><participating-org ref="GB-1" type="10" role="Extending">Department for International Development</participating-org><iati-identifier>GB-1-109435</iati-identifier><other-identifier owner-ref="GB-1" owner-name="DFID">109435</other-identifier><title>DFID/Enlace</title><description>To strengthen the IADB's capacity to design and implement policies and programmes that address the social exclusion of poor men and women in Latin America, in particular in Central America.</description><activity-date type="end-actual">2009-09-30</activity-date><activity-date type="end-planned">2009-09-30</activity-date><activity-date type="start-actual">2004-05-17</activity-date><activity-date type="start-planned">2004-03-01</activity-date><activity-status code="4">Post-completion</activity-status><contact-info><organisation>Department for International Development</organisation><telephone>+44 (0) 1355 84 3132</telephone><email>enquiry@dfid.gov.uk</email><mailing-address>Public Enquiry Point, Abercrombie House, Eaglesham Road, East Kilbride, Glasgow G75 8EA</mailing-address></contact-info><default-tied-status code="5">Untied</default-tied-status><related-activity ref="GB-1-109435-101" type="2">MULTILATORGANISATION and P0076 for DFID/Enlace</related-activity><related-activity ref="GB-1-109435-102" type="2">PROCOFSERVICES and P0076 for DFID/Enlace</related-activity></iati-activity><iati-activity xml:lang="en" default-currency="GBP" hierarchy="2"><reporting-org ref="GB-1" type="10">Department for International Development</reporting-org><participating-org ref="GB" type="10" role="Funding">UNITED KINGDOM</participating-org><participating-org ref="GB-1" type="10" role="Extending">Department for International Development</participating-org><participating-org ref="52000" role="Implementing">Other.</participating-org><recipient-region>Latin America Regional (LE)</recipient-region><collaboration-type code="1">Bilateral</collaboration-type><default-flow-type code="10">ODA</default-flow-type><default-aid-type code="C01">Project-type interventions</default-aid-type><default-finance-type code="110">Aid grant excluding debt reorganisation</default-finance-type><iati-identifier>GB-1-109435-101</iati-identifier><other-identifier owner-ref="GB-1" owner-name="DFID">109435-101</other-identifier><title>MULTILATORGANISATION and P0076 for DFID/Enlace</title><sector code="16010" percentage="41">Social/welfare services</sector><sector code="43082" percentage="20">Research/scientific institutions</sector><activity-date type="end-actual">2009-09-29</activity-date><activity-date type="end-planned">2009-09-29</activity-date><activity-date type="start-actual">2004-03-02</activity-date><activity-date type="start-planned">2004-03-02</activity-date><activity-status code="4">Post-completion</activity-status><contact-info><organisation>Department for International Development</organisation><telephone>+44 (0) 1355 84 3132</telephone><email>enquiry@dfid.gov.uk</email><mailing-address>Public Enquiry Point, Abercrombie House, Eaglesham Road, East Kilbride, Glasgow G75 8EA</mailing-address></contact-info><default-tied-status code="5">Untied</default-tied-status><policy-marker code="1" vocabulary="DAC" significance="0">Gender Equality</policy-marker><policy-marker code="2" vocabulary="DAC" significance="0">Aid to Environment</policy-marker><policy-marker code="3" vocabulary="DAC" significance="1">Participatory Development/Good Governance</policy-marker><policy-marker code="4" vocabulary="DAC" significance="0">Trade Development</policy-marker><policy-marker code="5" vocabulary="DAC" significance="0">Aid Targeting the Objectives of the Convention on Biological Diversity</policy-marker><policy-marker code="6" vocabulary="DAC" significance="0">Aid Targeting the Objectives of the Framework Convention on Climate Change - Mitigation</policy-marker><policy-marker code="7" vocabulary="DAC" significance="0">Aid Targeting the Objectives of the Framework Convention on Climate Change - Adaptation</policy-marker><policy-marker code="8" vocabulary="DAC" significance="0">Aid Targeting the Objectives of the Convention to Combat Desertification</policy-marker><transaction><value value-date="2006-04-01">878000</value><transaction-type code="C">Commitment</transaction-type><transaction-date iso-date="2004-03-02">Total Commitment to 29 Sep 2009</transaction-date></transaction><transaction><value currency="GBP" value-date="2004-06-30">200000</value><transaction-type code="D">Disbursement</transaction-type><provider-org ref="GB-1">Department for International Development</provider-org><description>Aggregated spend data - Financial Year 2004 Quarter 1</description><transaction-date iso-date="2004-06-30"/></transaction><transaction><value currency="GBP" value-date="2004-12-31">66000</value><transaction-type code="D">Disbursement</transaction-type><provider-org ref="GB-1">Department for International Development</provider-org><description>Aggregated spend data - Financial Year 2004 Quarter 3</description><transaction-date iso-date="2004-12-31"/></transaction><transaction><value currency="GBP" value-date="2005-06-30">100000</value><transaction-type code="D">Disbursement</transaction-type><provider-org ref="GB-1">Department for International Development</provider-org><description>Aggregated spend data - Financial Year 2005 Quarter 1</description><transaction-date iso-date="2005-06-30"/></transaction><transaction><value currency="GBP" value-date="2005-09-30">255000</value><transaction-type code="D">Disbursement</transaction-type><provider-org ref="GB-1">Department for International Development</provider-org><description>Aggregated spend data - Financial Year 2005 Quarter 2</description><transaction-date iso-date="2005-09-30"/></transaction><transaction><value currency="GBP" value-date="2006-06-30">257000</value><transaction-type code="D">Disbursement</transaction-type><provider-org ref="GB-1">Department for International Development</provider-org><description>Aggregated spend data - Financial Year 2006 Quarter 1</description><transaction-date iso-date="2006-06-30"/></transaction><transaction><value currency="GBP" value-date="2009-09-30">-70539</value><transaction-type code="D">Disbursement</transaction-type><provider-org ref="GB-1">Department for International Development</provider-org><description>Aggregated spend data - Financial Year 2009 Quarter 2</description><transaction-date iso-date="2009-09-30"/></transaction><budget type="Original"><period-start iso-date="2004-04-01"/><period-end iso-date="2005-03-31"/><value value-date="2004-04-01" currency="GBP">266000</value></budget><budget type="Original"><period-start iso-date="2005-04-01"/><period-end iso-date="2006-03-31"/><value value-date="2005-04-01" currency="GBP">355000</value></budget><budget type="Original"><period-start iso-date="2006-04-01"/><period-end iso-date="2007-03-31"/><value value-date="2006-04-01" currency="GBP">257000</value></budget><related-activity ref="GB-1-109435" type="1">DFID/Enlace</related-activity><related-activity ref="GB-1-109435-102" type="3">PROCOFSERVICES and P0076 for DFID/Enlace</related-activity><legacy-data name="15162 Human Rights: (Governance and Security)" value="15162" iati-equivalent="sector">39%</legacy-data><legacy-data name="16012 Social Other, Social infrastructure and Services (MDG Poverty, Hunger and Vulnerability)" value="16012" iati-equivalent="sector">41%</legacy-data><legacy-data name="80015 Social Research (Global Partnerships)" value="80015" iati-equivalent="sector">20%</legacy-data></iati-activity><iati-activity xml:lang="en" default-currency="GBP" hierarchy="2"><reporting-org ref="GB-1" type="10">Department for International Development</reporting-org><participating-org ref="GB" type="10" role="Funding">UNITED KINGDOM</participating-org><participating-org ref="GB-1" type="10" role="Extending">Department for International Development</participating-org><participating-org ref="52000" role="Implementing">Other.</participating-org><recipient-region>Latin America Regional (LE)</recipient-region><collaboration-type code="1">Bilateral</collaboration-type><default-flow-type code="10">ODA</default-flow-type><default-aid-type code="C01">Project-type interventions</default-aid-type><default-finance-type code="110">Aid grant excluding debt reorganisation</default-finance-type><iati-identifier>GB-1-109435-102</iati-identifier><other-identifier owner-ref="GB-1" owner-name="DFID">109435-102</other-identifier><title>PROCOFSERVICES and P0076 for DFID/Enlace</title><sector code="16010" percentage="41">Social/welfare services</sector><sector code="43082" percentage="20">Research/scientific institutions</sector><activity-date type="end-actual">2009-09-29</activity-date><activity-date type="end-planned">2009-09-29</activity-date><activity-date type="start-actual">2004-03-02</activity-date><activity-date type="start-planned">2004-03-02</activity-date><activity-status code="4">Post-completion</activity-status><contact-info><organisation>Department for International Development</organisation><telephone>+44 (0) 1355 84 3132</telephone><email>enquiry@dfid.gov.uk</email><mailing-address>Public Enquiry Point, Abercrombie House, Eaglesham Road, East Kilbride, Glasgow G75 8EA</mailing-address></contact-info><default-tied-status code="5">Untied</default-tied-status><policy-marker code="1" vocabulary="DAC" significance="0">Gender Equality</policy-marker><policy-marker code="2" vocabulary="DAC" significance="0">Aid to Environment</policy-marker><policy-marker code="3" vocabulary="DAC" significance="1">Participatory Development/Good Governance</policy-marker><policy-marker code="4" vocabulary="DAC" significance="0">Trade Development</policy-marker><policy-marker code="5" vocabulary="DAC" significance="0">Aid Targeting the Objectives of the Convention on Biological Diversity</policy-marker><policy-marker code="6" vocabulary="DAC" significance="0">Aid Targeting the Objectives of the Framework Convention on Climate Change - Mitigation</policy-marker><policy-marker code="7" vocabulary="DAC" significance="0">Aid Targeting the Objectives of the Framework Convention on Climate Change - Adaptation</policy-marker><policy-marker code="8" vocabulary="DAC" significance="0">Aid Targeting the Objectives of the Convention to Combat Desertification</policy-marker><transaction><value value-date="2007-04-01">401708</value><transaction-type code="C">Commitment</transaction-type><transaction-date iso-date="2004-03-02">Total Commitment to 29 Sep 2009</transaction-date></transaction><budget type="Original"><period-start iso-date="2004-04-01"/><period-end iso-date="2005-03-31"/><value value-date="2004-04-01" currency="GBP">66555</value></budget><budget type="Original"><period-start iso-date="2005-04-01"/><period-end iso-date="2006-03-31"/><value value-date="2005-04-01" currency="GBP">144810</value></budget><budget type="Original"><period-start iso-date="2006-04-01"/><period-end iso-date="2007-03-31"/><value value-date="2006-04-01" currency="GBP">141602</value></budget><budget type="Original"><period-start iso-date="2007-04-01"/><period-end iso-date="2008-03-31"/><value value-date="2007-04-01" currency="GBP">48738</value></budget><related-activity ref="GB-1-109435" type="1">DFID/Enlace</related-activity><related-activity ref="GB-1-109435-101" type="3">MULTILATORGANISATION and P0076 for DFID/Enlace</related-activity><legacy-data name="15162 Human Rights: (Governance and Security)" value="15162" iati-equivalent="sector">39%</legacy-data><legacy-data name="16012 Social Other, Social infrastructure and Services (MDG Poverty, Hunger and Vulnerability)" value="16012" iati-equivalent="sector">41%</legacy-data><legacy-data name="80015 Social Research (Global Partnerships)" value="80015" iati-equivalent="sector">20%</legacy-data></iati-activity><iati-activity xml:lang="en" default-currency="GBP" hierarchy="1"><reporting-org ref="GB-1" type="10">Department for International Development</reporting-org><participating-org ref="GB" type="10" role="Funding">UNITED KINGDOM</participating-org><participating-org ref="GB-1" type="10" role="Extending">Department for International Development</participating-org><iati-identifier>GB-1-200957</iati-identifier><other-identifier owner-ref="GB-1" owner-name="DFID">200957</other-identifier><title>CSCF 0493 Strengthening the Voice of Informal Workers in Social Policy Decisions in Latin America</title><description>Social policy better addressed the social protection needs of the working poor in the informal economy as a result of the better representation of informal workers in decision-making fora, and of their improved capacities for advocacy.</description><activity-date type="end-actual">2010-03-31</activity-date><activity-date type="end-planned">2010-03-31</activity-date><activity-date type="start-actual">2009-07-28</activity-date><activity-date type="start-planned">2009-07-01</activity-date><activity-status code="4">Post-completion</activity-status><contact-info><organisation>Department for International Development</organisation><telephone>+44 (0) 1355 84 3132</telephone><email>enquiry@dfid.gov.uk</email><mailing-address>Public Enquiry Point, Abercrombie House, Eaglesham Road, East Kilbride, Glasgow G75 8EA</mailing-address></contact-info><default-tied-status code="5">Untied</default-tied-status><related-activity ref="GB-1-200957-101" type="2">CSCF 0493 Strengthening the Voice of Informal Workers in Social Policy Decisions in Latin America</related-activity></iati-activity><iati-activity xml:lang="en" default-currency="GBP" hierarchy="2"><reporting-org ref="GB-1" type="10">Department for International Development</reporting-org><participating-org ref="GB" type="10" role="Funding">UNITED KINGDOM</participating-org><participating-org ref="GB-1" type="10" role="Extending">Department for International Development</participating-org><participating-org ref="20000" role="Implementing">NON-GOVERNMENTAL ORGANISATIONS (NGOs) AND CIVIL SOCIETY</participating-org><recipient-region>Latin America Regional (LE)</recipient-region><collaboration-type code="5">Aid through NGOs</collaboration-type><default-flow-type code="10">ODA</default-flow-type><default-aid-type code="C01">Project-type interventions</default-aid-type><default-finance-type code="110">Aid grant excluding debt reorganisation</default-finance-type><iati-identifier>GB-1-200957-101</iati-identifier><other-identifier owner-ref="GB-1" owner-name="DFID">200957-101</other-identifier><title>CSCF 0493 Strengthening the Voice of Informal Workers in Social Policy Decisions in Latin America</title><sector code="15150" percentage="60">Democratic participation and civil society</sector><sector code="16010" percentage="30">Social/welfare services</sector><activity-date type="end-actual">2010-03-31</activity-date><activity-date type="end-planned">2010-03-31</activity-date><activity-date type="start-actual">2009-07-01</activity-date><activity-date type="start-planned">2009-07-01</activity-date><activity-status code="4">Post-completion</activity-status><contact-info><organisation>Department for International Development</organisation><telephone>+44 (0) 1355 84 3132</telephone><email>enquiry@dfid.gov.uk</email><mailing-address>Public Enquiry Point, Abercrombie House, Eaglesham Road, East Kilbride, Glasgow G75 8EA</mailing-address></contact-info><default-tied-status code="5">Untied</default-tied-status><policy-marker code="1" vocabulary="DAC" significance="2">Gender Equality</policy-marker><policy-marker code="2" vocabulary="DAC" significance="0">Aid to Environment</policy-marker><policy-marker code="3" vocabulary="DAC" significance="2">Participatory Development/Good Governance</policy-marker><policy-marker code="4" vocabulary="DAC" significance="0">Trade Development</policy-marker><policy-marker code="5" vocabulary="DAC" significance="0">Aid Targeting the Objectives of the Convention on Biological Diversity</policy-marker><policy-marker code="6" vocabulary="DAC" significance="0">Aid Targeting the Objectives of the Framework Convention on Climate Change - Mitigation</policy-marker><policy-marker code="7" vocabulary="DAC" significance="0">Aid Targeting the Objectives of the Framework Convention on Climate Change - Adaptation</policy-marker><policy-marker code="8" vocabulary="DAC" significance="0">Aid Targeting the Objectives of the Convention to Combat Desertification</policy-marker><transaction><value value-date="2012-04-01">98943</value><transaction-type code="C">Commitment</transaction-type><transaction-date iso-date="2009-07-01">Total Commitment to 31 Mar 2010</transaction-date></transaction><transaction><value currency="GBP" value-date="2009-09-30">49471</value><transaction-type code="D">Disbursement</transaction-type><provider-org ref="GB-1">Department for International Development</provider-org><description>Aggregated spend data - Financial Year 2009 Quarter 2</description><transaction-date iso-date="2009-09-30"/></transaction><transaction><value currency="GBP" value-date="2009-12-31">49471</value><transaction-type code="D">Disbursement</transaction-type><provider-org ref="GB-1">Department for International Development</provider-org><description>Aggregated spend data - Financial Year 2009 Quarter 3</description><transaction-date iso-date="2009-12-31"/></transaction><budget type="Revised"><period-start iso-date="2009-04-01"/><period-end iso-date="2010-03-31"/><value value-date="2009-04-01" currency="GBP">98943</value></budget><related-activity ref="GB-1-200957" type="1">CSCF 0493 Strengthening the Voice of Informal Workers in Social Policy Decisions in Latin America</related-activity><legacy-data name="15150 Strengthening Civil Society: (Governance and Security)" value="15150" iati-equivalent="sector">60%</legacy-data><legacy-data name="15162 Human Rights: (Governance and Security)" value="15162" iati-equivalent="sector">10%</legacy-data><legacy-data name="16011 Social Protection, Social Infrastructure and Services (MDG Poverty, Hunger and Vulnerability)" value="16011" iati-equivalent="sector">30%</legacy-data></iati-activity><iati-activity xml:lang="en" default-currency="GBP" hierarchy="1"><reporting-org ref="GB-1" type="10">Department for International Development</reporting-org><participating-org ref="GB" type="10" role="Funding">UNITED KINGDOM</participating-org><participating-org ref="GB-1" type="10" role="Extending">Department for International Development</participating-org><iati-identifier>GB-1-202826</iati-identifier><other-identifier owner-ref="GB-1" owner-name="DFID">202826</other-identifier><title>Strengthening the evidence base for the Rio+20 UN Conference on Sustainable Development</title><description>To ensure that developing country issues and interests form a key strand of the message from the scientific community to the Rio+20 UN Conference on Sustainable Development, with special emphasis on what it will take to make food, energy and water accessible to an expected world population of 9 billion people.</description><activity-date type="end-actual">2012-10-31</activity-date><activity-date type="end-planned">2012-10-31</activity-date><activity-date type="start-actual">2011-10-07</activity-date><activity-date type="start-planned">2011-10-12</activity-date><activity-status code="4">Post-completion</activity-status><contact-info><organisation>Department for International Development</organisation><telephone>+44 (0) 1355 84 3132</telephone><email>enquiry@dfid.gov.uk</email><mailing-address>Public Enquiry Point, Abercrombie House, Eaglesham Road, East Kilbride, Glasgow G75 8EA</mailing-address></contact-info><default-tied-status code="5">Untied</default-tied-status><related-activity ref="GB-1-202826-101" type="2">To support the contributions by scientists from developing countries to the Planet under Pressure Conference, London March 2012</related-activity><document-link url="http://projects.dfid.gov.uk/IATI/document/3716862" format="application/msword"><title>Business Case and Summary 202826.docx</title><category code="A05">Budget</category><category code="A04">Conditions</category><category code="A03">Intended ultimate beneficiaries</category><category code="A02">Objectives / Purpose of activity</category><category code="A01">Pre- and post-project impact appraisal</category></document-link></iati-activity><iati-activity xml:lang="en" default-currency="GBP" hierarchy="2"><reporting-org ref="GB-1" type="10">Department for International Development</reporting-org><participating-org ref="GB" type="10" role="Funding">UNITED KINGDOM</participating-org><participating-org ref="GB-1" type="10" role="Extending">Department for International Development</participating-org><participating-org ref="51000" role="Implementing">University, college or other teaching institution, research institute or think-tank</participating-org><recipient-region>Latin America Regional (LE)</recipient-region><collaboration-type code="1">Bilateral</collaboration-type><default-flow-type code="10">ODA</default-flow-type><default-aid-type code="C01">Project-type interventions</default-aid-type><default-finance-type code="110">Aid grant excluding debt reorganisation</default-finance-type><iati-identifier>GB-1-202826-101</iati-identifier><other-identifier owner-ref="GB-1" owner-name="DFID">202826-101</other-identifier><title>To support the contributions by scientists from developing countries to the Planet under Pressure Conference, London March 2012</title><sector code="41030">Bio-diversity</sector><activity-date type="end-actual">2012-07-31</activity-date><activity-date type="end-planned">2012-07-31</activity-date><activity-date type="start-actual">2011-10-12</activity-date><activity-date type="start-planned">2011-10-12</activity-date><activity-status code="4">Post-completion</activity-status><contact-info><organisation>Department for International Development</organisation><telephone>+44 (0) 1355 84 3132</telephone><email>enquiry@dfid.gov.uk</email><mailing-address>Public Enquiry Point, Abercrombie House, Eaglesham Road, East Kilbride, Glasgow G75 8EA</mailing-address></contact-info><default-tied-status code="5">Untied</default-tied-status><policy-marker code="1" vocabulary="DAC" significance="1">Gender Equality</policy-marker><policy-marker code="2" vocabulary="DAC" significance="0">Aid to Environment</policy-marker><policy-marker code="3" vocabulary="DAC" significance="0">Participatory Development/Good Governance</policy-marker><policy-marker code="4" vocabulary="DAC" significance="0">Trade Development</policy-marker><policy-marker code="5" vocabulary="DAC" significance="0">Aid Targeting the Objectives of the Convention on Biological Diversity</policy-marker><policy-marker code="6" vocabulary="DAC" significance="0">Aid Targeting the Objectives of the Framework Convention on Climate Change - Mitigation</policy-marker><policy-marker code="7" vocabulary="DAC" significance="0">Aid Targeting the Objectives of the Framework Convention on Climate Change - Adaptation</policy-marker><policy-marker code="8" vocabulary="DAC" significance="0">Aid Targeting the Objectives of the Convention to Combat Desertification</policy-marker><transaction><value value-date="2012-04-01">100000</value><transaction-type code="C">Commitment</transaction-type><transaction-date iso-date="2011-10-12">Total Commitment to 31 Jul 2012</transaction-date></transaction><transaction><value currency="GBP" value-date="2012-04-05">48000</value><transaction-type code="E">Expenditure</transaction-type><provider-org ref="GB-1">Department for International Development</provider-org><receiver-org>Journal Transaction</receiver-org><description>Staff training &amp; Conferences</description><transaction-date iso-date="2012-04-05"/></transaction><transaction><value currency="GBP" value-date="2012-04-10">-48000</value><transaction-type code="E">Expenditure</transaction-type><provider-org ref="GB-1">Department for International Development</provider-org><receiver-org>Journal Transaction</receiver-org><description>Staff training &amp; Conferences</description><transaction-date iso-date="2012-04-10"/></transaction><transaction><value currency="GBP" value-date="2012-05-03">48000</value><transaction-type code="E">Expenditure</transaction-type><provider-org ref="GB-1">Department for International Development</provider-org><receiver-org>Journal Transaction</receiver-org><description>Staff training &amp; Conferences</description><transaction-date iso-date="2012-05-03"/></transaction><transaction><value currency="GBP" value-date="2012-05-03">-48000</value><transaction-type code="E">Expenditure</transaction-type><provider-org ref="GB-1">Department for International Development</provider-org><receiver-org>Journal Transaction</receiver-org><description>Staff training &amp; Conferences</description><transaction-date iso-date="2012-05-03"/></transaction><transaction><value currency="GBP" value-date="2012-06-11">48000</value><transaction-type code="E">Expenditure</transaction-type><provider-org ref="GB-1">Department for International Development</provider-org><receiver-org>Journal Transaction</receiver-org><description>Staff training &amp; Conferences</description><transaction-date iso-date="2012-06-11"/></transaction><transaction><value currency="GBP" value-date="2012-06-11">-48000</value><transaction-type code="E">Expenditure</transaction-type><provider-org ref="GB-1">Department for International Development</provider-org><receiver-org>Journal Transaction</receiver-org><description>Staff training &amp; Conferences</description><transaction-date iso-date="2012-06-11"/></transaction><transaction><value currency="GBP" value-date="2012-07-03">48000</value><transaction-type code="E">Expenditure</transaction-type><provider-org ref="GB-1">Department for International Development</provider-org><receiver-org>Journal Transaction</receiver-org><description>Staff training &amp; Conferences</description><transaction-date iso-date="2012-07-03"/></transaction><transaction><value currency="GBP" value-date="2012-07-05">-48000</value><transaction-type code="E">Expenditure</transaction-type><provider-org ref="GB-1">Department for International Development</provider-org><receiver-org>Journal Transaction</receiver-org><description>Staff training &amp; Conferences</description><transaction-date iso-date="2012-07-05"/></transaction><transaction><value currency="GBP" value-date="2012-08-03">7049</value><transaction-type code="E">Expenditure</transaction-type><provider-org ref="GB-1">Department for International Development</provider-org><receiver-org>Journal Transaction</receiver-org><description>Staff training &amp; Conferences</description><transaction-date iso-date="2012-08-03"/></transaction><transaction><value currency="GBP" value-date="2012-08-03">2937</value><transaction-type code="E">Expenditure</transaction-type><provider-org ref="GB-1">Department for International Development</provider-org><receiver-org>Journal Transaction</receiver-org><description>Staff training &amp; Conferences</description><transaction-date iso-date="2012-08-03"/></transaction><transaction><value currency="GBP" value-date="2012-08-03">48000</value><transaction-type code="E">Expenditure</transaction-type><provider-org ref="GB-1">Department for International Development</provider-org><receiver-org>Journal Transaction</receiver-org><description>Staff training &amp; Conferences</description><transaction-date iso-date="2012-08-03"/></transaction><transaction><value currency="GBP" value-date="2012-08-03">40000</value><transaction-type code="E">Expenditure</transaction-type><provider-org ref="GB-1">Department for International Development</provider-org><receiver-org>Journal Transaction</receiver-org><description>Staff training &amp; Conferences</description><transaction-date iso-date="2012-08-03"/></transaction><transaction><value currency="GBP" value-date="2012-08-03">-40000</value><transaction-type code="E">Expenditure</transaction-type><provider-org ref="GB-1">Department for International Development</provider-org><receiver-org>Journal Transaction</receiver-org><description>Staff training &amp; Conferences</description><transaction-date iso-date="2012-08-03"/></transaction><transaction><value currency="GBP" value-date="2012-08-03">-7049</value><transaction-type code="E">Expenditure</transaction-type><provider-org ref="GB-1">Department for International Development</provider-org><receiver-org>Journal Transaction</receiver-org><description>Staff training &amp; Conferences</description><transaction-date iso-date="2012-08-03"/></transaction><transaction><value currency="GBP" value-date="2012-08-03">-48000</value><transaction-type code="E">Expenditure</transaction-type><provider-org ref="GB-1">Department for International Development</provider-org><receiver-org>Journal Transaction</receiver-org><description>Staff training &amp; Conferences</description><transaction-date iso-date="2012-08-03"/></transaction><transaction><value currency="GBP" value-date="2012-08-03">-2937</value><transaction-type code="E">Expenditure</transaction-type><provider-org ref="GB-1">Department for International Development</provider-org><receiver-org>Journal Transaction</receiver-org><description>Staff training &amp; Conferences</description><transaction-date iso-date="2012-08-03"/></transaction><transaction><value currency="GBP" value-date="2012-09-05">7049</value><transaction-type code="E">Expenditure</transaction-type><provider-org ref="GB-1">Department for International Development</provider-org><receiver-org>Journal Transaction</receiver-org><description>Staff training &amp; Conferences</description><transaction-date iso-date="2012-09-05"/></transaction><transaction><value currency="GBP" value-date="2012-09-05">2937</value><transaction-type code="E">Expenditure</transaction-type><provider-org ref="GB-1">Department for International Development</provider-org><receiver-org>Journal Transaction</receiver-org><description>Staff training &amp; Conferences</description><transaction-date iso-date="2012-09-05"/></transaction><transaction><value currency="GBP" value-date="2012-09-05">48000</value><transaction-type code="E">Expenditure</transaction-type><provider-org ref="GB-1">Department for International Development</provider-org><receiver-org>Journal Transaction</receiver-org><description>Staff training &amp; Conferences</description><transaction-date iso-date="2012-09-05"/></transaction><transaction><value currency="GBP" value-date="2012-09-05">40000</value><transaction-type code="E">Expenditure</transaction-type><provider-org ref="GB-1">Department for International Development</provider-org><receiver-org>Journal Transaction</receiver-org><description>Staff training &amp; Conferences</description><transaction-date iso-date="2012-09-05"/></transaction><transaction><value currency="GBP" value-date="2012-09-05">-2937</value><transaction-type code="E">Expenditure</transaction-type><provider-org ref="GB-1">Department for International Development</provider-org><receiver-org>Journal Transaction</receiver-org><description>Staff training &amp; Conferences</description><transaction-date iso-date="2012-09-05"/></transaction><transaction><value currency="GBP" value-date="2012-09-05">-48000</value><transaction-type code="E">Expenditure</transaction-type><provider-org ref="GB-1">Department for International Development</provider-org><receiver-org>Journal Transaction</receiver-org><description>Staff training &amp; Conferences</description><transaction-date iso-date="2012-09-05"/></transaction><transaction><value currency="GBP" value-date="2012-09-05">-40000</value><transaction-type code="E">Expenditure</transaction-type><provider-org ref="GB-1">Department for International Development</provider-org><receiver-org>Journal Transaction</receiver-org><description>Staff training &amp; Conferences</description><transaction-date iso-date="2012-09-05"/></transaction><transaction><value currency="GBP" value-date="2012-09-05">-7049</value><transaction-type code="E">Expenditure</transaction-type><provider-org ref="GB-1">Department for International Development</provider-org><receiver-org>Journal Transaction</receiver-org><description>Staff training &amp; Conferences</description><transaction-date iso-date="2012-09-05"/></transaction><transaction><value currency="GBP" value-date="2012-09-13">93647</value><transaction-type code="E">Expenditure</transaction-type><provider-org ref="GB-1">Department for International Development</provider-org><receiver-org ref="51000">University, college or other teaching institution, research institute or think-tank</receiver-org><description>Staff training &amp; Conferences</description><transaction-date iso-date="2012-09-13"/></transaction><transaction><value currency="GBP" value-date="2012-09-13">4682</value><transaction-type code="E">Expenditure</transaction-type><provider-org ref="GB-1">Department for International Development</provider-org><receiver-org ref="51000">University, college or other teaching institution, research institute or think-tank</receiver-org><description>Staff training &amp; Conferences</description><transaction-date iso-date="2012-09-13"/></transaction><budget type="Revised"><period-start iso-date="2011-04-01"/><period-end iso-date="2012-03-31"/><value value-date="2011-04-01" currency="GBP">48000</value></budget><budget type="Revised"><period-start iso-date="2012-04-01"/><period-end iso-date="2013-03-31"/><value value-date="2012-04-01" currency="GBP">52000</value></budget><related-activity ref="GB-1-202826" type="1">Strengthening the evidence base for the Rio+20 UN Conference on Sustainable Development</related-activity><legacy-data name="41032 Climate Change, Environment (Climate Change ICF)" value="41032" iati-equivalent="sector"/></iati-activity></iati-activities>