<iati-activities version="1.01" generated-datetime="2013-03-28T16:48:56Z"><ir:registry-record xml:lang="en" file-id="GB-1" source-url="http://projects.dfid.gov.uk/iati/Country/NA" publisher-id="GB-1" publisher-role="Funding" contact-email="ppisupport@dfid.gov.uk" donor-id="GB-1" donor-type="10" title="DFID Activity File" activity-period="All Periods" last-updated-datetime="2013-03-28T16:48:56Z" generated-datetime="2013-03-28T16:48:56Z" verification-status="1" format="xml" license="IATI" xmlns:ir="http://iatiregistry.org/ns/record#"/><iati-activity xml:lang="en" default-currency="GBP" hierarchy="1"><reporting-org ref="GB-1" type="10">Department for International Development</reporting-org><participating-org ref="GB" type="10" role="Funding">UNITED KINGDOM</participating-org><participating-org ref="GB-1" type="10" role="Extending">Department for International Development</participating-org><iati-identifier>GB-1-114276</iati-identifier><other-identifier owner-ref="GB-1" owner-name="DFID">114276</other-identifier><title>Namibia: National Action Plan - Financial Aid</title><description>Financial Aid to Govt of Namibia</description><activity-date type="end-actual">2011-08-01</activity-date><activity-date type="end-planned">2011-08-01</activity-date><activity-date type="start-actual">2008-12-16</activity-date><activity-date type="start-planned">2008-11-01</activity-date><activity-status code="4">Post-completion</activity-status><contact-info><organisation>Department for International Development</organisation><telephone>+44 (0) 1355 84 3132</telephone><email>enquiry@dfid.gov.uk</email><mailing-address>Public Enquiry Point, Abercrombie House, Eaglesham Road, East Kilbride, Glasgow G75 8EA</mailing-address></contact-info><default-tied-status code="5">Untied</default-tied-status><related-activity ref="GB-1-114276-101" type="2">NAMBIA National Action Plan P0147 for Financial Aid</related-activity></iati-activity><iati-activity xml:lang="en" default-currency="GBP" hierarchy="2"><reporting-org ref="GB-1" type="10">Department for International Development</reporting-org><participating-org ref="GB" type="10" role="Funding">UNITED KINGDOM</participating-org><participating-org ref="GB-1" type="10" role="Extending">Department for International Development</participating-org><participating-org ref="52000" role="Implementing">Other.</participating-org><recipient-country code="NA">Namibia</recipient-country><collaboration-type code="1">Bilateral</collaboration-type><default-flow-type code="10">ODA</default-flow-type><default-aid-type code="C01">Project-type interventions</default-aid-type><default-finance-type code="110">Aid grant excluding debt reorganisation</default-finance-type><iati-identifier>GB-1-114276-101</iati-identifier><other-identifier owner-ref="GB-1" owner-name="DFID">114276-101</other-identifier><title>NAMBIA National Action Plan P0147 for Financial Aid</title><sector code="15240">Reintegration and SALW control</sector><activity-date type="end-actual">2009-08-01</activity-date><activity-date type="end-planned">2009-08-01</activity-date><activity-date type="start-actual">2008-11-01</activity-date><activity-date type="start-planned">2008-11-01</activity-date><activity-status code="4">Post-completion</activity-status><contact-info><organisation>Department for International Development</organisation><telephone>+44 (0) 1355 84 3132</telephone><email>enquiry@dfid.gov.uk</email><mailing-address>Public Enquiry Point, Abercrombie House, Eaglesham Road, East Kilbride, Glasgow G75 8EA</mailing-address></contact-info><default-tied-status code="5">Untied</default-tied-status><policy-marker code="1" vocabulary="DAC" significance="0">Gender Equality</policy-marker><policy-marker code="2" vocabulary="DAC" significance="0">Aid to Environment</policy-marker><policy-marker code="3" vocabulary="DAC" significance="2">Participatory Development/Good Governance</policy-marker><policy-marker code="4" vocabulary="DAC" significance="0">Trade Development</policy-marker><policy-marker code="5" vocabulary="DAC" significance="0">Aid Targeting the Objectives of the Convention on Biological Diversity</policy-marker><policy-marker code="6" vocabulary="DAC" significance="0">Aid Targeting the Objectives of the Framework Convention on Climate Change - Mitigation</policy-marker><policy-marker code="7" vocabulary="DAC" significance="0">Aid Targeting the Objectives of the Framework Convention on Climate Change - Adaptation</policy-marker><policy-marker code="8" vocabulary="DAC" significance="0">Aid Targeting the Objectives of the Convention to Combat Desertification</policy-marker><transaction><value value-date="2009-04-01">280000</value><transaction-type code="C">Commitment</transaction-type><transaction-date iso-date="2008-11-01">Total Commitment to 01 Aug 2009</transaction-date></transaction><transaction><value currency="GBP" value-date="2008-12-31">140000</value><transaction-type code="D">Disbursement</transaction-type><provider-org ref="GB-1">Department for International Development</provider-org><description>Aggregated spend data - Financial Year 2008 Quarter 3</description><transaction-date iso-date="2008-12-31"/></transaction><transaction><value currency="GBP" value-date="2009-03-31">140000</value><transaction-type code="D">Disbursement</transaction-type><provider-org ref="GB-1">Department for International Development</provider-org><description>Aggregated spend data - Financial Year 2008 Quarter 4</description><transaction-date iso-date="2009-03-31"/></transaction><budget type="Revised"><period-start iso-date="2008-04-01"/><period-end iso-date="2009-03-31"/><value value-date="2008-04-01" currency="GBP">280000</value></budget><related-activity ref="GB-1-114276" type="1">Namibia: National Action Plan - Financial Aid</related-activity><legacy-data name="15240 Reintegration and SALW Control: (Governance and Security)" value="15240" iati-equivalent="sector"/></iati-activity></iati-activities>