<iati-activities version="1.01" generated-datetime="2013-03-28T16:48:56Z"><ir:registry-record xml:lang="en" file-id="GB-1" source-url="http://projects.dfid.gov.uk/iati/Country/NE" publisher-id="GB-1" publisher-role="Funding" contact-email="ppisupport@dfid.gov.uk" donor-id="GB-1" donor-type="10" title="DFID Activity File" activity-period="All Periods" last-updated-datetime="2013-03-28T16:48:56Z" generated-datetime="2013-03-28T16:48:56Z" verification-status="1" format="xml" license="IATI" xmlns:ir="http://iatiregistry.org/ns/record#"/><iati-activity xml:lang="en" default-currency="GBP" hierarchy="1"><reporting-org ref="GB-1" type="10">Department for International Development</reporting-org><participating-org ref="GB" type="10" role="Funding">UNITED KINGDOM</participating-org><participating-org ref="GB-1" type="10" role="Extending">Department for International Development</participating-org><iati-identifier>GB-1-104129</iati-identifier><other-identifier owner-ref="GB-1" owner-name="DFID">104129</other-identifier><title>Niger Action Against Hunger ACF Malnutrition Prevention in MAYIHI Region</title><description>No change - original OVIs added</description><activity-date type="end-actual">2009-08-28</activity-date><activity-date type="end-planned">2009-08-28</activity-date><activity-date type="start-actual">2007-05-01</activity-date><activity-date type="start-planned">2007-05-01</activity-date><activity-status code="4">Post-completion</activity-status><contact-info><organisation>Department for International Development</organisation><telephone>+44 (0) 1355 84 3132</telephone><email>enquiry@dfid.gov.uk</email><mailing-address>Public Enquiry Point, Abercrombie House, Eaglesham Road, East Kilbride, Glasgow G75 8EA</mailing-address></contact-info><default-tied-status code="5">Untied</default-tied-status><related-activity ref="GB-1-104129-101" type="2">Niger Action Against Hunger ACF Malnutrition Prevention</related-activity></iati-activity><iati-activity xml:lang="en" default-currency="GBP" hierarchy="2"><reporting-org ref="GB-1" type="10">Department for International Development</reporting-org><participating-org ref="GB" type="10" role="Funding">UNITED KINGDOM</participating-org><participating-org ref="GB-1" type="10" role="Extending">Department for International Development</participating-org><participating-org ref="22000" role="Implementing">Donor country-based NGO</participating-org><recipient-country code="NE">Niger</recipient-country><collaboration-type code="5">Aid through NGOs</collaboration-type><default-flow-type code="10">ODA</default-flow-type><default-aid-type code="C01">Project-type interventions</default-aid-type><default-finance-type code="110">Aid grant excluding debt reorganisation</default-finance-type><iati-identifier>GB-1-104129-101</iati-identifier><other-identifier owner-ref="GB-1" owner-name="DFID">104129-101</other-identifier><title>Niger Action Against Hunger ACF Malnutrition Prevention</title><sector code="12240">Basic nutrition</sector><activity-date type="end-actual">2009-08-28</activity-date><activity-date type="end-planned">2009-08-28</activity-date><activity-date type="start-actual">2007-05-01</activity-date><activity-date type="start-planned">2007-05-01</activity-date><activity-status code="4">Post-completion</activity-status><contact-info><organisation>Department for International Development</organisation><telephone>+44 (0) 1355 84 3132</telephone><email>enquiry@dfid.gov.uk</email><mailing-address>Public Enquiry Point, Abercrombie House, Eaglesham Road, East Kilbride, Glasgow G75 8EA</mailing-address></contact-info><default-tied-status code="5">Untied</default-tied-status><policy-marker code="1" vocabulary="DAC" significance="0">Gender Equality</policy-marker><policy-marker code="2" vocabulary="DAC" significance="0">Aid to Environment</policy-marker><policy-marker code="3" vocabulary="DAC" significance="0">Participatory Development/Good Governance</policy-marker><policy-marker code="4" vocabulary="DAC" significance="0">Trade Development</policy-marker><policy-marker code="5" vocabulary="DAC" significance="0">Aid Targeting the Objectives of the Convention on Biological Diversity</policy-marker><policy-marker code="6" vocabulary="DAC" significance="0">Aid Targeting the Objectives of the Framework Convention on Climate Change - Mitigation</policy-marker><policy-marker code="7" vocabulary="DAC" significance="0">Aid Targeting the Objectives of the Framework Convention on Climate Change - Adaptation</policy-marker><policy-marker code="8" vocabulary="DAC" significance="0">Aid Targeting the Objectives of the Convention to Combat Desertification</policy-marker><transaction><value value-date="2009-04-01">880758</value><transaction-type code="C">Commitment</transaction-type><transaction-date iso-date="2007-05-01">Total Commitment to 28 Aug 2009</transaction-date></transaction><transaction><value currency="GBP" value-date="2007-12-31">122244</value><transaction-type code="D">Disbursement</transaction-type><provider-org ref="GB-1">Department for International Development</provider-org><description>Aggregated spend data - Financial Year 2007 Quarter 3</description><transaction-date iso-date="2007-12-31"/></transaction><transaction><value currency="GBP" value-date="2008-06-30">160673</value><transaction-type code="D">Disbursement</transaction-type><provider-org ref="GB-1">Department for International Development</provider-org><description>Aggregated spend data - Financial Year 2008 Quarter 1</description><transaction-date iso-date="2008-06-30"/></transaction><transaction><value currency="GBP" value-date="2008-12-31">163655</value><transaction-type code="D">Disbursement</transaction-type><provider-org ref="GB-1">Department for International Development</provider-org><description>Aggregated spend data - Financial Year 2008 Quarter 3</description><transaction-date iso-date="2008-12-31"/></transaction><transaction><value currency="GBP" value-date="2009-03-31">434207</value><transaction-type code="D">Disbursement</transaction-type><provider-org ref="GB-1">Department for International Development</provider-org><description>Aggregated spend data - Financial Year 2008 Quarter 4</description><transaction-date iso-date="2009-03-31"/></transaction><transaction><value currency="GBP" value-date="2009-09-30">71791</value><transaction-type code="D">Disbursement</transaction-type><provider-org ref="GB-1">Department for International Development</provider-org><description>Aggregated spend data - Financial Year 2009 Quarter 2</description><transaction-date iso-date="2009-09-30"/></transaction><transaction><value currency="GBP" value-date="2010-03-31">-71812</value><transaction-type code="D">Disbursement</transaction-type><provider-org ref="GB-1">Department for International Development</provider-org><description>Aggregated spend data - Financial Year 2009 Quarter 4</description><transaction-date iso-date="2010-03-31"/></transaction><budget type="Original"><period-start iso-date="2007-04-01"/><period-end iso-date="2008-03-31"/><value value-date="2007-04-01" currency="GBP">122244</value></budget><budget type="Revised"><period-start iso-date="2008-04-01"/><period-end iso-date="2009-03-31"/><value value-date="2008-04-01" currency="GBP">758535</value></budget><budget type="Revised"><period-start iso-date="2009-04-01"/><period-end iso-date="2010-03-31"/><value value-date="2009-04-01" currency="GBP">-21</value></budget><related-activity ref="GB-1-104129" type="1">Niger Action Against Hunger ACF Malnutrition Prevention in MAYIHI Region</related-activity><legacy-data name="12240 Basic Nutrition, Health (MDG Other Health)" value="12240" iati-equivalent="sector"/></iati-activity><iati-activity xml:lang="en" default-currency="GBP" hierarchy="1"><reporting-org ref="GB-1" type="10">Department for International Development</reporting-org><participating-org ref="GB" type="10" role="Funding">UNITED KINGDOM</participating-org><participating-org ref="GB-1" type="10" role="Extending">Department for International Development</participating-org><iati-identifier>GB-1-113433</iati-identifier><other-identifier owner-ref="GB-1" owner-name="DFID">113433</other-identifier><title>Niger Disaster Risk Reduction Programme By a Care Led NGO Consortium</title><description>No change - original OVIs added</description><activity-date type="end-actual">2011-01-31</activity-date><activity-date type="end-planned">2011-01-31</activity-date><activity-date type="start-actual">2007-07-01</activity-date><activity-date type="start-planned">2007-07-01</activity-date><activity-status code="4">Post-completion</activity-status><contact-info><organisation>Department for International Development</organisation><telephone>+44 (0) 1355 84 3132</telephone><email>enquiry@dfid.gov.uk</email><mailing-address>Public Enquiry Point, Abercrombie House, Eaglesham Road, East Kilbride, Glasgow G75 8EA</mailing-address></contact-info><default-tied-status code="5">Untied</default-tied-status><related-activity ref="GB-1-113433-101" type="2">Niger Disaster Risk Reduction Programme By a Care Led NGO Consortium</related-activity></iati-activity><iati-activity xml:lang="en" default-currency="GBP" hierarchy="2"><reporting-org ref="GB-1" type="10">Department for International Development</reporting-org><participating-org ref="GB" type="10" role="Funding">UNITED KINGDOM</participating-org><participating-org ref="GB-1" type="10" role="Extending">Department for International Development</participating-org><participating-org ref="22000" role="Implementing">Donor country-based NGO</participating-org><recipient-country code="NE">Niger</recipient-country><collaboration-type code="5">Aid through NGOs</collaboration-type><default-flow-type code="10">ODA</default-flow-type><default-aid-type code="C01">Project-type interventions</default-aid-type><default-finance-type code="110">Aid grant excluding debt reorganisation</default-finance-type><iati-identifier>GB-1-113433-101</iati-identifier><other-identifier owner-ref="GB-1" owner-name="DFID">113433-101</other-identifier><title>Niger Disaster Risk Reduction Programme By a Care Led NGO Consortium</title><sector code="74010" percentage="70">Disaster prevention and preparedness</sector><sector code="72010" percentage="30">Material relief assistance and services</sector><activity-date type="end-actual">2011-01-31</activity-date><activity-date type="end-planned">2011-01-31</activity-date><activity-date type="start-actual">2007-07-01</activity-date><activity-date type="start-planned">2007-07-01</activity-date><activity-status code="4">Post-completion</activity-status><contact-info><organisation>Department for International Development</organisation><telephone>+44 (0) 1355 84 3132</telephone><email>enquiry@dfid.gov.uk</email><mailing-address>Public Enquiry Point, Abercrombie House, Eaglesham Road, East Kilbride, Glasgow G75 8EA</mailing-address></contact-info><default-tied-status code="5">Untied</default-tied-status><policy-marker code="1" vocabulary="DAC" significance="0">Gender Equality</policy-marker><policy-marker code="2" vocabulary="DAC" significance="0">Aid to Environment</policy-marker><policy-marker code="3" vocabulary="DAC" significance="0">Participatory Development/Good Governance</policy-marker><policy-marker code="4" vocabulary="DAC" significance="0">Trade Development</policy-marker><policy-marker code="5" vocabulary="DAC" significance="0">Aid Targeting the Objectives of the Convention on Biological Diversity</policy-marker><policy-marker code="6" vocabulary="DAC" significance="0">Aid Targeting the Objectives of the Framework Convention on Climate Change - Mitigation</policy-marker><policy-marker code="7" vocabulary="DAC" significance="0">Aid Targeting the Objectives of the Framework Convention on Climate Change - Adaptation</policy-marker><policy-marker code="8" vocabulary="DAC" significance="0">Aid Targeting the Objectives of the Convention to Combat Desertification</policy-marker><transaction><value value-date="2010-04-01">3373725</value><transaction-type code="C">Commitment</transaction-type><transaction-date iso-date="2007-07-01">Total Commitment to 31 Jan 2011</transaction-date></transaction><transaction><value currency="GBP" value-date="2008-03-31">58438</value><transaction-type code="D">Disbursement</transaction-type><provider-org ref="GB-1">Department for International Development</provider-org><description>Aggregated spend data - Financial Year 2007 Quarter 4</description><transaction-date iso-date="2008-03-31"/></transaction><transaction><value currency="GBP" value-date="2008-06-30">670187</value><transaction-type code="D">Disbursement</transaction-type><provider-org ref="GB-1">Department for International Development</provider-org><description>Aggregated spend data - Financial Year 2008 Quarter 1</description><transaction-date iso-date="2008-06-30"/></transaction><transaction><value currency="GBP" value-date="2008-12-31">285828</value><transaction-type code="D">Disbursement</transaction-type><provider-org ref="GB-1">Department for International Development</provider-org><description>Aggregated spend data - Financial Year 2008 Quarter 3</description><transaction-date iso-date="2008-12-31"/></transaction><transaction><value currency="GBP" value-date="2009-03-31">998008</value><transaction-type code="D">Disbursement</transaction-type><provider-org ref="GB-1">Department for International Development</provider-org><description>Aggregated spend data - Financial Year 2008 Quarter 4</description><transaction-date iso-date="2009-03-31"/></transaction><transaction><value currency="GBP" value-date="2009-06-30">688660</value><transaction-type code="D">Disbursement</transaction-type><provider-org ref="GB-1">Department for International Development</provider-org><description>Aggregated spend data - Financial Year 2009 Quarter 1</description><transaction-date iso-date="2009-06-30"/></transaction><transaction><value currency="GBP" value-date="2009-12-31">163927</value><transaction-type code="D">Disbursement</transaction-type><provider-org ref="GB-1">Department for International Development</provider-org><description>Aggregated spend data - Financial Year 2009 Quarter 3</description><transaction-date iso-date="2009-12-31"/></transaction><transaction><value currency="GBP" value-date="2010-03-31">503720</value><transaction-type code="D">Disbursement</transaction-type><provider-org ref="GB-1">Department for International Development</provider-org><description>Aggregated spend data - Financial Year 2009 Quarter 4</description><transaction-date iso-date="2010-03-31"/></transaction><transaction><value currency="GBP" value-date="2010-12-21">4954</value><transaction-type code="D">Disbursement</transaction-type><provider-org ref="GB-1">Department for International Development</provider-org><receiver-org ref="22000">Donor country-based NGO</receiver-org><description>Aid to civil society organisations / NGOs</description><transaction-date iso-date="2010-12-21"/></transaction><budget type="Original"><period-start iso-date="2007-04-01"/><period-end iso-date="2008-03-31"/><value value-date="2007-04-01" currency="GBP">747431</value></budget><budget type="Revised"><period-start iso-date="2008-04-01"/><period-end iso-date="2009-03-31"/><value value-date="2008-04-01" currency="GBP">1265031</value></budget><budget type="Revised"><period-start iso-date="2009-04-01"/><period-end iso-date="2010-03-31"/><value value-date="2009-04-01" currency="GBP">1356308</value></budget><budget type="Revised"><period-start iso-date="2010-04-01"/><period-end iso-date="2011-03-31"/><value value-date="2010-04-01" currency="GBP">4954</value></budget><related-activity ref="GB-1-113433" type="1">Niger Disaster Risk Reduction Programme By a Care Led NGO Consortium</related-activity><legacy-data name="72010 Material Relief Assistance and Services, Humanitarian (MDG Humanitarian)" value="72010" iati-equivalent="sector">30%</legacy-data><legacy-data name="74010 Disaster Prevention and Preparedness (Climate Change Non ICF)" value="74010" iati-equivalent="sector">70%</legacy-data></iati-activity><iati-activity xml:lang="en" default-currency="GBP" hierarchy="1"><reporting-org ref="GB-1" type="10">Department for International Development</reporting-org><participating-org ref="GB" type="10" role="Funding">UNITED KINGDOM</participating-org><participating-org ref="GB-1" type="10" role="Extending">Department for International Development</participating-org><iati-identifier>GB-1-200280</iati-identifier><other-identifier owner-ref="GB-1" owner-name="DFID">200280</other-identifier><title>Niger : Support to Girls' Basic Education</title><description>To accelerate progress towards Education &amp; Gender MDGs in Niger</description><activity-date type="end-actual">2012-01-31</activity-date><activity-date type="end-planned">2012-01-31</activity-date><activity-date type="start-actual">2008-12-19</activity-date><activity-date type="start-planned">2008-12-17</activity-date><activity-status code="4">Post-completion</activity-status><contact-info><organisation>Department for International Development</organisation><telephone>+44 (0) 1355 84 3132</telephone><email>enquiry@dfid.gov.uk</email><mailing-address>Public Enquiry Point, Abercrombie House, Eaglesham Road, East Kilbride, Glasgow G75 8EA</mailing-address></contact-info><default-tied-status code="5">Untied</default-tied-status><related-activity ref="GB-1-200280-101" type="2">Sector Budget Support to Girls Education</related-activity><document-link url="http://projects.dfid.gov.uk/IATI/document/3716621" format="application/vnd.ms-excel"><title>Project completion review 200280.xls</title></document-link></iati-activity><iati-activity xml:lang="en" default-currency="GBP" hierarchy="2"><reporting-org ref="GB-1" type="10">Department for International Development</reporting-org><participating-org ref="GB" type="10" role="Funding">UNITED KINGDOM</participating-org><participating-org ref="GB-1" type="10" role="Extending">Department for International Development</participating-org><participating-org ref="13000" role="Implementing">Third Country Government (Delegated co-operation)</participating-org><recipient-country code="NE">Niger</recipient-country><collaboration-type code="1">Bilateral</collaboration-type><default-flow-type code="10">ODA</default-flow-type><default-aid-type code="A02">Sector budget support</default-aid-type><default-finance-type code="110">Aid grant excluding debt reorganisation</default-finance-type><iati-identifier>GB-1-200280-101</iati-identifier><other-identifier owner-ref="GB-1" owner-name="DFID">200280-101</other-identifier><title>Sector Budget Support to Girls Education</title><sector code="11110">Education policy and administrative management</sector><activity-date type="end-actual">2012-01-30</activity-date><activity-date type="end-planned">2012-01-30</activity-date><activity-date type="start-actual">2008-12-18</activity-date><activity-date type="start-planned">2008-12-18</activity-date><activity-status code="4">Post-completion</activity-status><contact-info><organisation>Department for International Development</organisation><telephone>+44 (0) 1355 84 3132</telephone><email>enquiry@dfid.gov.uk</email><mailing-address>Public Enquiry Point, Abercrombie House, Eaglesham Road, East Kilbride, Glasgow G75 8EA</mailing-address></contact-info><default-tied-status code="5">Untied</default-tied-status><policy-marker code="1" vocabulary="DAC" significance="2">Gender Equality</policy-marker><policy-marker code="2" vocabulary="DAC" significance="0">Aid to Environment</policy-marker><policy-marker code="3" vocabulary="DAC" significance="0">Participatory Development/Good Governance</policy-marker><policy-marker code="4" vocabulary="DAC" significance="0">Trade Development</policy-marker><policy-marker code="5" vocabulary="DAC" significance="0">Aid Targeting the Objectives of the Convention on Biological Diversity</policy-marker><policy-marker code="6" vocabulary="DAC" significance="0">Aid Targeting the Objectives of the Framework Convention on Climate Change - Mitigation</policy-marker><policy-marker code="7" vocabulary="DAC" significance="0">Aid Targeting the Objectives of the Framework Convention on Climate Change - Adaptation</policy-marker><policy-marker code="8" vocabulary="DAC" significance="0">Aid Targeting the Objectives of the Convention to Combat Desertification</policy-marker><transaction><value value-date="2021-04-01">2490000</value><transaction-type code="C">Commitment</transaction-type><transaction-date iso-date="2008-12-18">Total Commitment to 30 Jan 2012</transaction-date></transaction><transaction><value currency="GBP" value-date="2008-12-31">986000</value><transaction-type code="D">Disbursement</transaction-type><provider-org ref="GB-1">Department for International Development</provider-org><description>Aggregated spend data - Financial Year 2008 Quarter 3</description><transaction-date iso-date="2008-12-31"/></transaction><transaction><value currency="GBP" value-date="2009-09-30">868350</value><transaction-type code="D">Disbursement</transaction-type><provider-org ref="GB-1">Department for International Development</provider-org><description>Aggregated spend data - Financial Year 2009 Quarter 2</description><transaction-date iso-date="2009-09-30"/></transaction><transaction><value currency="GBP" value-date="2012-01-25">32576</value><transaction-type code="D">Disbursement</transaction-type><provider-org ref="GB-1">Department for International Development</provider-org><receiver-org ref="13000">Third Country Government (Delegated co-operation)</receiver-org><description>Aid to partner government</description><transaction-date iso-date="2012-01-25"/></transaction><budget type="Revised"><period-start iso-date="2001-04-01"/><period-end iso-date="2002-03-31"/><value value-date="2001-04-01" currency="GBP">-126190</value></budget><budget type="Revised"><period-start iso-date="2002-04-01"/><period-end iso-date="2003-03-31"/><value value-date="2002-04-01" currency="GBP">-126190</value></budget><budget type="Revised"><period-start iso-date="2003-04-01"/><period-end iso-date="2004-03-31"/><value value-date="2003-04-01" currency="GBP">-126190</value></budget><budget type="Revised"><period-start iso-date="2004-04-01"/><period-end iso-date="2005-03-31"/><value value-date="2004-04-01" currency="GBP">-126190</value></budget><budget type="Revised"><period-start iso-date="2005-04-01"/><period-end iso-date="2006-03-31"/><value value-date="2005-04-01" currency="GBP">-126190</value></budget><budget type="Revised"><period-start iso-date="2006-04-01"/><period-end iso-date="2007-03-31"/><value value-date="2006-04-01" currency="GBP">-126190</value></budget><budget type="Revised"><period-start iso-date="2007-04-01"/><period-end iso-date="2008-03-31"/><value value-date="2007-04-01" currency="GBP">-126190</value></budget><budget type="Revised"><period-start iso-date="2008-04-01"/><period-end iso-date="2009-03-31"/><value value-date="2008-04-01" currency="GBP">-740190</value></budget><budget type="Revised"><period-start iso-date="2009-04-01"/><period-end iso-date="2010-03-31"/><value value-date="2009-04-01" currency="GBP">487809</value></budget><budget type="Revised"><period-start iso-date="2010-04-01"/><period-end iso-date="2011-03-31"/><value value-date="2010-04-01" currency="GBP">2213809</value></budget><budget type="Revised"><period-start iso-date="2011-04-01"/><period-end iso-date="2012-03-31"/><value value-date="2011-04-01" currency="GBP">2673809</value></budget><budget type="Revised"><period-start iso-date="2012-04-01"/><period-end iso-date="2013-03-31"/><value value-date="2012-04-01" currency="GBP">-126190</value></budget><budget type="Revised"><period-start iso-date="2013-04-01"/><period-end iso-date="2014-03-31"/><value value-date="2013-04-01" currency="GBP">-126190</value></budget><budget type="Revised"><period-start iso-date="2014-04-01"/><period-end iso-date="2015-03-31"/><value value-date="2014-04-01" currency="GBP">-126190</value></budget><budget type="Revised"><period-start iso-date="2015-04-01"/><period-end iso-date="2016-03-31"/><value value-date="2015-04-01" currency="GBP">-126190</value></budget><budget type="Revised"><period-start iso-date="2016-04-01"/><period-end iso-date="2017-03-31"/><value value-date="2016-04-01" currency="GBP">-126190</value></budget><budget type="Revised"><period-start iso-date="2017-04-01"/><period-end iso-date="2018-03-31"/><value value-date="2017-04-01" currency="GBP">-126190</value></budget><budget type="Revised"><period-start iso-date="2018-04-01"/><period-end iso-date="2019-03-31"/><value value-date="2018-04-01" currency="GBP">-126190</value></budget><budget type="Revised"><period-start iso-date="2019-04-01"/><period-end iso-date="2020-03-31"/><value value-date="2019-04-01" currency="GBP">-126190</value></budget><budget type="Revised"><period-start iso-date="2020-04-01"/><period-end iso-date="2021-03-31"/><value value-date="2020-04-01" currency="GBP">-126190</value></budget><budget type="Revised"><period-start iso-date="2021-04-01"/><period-end iso-date="2022-03-31"/><value value-date="2021-04-01" currency="GBP">-126190</value></budget><related-activity ref="GB-1-200280" type="1">Niger : Support to Girls' Basic Education</related-activity><legacy-data name="11110 Education Policy and Administrative Management (MDG Education)" value="11110" iati-equivalent="sector"/></iati-activity><iati-activity xml:lang="en" default-currency="GBP" hierarchy="1"><reporting-org ref="GB-1" type="10">Department for International Development</reporting-org><participating-org ref="GB" type="10" role="Funding">UNITED KINGDOM</participating-org><participating-org ref="GB-1" type="10" role="Extending">Department for International Development</participating-org><iati-identifier>GB-1-201639</iati-identifier><other-identifier owner-ref="GB-1" owner-name="DFID">201639</other-identifier><title>FAO Immediate Support for Endangered Livelihoods of Food Insecure Farmers and Pastoralists in Niger: 2010</title><description>To urgently contribute to safeguarding the livelihoods of vulnerable populations located in the agricultural deficit areas of Niger and to reduce the risks of malnutrition and food insecurity through increased agricultural production</description><activity-date type="end-actual">2010-12-31</activity-date><activity-date type="end-planned">2010-12-31</activity-date><activity-date type="start-actual">2010-03-09</activity-date><activity-date type="start-planned">2010-03-01</activity-date><activity-status code="4">Post-completion</activity-status><contact-info><organisation>Department for International Development</organisation><telephone>+44 (0) 1355 84 3132</telephone><email>enquiry@dfid.gov.uk</email><mailing-address>Public Enquiry Point, Abercrombie House, Eaglesham Road, East Kilbride, Glasgow G75 8EA</mailing-address></contact-info><default-tied-status code="5">Untied</default-tied-status><related-activity ref="GB-1-201639-101" type="2">FAO Emergency Distribution of Food Crop Seeds to Vulnerable Households Affected By Critical Agricultural Production Deficit in Niger</related-activity></iati-activity><iati-activity xml:lang="en" default-currency="GBP" hierarchy="2"><reporting-org ref="GB-1" type="10">Department for International Development</reporting-org><participating-org ref="GB" type="10" role="Funding">UNITED KINGDOM</participating-org><participating-org ref="GB-1" type="10" role="Extending">Department for International Development</participating-org><participating-org ref="41301" role="Implementing">Food and Agricultural Organisation</participating-org><recipient-country code="NE">Niger</recipient-country><collaboration-type code="1">Bilateral</collaboration-type><default-flow-type code="10">ODA</default-flow-type><default-aid-type code="C01">Project-type interventions</default-aid-type><default-finance-type code="110">Aid grant excluding debt reorganisation</default-finance-type><iati-identifier>GB-1-201639-101</iati-identifier><other-identifier owner-ref="GB-1" owner-name="DFID">201639-101</other-identifier><title>FAO Emergency Distribution of Food Crop Seeds to Vulnerable Households Affected By Critical Agricultural Production Deficit in Niger</title><sector code="72010">Material relief assistance and services</sector><activity-date type="end-actual">2010-12-31</activity-date><activity-date type="end-planned">2010-12-31</activity-date><activity-date type="start-actual">2010-03-01</activity-date><activity-date type="start-planned">2010-03-01</activity-date><activity-status code="4">Post-completion</activity-status><contact-info><organisation>Department for International Development</organisation><telephone>+44 (0) 1355 84 3132</telephone><email>enquiry@dfid.gov.uk</email><mailing-address>Public Enquiry Point, Abercrombie House, Eaglesham Road, East Kilbride, Glasgow G75 8EA</mailing-address></contact-info><default-tied-status code="5">Untied</default-tied-status><policy-marker code="1" vocabulary="DAC" significance="0">Gender Equality</policy-marker><policy-marker code="2" vocabulary="DAC" significance="0">Aid to Environment</policy-marker><policy-marker code="3" vocabulary="DAC" significance="0">Participatory Development/Good Governance</policy-marker><policy-marker code="4" vocabulary="DAC" significance="0">Trade Development</policy-marker><policy-marker code="5" vocabulary="DAC" significance="0">Aid Targeting the Objectives of the Convention on Biological Diversity</policy-marker><policy-marker code="6" vocabulary="DAC" significance="0">Aid Targeting the Objectives of the Framework Convention on Climate Change - Mitigation</policy-marker><policy-marker code="7" vocabulary="DAC" significance="0">Aid Targeting the Objectives of the Framework Convention on Climate Change - Adaptation</policy-marker><policy-marker code="8" vocabulary="DAC" significance="0">Aid Targeting the Objectives of the Convention to Combat Desertification</policy-marker><transaction><value value-date="2009-04-01">910000</value><transaction-type code="C">Commitment</transaction-type><transaction-date iso-date="2010-03-01">Total Commitment to 31 Dec 2010</transaction-date></transaction><transaction><value currency="GBP" value-date="2010-03-31">910000</value><transaction-type code="D">Disbursement</transaction-type><provider-org ref="GB-1">Department for International Development</provider-org><description>Aggregated spend data - Financial Year 2009 Quarter 4</description><transaction-date iso-date="2010-03-31"/></transaction><budget type="Original"><period-start iso-date="2009-04-01"/><period-end iso-date="2010-03-31"/><value value-date="2009-04-01" currency="GBP">910000</value></budget><related-activity ref="GB-1-201639" type="1">FAO Immediate Support for Endangered Livelihoods of Food Insecure Farmers and Pastoralists in Niger: 2010</related-activity><legacy-data name="72010 Material Relief Assistance and Services, Humanitarian (MDG Humanitarian)" value="72010" iati-equivalent="sector"/></iati-activity><iati-activity xml:lang="en" default-currency="GBP" hierarchy="1"><reporting-org ref="GB-1" type="10">Department for International Development</reporting-org><participating-org ref="GB" type="10" role="Funding">UNITED KINGDOM</participating-org><participating-org ref="GB-1" type="10" role="Extending">Department for International Development</participating-org><iati-identifier>GB-1-201785</iati-identifier><other-identifier owner-ref="GB-1" owner-name="DFID">201785</other-identifier><title>Niger Disaster Risk Reduction Programme Phase 2 By a Care Led NGO Consortium</title><description>To Reduce Chronic Vulnerability Through Strengthening Disaster Risk reduction Approaches for Vulnerable Populations in Niger</description><activity-date type="end-actual">2011-04-30</activity-date><activity-date type="end-planned">2011-04-30</activity-date><activity-date type="start-actual">2010-05-11</activity-date><activity-date type="start-planned">2010-05-01</activity-date><activity-status code="4">Post-completion</activity-status><contact-info><organisation>Department for International Development</organisation><telephone>+44 (0) 1355 84 3132</telephone><email>enquiry@dfid.gov.uk</email><mailing-address>Public Enquiry Point, Abercrombie House, Eaglesham Road, East Kilbride, Glasgow G75 8EA</mailing-address></contact-info><default-tied-status code="5">Untied</default-tied-status><related-activity ref="GB-1-201785-101" type="2">Niger Disaster Risk Reduction Phase 2 Led By a Consortium Managed By Care</related-activity></iati-activity><iati-activity xml:lang="en" default-currency="GBP" hierarchy="2"><reporting-org ref="GB-1" type="10">Department for International Development</reporting-org><participating-org ref="GB" type="10" role="Funding">UNITED KINGDOM</participating-org><participating-org ref="GB-1" type="10" role="Extending">Department for International Development</participating-org><participating-org ref="22000" role="Implementing">Donor country-based NGO</participating-org><recipient-country code="NE">Niger</recipient-country><collaboration-type code="5">Aid through NGOs</collaboration-type><default-flow-type code="10">ODA</default-flow-type><default-aid-type code="C01">Project-type interventions</default-aid-type><default-finance-type code="110">Aid grant excluding debt reorganisation</default-finance-type><iati-identifier>GB-1-201785-101</iati-identifier><other-identifier owner-ref="GB-1" owner-name="DFID">201785-101</other-identifier><title>Niger Disaster Risk Reduction Phase 2 Led By a Consortium Managed By Care</title><sector code="74010" percentage="70">Disaster prevention and preparedness</sector><sector code="41030" percentage="30">Bio-diversity</sector><activity-date type="end-actual">2011-04-30</activity-date><activity-date type="end-planned">2011-04-30</activity-date><activity-date type="start-actual">2010-05-01</activity-date><activity-date type="start-planned">2010-05-01</activity-date><activity-status code="4">Post-completion</activity-status><contact-info><organisation>Department for International Development</organisation><telephone>+44 (0) 1355 84 3132</telephone><email>enquiry@dfid.gov.uk</email><mailing-address>Public Enquiry Point, Abercrombie House, Eaglesham Road, East Kilbride, Glasgow G75 8EA</mailing-address></contact-info><default-tied-status code="5">Untied</default-tied-status><policy-marker code="1" vocabulary="DAC" significance="0">Gender Equality</policy-marker><policy-marker code="2" vocabulary="DAC" significance="1">Aid to Environment</policy-marker><policy-marker code="3" vocabulary="DAC" significance="0">Participatory Development/Good Governance</policy-marker><policy-marker code="4" vocabulary="DAC" significance="0">Trade Development</policy-marker><policy-marker code="5" vocabulary="DAC" significance="0">Aid Targeting the Objectives of the Convention on Biological Diversity</policy-marker><policy-marker code="6" vocabulary="DAC" significance="0">Aid Targeting the Objectives of the Framework Convention on Climate Change - Mitigation</policy-marker><policy-marker code="7" vocabulary="DAC" significance="1">Aid Targeting the Objectives of the Framework Convention on Climate Change - Adaptation</policy-marker><policy-marker code="8" vocabulary="DAC" significance="1">Aid Targeting the Objectives of the Convention to Combat Desertification</policy-marker><transaction><value value-date="2011-04-01">1010316</value><transaction-type code="C">Commitment</transaction-type><transaction-date iso-date="2010-05-01">Total Commitment to 30 Apr 2011</transaction-date></transaction><transaction><value currency="GBP" value-date="2010-07-01">298033</value><transaction-type code="D">Disbursement</transaction-type><provider-org ref="GB-1">Department for International Development</provider-org><receiver-org ref="22000">Donor country-based NGO</receiver-org><description>Aid to civil society organisations / NGOs</description><transaction-date iso-date="2010-07-01"/></transaction><transaction><value currency="GBP" value-date="2010-09-01">343828</value><transaction-type code="D">Disbursement</transaction-type><provider-org ref="GB-1">Department for International Development</provider-org><receiver-org ref="22000">Donor country-based NGO</receiver-org><description>Aid to civil society organisations / NGOs</description><transaction-date iso-date="2010-09-01"/></transaction><transaction><value currency="GBP" value-date="2011-03-18">359358</value><transaction-type code="D">Disbursement</transaction-type><provider-org ref="GB-1">Department for International Development</provider-org><receiver-org ref="22000">Donor country-based NGO</receiver-org><description>Aid to civil society organisations / NGOs</description><transaction-date iso-date="2011-03-18"/></transaction><transaction><value currency="GBP" value-date="2011-04-26">-59562</value><transaction-type code="D">Disbursement</transaction-type><provider-org ref="GB-1">Department for International Development</provider-org><receiver-org>Journal Transaction</receiver-org><description>Aid to civil society organisations / NGOs</description><transaction-date iso-date="2011-04-26"/></transaction><transaction><value currency="GBP" value-date="2011-04-26">16651</value><transaction-type code="D">Disbursement</transaction-type><provider-org ref="GB-1">Department for International Development</provider-org><receiver-org>Journal Transaction</receiver-org><description>Aid to civil society organisations / NGOs</description><transaction-date iso-date="2011-04-26"/></transaction><transaction><value currency="GBP" value-date="2011-04-28">-16651</value><transaction-type code="D">Disbursement</transaction-type><provider-org ref="GB-1">Department for International Development</provider-org><receiver-org>Journal Transaction</receiver-org><description>Aid to civil society organisations / NGOs</description><transaction-date iso-date="2011-04-28"/></transaction><transaction><value currency="GBP" value-date="2011-04-28">59562</value><transaction-type code="D">Disbursement</transaction-type><provider-org ref="GB-1">Department for International Development</provider-org><receiver-org>Journal Transaction</receiver-org><description>Aid to civil society organisations / NGOs</description><transaction-date iso-date="2011-04-28"/></transaction><transaction><value currency="GBP" value-date="2011-08-25">9096</value><transaction-type code="D">Disbursement</transaction-type><provider-org ref="GB-1">Department for International Development</provider-org><receiver-org ref="22000">Donor country-based NGO</receiver-org><description>Aid to civil society organisations / NGOs</description><transaction-date iso-date="2011-08-25"/></transaction><budget type="Revised"><period-start iso-date="2010-04-01"/><period-end iso-date="2011-03-31"/><value value-date="2010-04-01" currency="GBP">958309</value></budget><budget type="Revised"><period-start iso-date="2011-04-01"/><period-end iso-date="2012-03-31"/><value value-date="2011-04-01" currency="GBP">52006</value></budget><related-activity ref="GB-1-201785" type="1">Niger Disaster Risk Reduction Programme Phase 2 By a Care Led NGO Consortium</related-activity><legacy-data name="41032 Climate Change, Environment (Climate Change ICF)" value="41032" iati-equivalent="sector">30%</legacy-data><legacy-data name="74010 Disaster Prevention and Preparedness (Climate Change Non ICF)" value="74010" iati-equivalent="sector">70%</legacy-data></iati-activity></iati-activities>