<iati-activities version="1.01" generated-datetime="2013-03-28T16:48:56Z"><ir:registry-record xml:lang="en" file-id="GB-1" source-url="http://projects.dfid.gov.uk/iati/Country/NI" publisher-id="GB-1" publisher-role="Funding" contact-email="ppisupport@dfid.gov.uk" donor-id="GB-1" donor-type="10" title="DFID Activity File" activity-period="All Periods" last-updated-datetime="2013-03-28T16:48:56Z" generated-datetime="2013-03-28T16:48:56Z" verification-status="1" format="xml" license="IATI" xmlns:ir="http://iatiregistry.org/ns/record#"/><iati-activity xml:lang="en" default-currency="GBP" hierarchy="1"><reporting-org ref="GB-1" type="10">Department for International Development</reporting-org><participating-org ref="GB" type="10" role="Funding">UNITED KINGDOM</participating-org><participating-org ref="GB-1" type="10" role="Extending">Department for International Development</participating-org><iati-identifier>GB-1-106905</iati-identifier><other-identifier owner-ref="GB-1" owner-name="DFID">106905</other-identifier><title>HIV/AIDS in Nicaragua</title><description>To provide rapid and effective response to HIV and AIDS in Nicaragua</description><activity-date type="end-actual">2010-04-30</activity-date><activity-date type="end-planned">2010-04-30</activity-date><activity-date type="start-actual">2006-02-24</activity-date><activity-date type="start-planned">2006-01-01</activity-date><activity-status code="4">Post-completion</activity-status><contact-info><organisation>Department for International Development</organisation><telephone>+44 (0) 1355 84 3132</telephone><email>enquiry@dfid.gov.uk</email><mailing-address>Public Enquiry Point, Abercrombie House, Eaglesham Road, East Kilbride, Glasgow G75 8EA</mailing-address></contact-info><default-tied-status code="5">Untied</default-tied-status><related-activity ref="GB-1-106905-102" type="2">MULTILATORGANISATION and P0300 for HIV/AIDS in Nicaragua</related-activity><related-activity ref="GB-1-106905-103" type="2">Accountable Grant Ag5096: HIV AIDS Prevention and Solidarity With People Living With AIDS From Faith Based Communities in Managua</related-activity></iati-activity><iati-activity xml:lang="en" default-currency="GBP" hierarchy="2"><reporting-org ref="GB-1" type="10">Department for International Development</reporting-org><participating-org ref="GB" type="10" role="Funding">UNITED KINGDOM</participating-org><participating-org ref="GB-1" type="10" role="Extending">Department for International Development</participating-org><participating-org ref="41114" role="Implementing">United Nations Development Programme</participating-org><recipient-country code="NI">Nicaragua</recipient-country><collaboration-type code="1">Bilateral</collaboration-type><default-flow-type code="10">ODA</default-flow-type><default-aid-type code="C01">Project-type interventions</default-aid-type><default-finance-type code="110">Aid grant excluding debt reorganisation</default-finance-type><iati-identifier>GB-1-106905-102</iati-identifier><other-identifier owner-ref="GB-1" owner-name="DFID">106905-102</other-identifier><title>MULTILATORGANISATION and P0300 for HIV/AIDS in Nicaragua</title><sector code="13040" percentage="70">STD control including HIV/Aids</sector><sector code="12261" percentage="20">Health education</sector><sector code="12220" percentage="5">Basic health care</sector><sector code="12281" percentage="5">Health personnel development</sector><activity-date type="end-actual">2010-04-30</activity-date><activity-date type="end-planned">2010-04-30</activity-date><activity-date type="start-actual">2006-01-01</activity-date><activity-date type="start-planned">2006-01-01</activity-date><activity-status code="4">Post-completion</activity-status><contact-info><organisation>Department for International Development</organisation><telephone>+44 (0) 1355 84 3132</telephone><email>enquiry@dfid.gov.uk</email><mailing-address>Public Enquiry Point, Abercrombie House, Eaglesham Road, East Kilbride, Glasgow G75 8EA</mailing-address></contact-info><default-tied-status code="5">Untied</default-tied-status><policy-marker code="1" vocabulary="DAC" significance="0">Gender Equality</policy-marker><policy-marker code="2" vocabulary="DAC" significance="0">Aid to Environment</policy-marker><policy-marker code="3" vocabulary="DAC" significance="0">Participatory Development/Good Governance</policy-marker><policy-marker code="4" vocabulary="DAC" significance="0">Trade Development</policy-marker><policy-marker code="5" vocabulary="DAC" significance="0">Aid Targeting the Objectives of the Convention on Biological Diversity</policy-marker><policy-marker code="6" vocabulary="DAC" significance="0">Aid Targeting the Objectives of the Framework Convention on Climate Change - Mitigation</policy-marker><policy-marker code="7" vocabulary="DAC" significance="0">Aid Targeting the Objectives of the Framework Convention on Climate Change - Adaptation</policy-marker><policy-marker code="8" vocabulary="DAC" significance="0">Aid Targeting the Objectives of the Convention to Combat Desertification</policy-marker><transaction><value value-date="2009-04-01">1022701</value><transaction-type code="C">Commitment</transaction-type><transaction-date iso-date="2006-01-01">Total Commitment to 30 Apr 2010</transaction-date></transaction><transaction><value currency="GBP" value-date="2006-03-31">330913</value><transaction-type code="D">Disbursement</transaction-type><provider-org ref="GB-1">Department for International Development</provider-org><description>Aggregated spend data - Financial Year 2005 Quarter 4</description><transaction-date iso-date="2006-03-31"/></transaction><transaction><value currency="GBP" value-date="2007-03-31">376523</value><transaction-type code="D">Disbursement</transaction-type><provider-org ref="GB-1">Department for International Development</provider-org><description>Aggregated spend data - Financial Year 2006 Quarter 4</description><transaction-date iso-date="2007-03-31"/></transaction><transaction><value currency="GBP" value-date="2008-09-30">57273</value><transaction-type code="D">Disbursement</transaction-type><provider-org ref="GB-1">Department for International Development</provider-org><description>Aggregated spend data - Financial Year 2008 Quarter 2</description><transaction-date iso-date="2008-09-30"/></transaction><transaction><value currency="GBP" value-date="2009-03-31">110219</value><transaction-type code="D">Disbursement</transaction-type><provider-org ref="GB-1">Department for International Development</provider-org><description>Aggregated spend data - Financial Year 2008 Quarter 4</description><transaction-date iso-date="2009-03-31"/></transaction><transaction><value currency="GBP" value-date="2009-06-30">-1560</value><transaction-type code="D">Disbursement</transaction-type><provider-org ref="GB-1">Department for International Development</provider-org><description>Aggregated spend data - Financial Year 2009 Quarter 1</description><transaction-date iso-date="2009-06-30"/></transaction><transaction><value currency="GBP" value-date="2009-09-30">113129</value><transaction-type code="D">Disbursement</transaction-type><provider-org ref="GB-1">Department for International Development</provider-org><description>Aggregated spend data - Financial Year 2009 Quarter 2</description><transaction-date iso-date="2009-09-30"/></transaction><transaction><value currency="GBP" value-date="2010-03-31">-32959</value><transaction-type code="D">Disbursement</transaction-type><provider-org ref="GB-1">Department for International Development</provider-org><description>Aggregated spend data - Financial Year 2009 Quarter 4</description><transaction-date iso-date="2010-03-31"/></transaction><budget type="Original"><period-start iso-date="2005-04-01"/><period-end iso-date="2006-03-31"/><value value-date="2005-04-01" currency="GBP">330913</value></budget><budget type="Original"><period-start iso-date="2006-04-01"/><period-end iso-date="2007-03-31"/><value value-date="2006-04-01" currency="GBP">376523</value></budget><budget type="Original"><period-start iso-date="2008-04-01"/><period-end iso-date="2009-03-31"/><value value-date="2008-04-01" currency="GBP">280622</value></budget><budget type="Revised"><period-start iso-date="2009-04-01"/><period-end iso-date="2010-03-31"/><value value-date="2009-04-01" currency="GBP">34642</value></budget><related-activity ref="GB-1-106905" type="1">HIV/AIDS in Nicaragua</related-activity><related-activity ref="GB-1-106905-103" type="3">Accountable Grant Ag5096: HIV AIDS Prevention and Solidarity With People Living With AIDS From Faith Based Communities in Managua</related-activity><legacy-data name="12220 Basic Health Care (MDG Other Health)" value="12220" iati-equivalent="sector">5%</legacy-data><legacy-data name="12261 Health Education (MDG Other Health)" value="12261" iati-equivalent="sector">20%</legacy-data><legacy-data name="12281 Health Personnel Development (MDG Other Health)" value="12281" iati-equivalent="sector">5%</legacy-data><legacy-data name="13041 HIV/AIDS including STD Prevention, Health (MDG Hiv/Aids)" value="13041" iati-equivalent="sector">70%</legacy-data></iati-activity><iati-activity xml:lang="en" default-currency="GBP" hierarchy="2"><reporting-org ref="GB-1" type="10">Department for International Development</reporting-org><participating-org ref="GB" type="10" role="Funding">UNITED KINGDOM</participating-org><participating-org ref="GB-1" type="10" role="Extending">Department for International Development</participating-org><participating-org ref="22000" role="Implementing">Donor country-based NGO</participating-org><recipient-country code="NI">Nicaragua</recipient-country><collaboration-type code="5">Aid through NGOs</collaboration-type><default-flow-type code="10">ODA</default-flow-type><default-aid-type code="C01">Project-type interventions</default-aid-type><default-finance-type code="110">Aid grant excluding debt reorganisation</default-finance-type><iati-identifier>GB-1-106905-103</iati-identifier><other-identifier owner-ref="GB-1" owner-name="DFID">106905-103</other-identifier><title>Accountable Grant Ag5096: HIV AIDS Prevention and Solidarity With People Living With AIDS From Faith Based Communities in Managua</title><sector code="13040" percentage="70">STD control including HIV/Aids</sector><sector code="12261" percentage="20">Health education</sector><sector code="12220" percentage="5">Basic health care</sector><sector code="12281" percentage="5">Health personnel development</sector><activity-date type="end-actual">2010-04-30</activity-date><activity-date type="end-planned">2010-04-30</activity-date><activity-date type="start-actual">2006-01-01</activity-date><activity-date type="start-planned">2006-01-01</activity-date><activity-status code="4">Post-completion</activity-status><contact-info><organisation>Department for International Development</organisation><telephone>+44 (0) 1355 84 3132</telephone><email>enquiry@dfid.gov.uk</email><mailing-address>Public Enquiry Point, Abercrombie House, Eaglesham Road, East Kilbride, Glasgow G75 8EA</mailing-address></contact-info><default-tied-status code="5">Untied</default-tied-status><policy-marker code="1" vocabulary="DAC" significance="0">Gender Equality</policy-marker><policy-marker code="2" vocabulary="DAC" significance="0">Aid to Environment</policy-marker><policy-marker code="3" vocabulary="DAC" significance="0">Participatory Development/Good Governance</policy-marker><policy-marker code="4" vocabulary="DAC" significance="0">Trade Development</policy-marker><policy-marker code="5" vocabulary="DAC" significance="0">Aid Targeting the Objectives of the Convention on Biological Diversity</policy-marker><policy-marker code="6" vocabulary="DAC" significance="0">Aid Targeting the Objectives of the Framework Convention on Climate Change - Mitigation</policy-marker><policy-marker code="7" vocabulary="DAC" significance="0">Aid Targeting the Objectives of the Framework Convention on Climate Change - Adaptation</policy-marker><policy-marker code="8" vocabulary="DAC" significance="0">Aid Targeting the Objectives of the Convention to Combat Desertification</policy-marker><transaction><value value-date="2009-04-01">31298</value><transaction-type code="C">Commitment</transaction-type><transaction-date iso-date="2006-01-01">Total Commitment to 30 Apr 2010</transaction-date></transaction><transaction><value currency="GBP" value-date="2009-12-31">30104</value><transaction-type code="D">Disbursement</transaction-type><provider-org ref="GB-1">Department for International Development</provider-org><description>Aggregated spend data - Financial Year 2009 Quarter 3</description><transaction-date iso-date="2009-12-31"/></transaction><budget type="Revised"><period-start iso-date="2009-04-01"/><period-end iso-date="2010-03-31"/><value value-date="2009-04-01" currency="GBP">31298</value></budget><related-activity ref="GB-1-106905" type="1">HIV/AIDS in Nicaragua</related-activity><related-activity ref="GB-1-106905-102" type="3">MULTILATORGANISATION and P0300 for HIV/AIDS in Nicaragua</related-activity><legacy-data name="12220 Basic Health Care (MDG Other Health)" value="12220" iati-equivalent="sector">5%</legacy-data><legacy-data name="12261 Health Education (MDG Other Health)" value="12261" iati-equivalent="sector">20%</legacy-data><legacy-data name="12281 Health Personnel Development (MDG Other Health)" value="12281" iati-equivalent="sector">5%</legacy-data><legacy-data name="13041 HIV/AIDS including STD Prevention, Health (MDG Hiv/Aids)" value="13041" iati-equivalent="sector">70%</legacy-data></iati-activity><iati-activity xml:lang="en" default-currency="GBP" hierarchy="1"><reporting-org ref="GB-1" type="10">Department for International Development</reporting-org><participating-org ref="GB" type="10" role="Funding">UNITED KINGDOM</participating-org><participating-org ref="GB-1" type="10" role="Extending">Department for International Development</participating-org><iati-identifier>GB-1-113423</iati-identifier><other-identifier owner-ref="GB-1" owner-name="DFID">113423</other-identifier><title>Enhancing Micro Small and Medium Enterprise Inclusive Growth (PROPEMCE)</title><description>TO ENHANCE MSME(MICRO, SMALL AND MEDIUM ENTERPRISES) GROWTH AND THE PROVISION OF OPPORTUNITIES FOR WOMEN AND EXCLUDED POPULATIONS</description><activity-date type="end-actual">2013-03-31</activity-date><activity-date type="end-planned">2013-03-31</activity-date><activity-date type="start-actual">2009-01-01</activity-date><activity-date type="start-planned">2008-04-01</activity-date><activity-status code="2">Implementation</activity-status><contact-info><organisation>Department for International Development</organisation><telephone>+44 (0) 1355 84 3132</telephone><email>enquiry@dfid.gov.uk</email><mailing-address>Public Enquiry Point, Abercrombie House, Eaglesham Road, East Kilbride, Glasgow G75 8EA</mailing-address></contact-info><default-tied-status code="5">Untied</default-tied-status><related-activity ref="GB-1-113423-101" type="2">PROCOFSERVICES and P0300 for Enhancing Micro Small and Medium Enterprise Inclusive Growth (PROPEMCE)</related-activity><related-activity ref="GB-1-113423-102" type="2">MOU Enhancing MSME Inclusive Growth</related-activity><document-link url="http://projects.dfid.gov.uk/IATI/document/3556954" format="application/msword"><title>Annual review 113423.docx</title><category code="A08">Results, outcomes and outputs</category><category code="A07">Review of project performance and evaluation</category></document-link><document-link url="http://projects.dfid.gov.uk/IATI/document/3717471" format="application/msword"><title>Logical framework 113423.docx</title><category code="A08">Results, outcomes and outputs</category></document-link></iati-activity><iati-activity xml:lang="en" default-currency="GBP" hierarchy="2"><reporting-org ref="GB-1" type="10">Department for International Development</reporting-org><participating-org ref="GB" type="10" role="Funding">UNITED KINGDOM</participating-org><participating-org ref="GB-1" type="10" role="Extending">Department for International Development</participating-org><participating-org ref="52000" role="Implementing">Other.</participating-org><recipient-country code="NI">Nicaragua</recipient-country><collaboration-type code="1">Bilateral</collaboration-type><default-flow-type code="10">ODA</default-flow-type><default-aid-type code="C01">Project-type interventions</default-aid-type><default-finance-type code="110">Aid grant excluding debt reorganisation</default-finance-type><iati-identifier>GB-1-113423-101</iati-identifier><other-identifier owner-ref="GB-1" owner-name="DFID">113423-101</other-identifier><title>PROCOFSERVICES and P0300 for Enhancing Micro Small and Medium Enterprise Inclusive Growth (PROPEMCE)</title><sector code="32130" percentage="75">Small and medium-sized enterprises (SME) development</sector><sector code="11110" percentage="10">Education policy and administrative management</sector><sector code="43040" percentage="10">Rural development</sector><sector code="31110" percentage="5">Agricultural policy and administrative management</sector><activity-date type="end-actual">2011-03-01</activity-date><activity-date type="end-planned">2011-03-01</activity-date><activity-date type="start-actual">2008-04-01</activity-date><activity-date type="start-planned">2008-04-01</activity-date><activity-status code="2">Implementation</activity-status><contact-info><organisation>Department for International Development</organisation><telephone>+44 (0) 1355 84 3132</telephone><email>enquiry@dfid.gov.uk</email><mailing-address>Public Enquiry Point, Abercrombie House, Eaglesham Road, East Kilbride, Glasgow G75 8EA</mailing-address></contact-info><default-tied-status code="5">Untied</default-tied-status><policy-marker code="1" vocabulary="DAC" significance="1">Gender Equality</policy-marker><policy-marker code="2" vocabulary="DAC" significance="0">Aid to Environment</policy-marker><policy-marker code="3" vocabulary="DAC" significance="0">Participatory Development/Good Governance</policy-marker><policy-marker code="4" vocabulary="DAC" significance="2">Trade Development</policy-marker><policy-marker code="5" vocabulary="DAC" significance="0">Aid Targeting the Objectives of the Convention on Biological Diversity</policy-marker><policy-marker code="6" vocabulary="DAC" significance="0">Aid Targeting the Objectives of the Framework Convention on Climate Change - Mitigation</policy-marker><policy-marker code="7" vocabulary="DAC" significance="0">Aid Targeting the Objectives of the Framework Convention on Climate Change - Adaptation</policy-marker><policy-marker code="8" vocabulary="DAC" significance="0">Aid Targeting the Objectives of the Convention to Combat Desertification</policy-marker><transaction><value value-date="2009-04-01">454966</value><transaction-type code="C">Commitment</transaction-type><transaction-date iso-date="2008-04-01">Total Commitment to 01 Mar 2011</transaction-date></transaction><budget type="Original"><period-start iso-date="2007-04-01"/><period-end iso-date="2008-03-31"/><value value-date="2007-04-01" currency="GBP">35857</value></budget><budget type="Original"><period-start iso-date="2008-04-01"/><period-end iso-date="2009-03-31"/><value value-date="2008-04-01" currency="GBP">419108</value></budget><related-activity ref="GB-1-113423" type="1">Enhancing Micro Small and Medium Enterprise Inclusive Growth (PROPEMCE)</related-activity><related-activity ref="GB-1-113423-102" type="3">MOU Enhancing MSME Inclusive Growth</related-activity><legacy-data name="11110 Education Policy and Administrative Management (MDG Education)" value="11110" iati-equivalent="sector">10%</legacy-data><legacy-data name="31110 Agriculture Policy and Administrative Management (Wealth Creation)" value="31110" iati-equivalent="sector">5%</legacy-data><legacy-data name="32130 Small and Medium-Sized Enterprises (SME): Development (Wealth Creation)" value="32130" iati-equivalent="sector">75%</legacy-data><legacy-data name="43040 Rural Development (Wealth Creation)" value="43040" iati-equivalent="sector">10%</legacy-data></iati-activity><iati-activity xml:lang="en" default-currency="GBP" hierarchy="2"><reporting-org ref="GB-1" type="10">Department for International Development</reporting-org><participating-org ref="GB" type="10" role="Funding">UNITED KINGDOM</participating-org><participating-org ref="GB-1" type="10" role="Extending">Department for International Development</participating-org><participating-org ref="13000" role="Implementing">Third Country Government (Delegated co-operation)</participating-org><recipient-country code="NI">Nicaragua</recipient-country><collaboration-type code="1">Bilateral</collaboration-type><default-flow-type code="10">ODA</default-flow-type><default-aid-type code="B04">Basket funds/pooled funding</default-aid-type><default-finance-type code="110">Aid grant excluding debt reorganisation</default-finance-type><iati-identifier>GB-1-113423-102</iati-identifier><other-identifier owner-ref="GB-1" owner-name="DFID">113423-102</other-identifier><title>MOU Enhancing MSME Inclusive Growth</title><sector code="32130" percentage="75">Small and medium-sized enterprises (SME) development</sector><sector code="15110" percentage="10">Public sector policy and administrative management</sector><sector code="43040" percentage="10">Rural development</sector><sector code="31110" percentage="5">Agricultural policy and administrative management</sector><activity-date type="end-actual">2011-03-01</activity-date><activity-date type="end-planned">2011-03-01</activity-date><activity-date type="start-actual">2008-04-01</activity-date><activity-date type="start-planned">2008-04-01</activity-date><activity-status code="2">Implementation</activity-status><contact-info><organisation>Department for International Development</organisation><telephone>+44 (0) 1355 84 3132</telephone><email>enquiry@dfid.gov.uk</email><mailing-address>Public Enquiry Point, Abercrombie House, Eaglesham Road, East Kilbride, Glasgow G75 8EA</mailing-address></contact-info><default-tied-status code="5">Untied</default-tied-status><policy-marker code="1" vocabulary="DAC" significance="1">Gender Equality</policy-marker><policy-marker code="2" vocabulary="DAC" significance="0">Aid to Environment</policy-marker><policy-marker code="3" vocabulary="DAC" significance="0">Participatory Development/Good Governance</policy-marker><policy-marker code="4" vocabulary="DAC" significance="2">Trade Development</policy-marker><policy-marker code="5" vocabulary="DAC" significance="0">Aid Targeting the Objectives of the Convention on Biological Diversity</policy-marker><policy-marker code="6" vocabulary="DAC" significance="0">Aid Targeting the Objectives of the Framework Convention on Climate Change - Mitigation</policy-marker><policy-marker code="7" vocabulary="DAC" significance="0">Aid Targeting the Objectives of the Framework Convention on Climate Change - Adaptation</policy-marker><policy-marker code="8" vocabulary="DAC" significance="0">Aid Targeting the Objectives of the Convention to Combat Desertification</policy-marker><transaction><value value-date="2010-04-01">2945033</value><transaction-type code="C">Commitment</transaction-type><transaction-date iso-date="2008-04-01">Total Commitment to 01 Mar 2011</transaction-date></transaction><transaction><value currency="GBP" value-date="2009-12-31">695000</value><transaction-type code="D">Disbursement</transaction-type><provider-org ref="GB-1">Department for International Development</provider-org><description>Aggregated spend data - Financial Year 2009 Quarter 3</description><transaction-date iso-date="2009-12-31"/></transaction><transaction><value currency="GBP" value-date="2010-06-25">1500000</value><transaction-type code="D">Disbursement</transaction-type><provider-org ref="GB-1">Department for International Development</provider-org><receiver-org ref="13000">Third Country Government (Delegated co-operation)</receiver-org><description>Aid to other bilateral donors</description><transaction-date iso-date="2010-06-25"/></transaction><transaction><value currency="GBP" value-date="2010-12-14">750000</value><transaction-type code="D">Disbursement</transaction-type><provider-org ref="GB-1">Department for International Development</provider-org><receiver-org ref="13000">Third Country Government (Delegated co-operation)</receiver-org><description>Aid to other bilateral donors</description><transaction-date iso-date="2010-12-14"/></transaction><budget type="Revised"><period-start iso-date="2009-04-01"/><period-end iso-date="2010-03-31"/><value value-date="2009-04-01" currency="GBP">695033</value></budget><budget type="Revised"><period-start iso-date="2010-04-01"/><period-end iso-date="2011-03-31"/><value value-date="2010-04-01" currency="GBP">2250000</value></budget><related-activity ref="GB-1-113423" type="1">Enhancing Micro Small and Medium Enterprise Inclusive Growth (PROPEMCE)</related-activity><related-activity ref="GB-1-113423-101" type="3">PROCOFSERVICES and P0300 for Enhancing Micro Small and Medium Enterprise Inclusive Growth (PROPEMCE)</related-activity><legacy-data name="15110 Economic and Development Policy/Planning: (Governance and Security)" value="15110" iati-equivalent="sector">10%</legacy-data><legacy-data name="31110 Agriculture Policy and Administrative Management (Wealth Creation)" value="31110" iati-equivalent="sector">5%</legacy-data><legacy-data name="32130 Small and Medium-Sized Enterprises (SME): Development (Wealth Creation)" value="32130" iati-equivalent="sector">75%</legacy-data><legacy-data name="43040 Rural Development (Wealth Creation)" value="43040" iati-equivalent="sector">10%</legacy-data></iati-activity><iati-activity xml:lang="en" default-currency="GBP" hierarchy="1"><reporting-org ref="GB-1" type="10">Department for International Development</reporting-org><participating-org ref="GB" type="10" role="Funding">UNITED KINGDOM</participating-org><participating-org ref="GB-1" type="10" role="Extending">Department for International Development</participating-org><iati-identifier>GB-1-114465</iati-identifier><other-identifier owner-ref="GB-1" owner-name="DFID">114465</other-identifier><title>WB Nicaragua Trust Fund</title><description>To increase the provision of basic transport, energy and water and sanitation infrastructure and to promote the prevention of chronic malnutrition of children 0-5 years in the Caribbean coast.</description><activity-date type="end-actual">2013-09-30</activity-date><activity-date type="end-planned">2013-09-30</activity-date><activity-date type="start-actual">2009-03-12</activity-date><activity-date type="start-planned">2009-02-01</activity-date><activity-status code="2">Implementation</activity-status><contact-info><organisation>Department for International Development</organisation><telephone>+44 (0) 1355 84 3132</telephone><email>enquiry@dfid.gov.uk</email><mailing-address>Public Enquiry Point, Abercrombie House, Eaglesham Road, East Kilbride, Glasgow G75 8EA</mailing-address></contact-info><default-tied-status code="5">Untied</default-tied-status><related-activity ref="GB-1-114465-101" type="2">PROCOFSERVICES and P0300 for WB Nicaragua Trust Fund</related-activity><related-activity ref="GB-1-114465-102" type="2">MULTILATORGANISATION for WB Nicaragua Trust Fund</related-activity><document-link url="http://projects.dfid.gov.uk/IATI/document/3900898" format="application/msword"><title>Annual review 114465.doc</title><category code="A08">Results, outcomes and outputs</category><category code="A07">Review of project performance and evaluation</category></document-link></iati-activity><iati-activity xml:lang="en" default-currency="GBP" hierarchy="2"><reporting-org ref="GB-1" type="10">Department for International Development</reporting-org><participating-org ref="GB" type="10" role="Funding">UNITED KINGDOM</participating-org><participating-org ref="GB-1" type="10" role="Extending">Department for International Development</participating-org><participating-org ref="44001" role="Implementing">International Bank for Reconstruction and Development</participating-org><recipient-country code="NI">Nicaragua</recipient-country><collaboration-type code="1">Bilateral</collaboration-type><default-flow-type code="10">ODA</default-flow-type><default-aid-type code="C01">Project-type interventions</default-aid-type><default-finance-type code="110">Aid grant excluding debt reorganisation</default-finance-type><iati-identifier>GB-1-114465-101</iati-identifier><other-identifier owner-ref="GB-1" owner-name="DFID">114465-101</other-identifier><title>PROCOFSERVICES and P0300 for WB Nicaragua Trust Fund</title><sector code="14030" percentage="36">Basic drinking water supply and basic sanitation</sector><sector code="21020" percentage="23">Road transport</sector><sector code="23030" percentage="23">Power generation/renewable sources</sector><sector code="12240" percentage="18">Basic nutrition</sector><activity-date type="end-actual">2011-03-01</activity-date><activity-date type="end-planned">2011-03-01</activity-date><activity-date type="start-actual">2009-02-01</activity-date><activity-date type="start-planned">2009-02-01</activity-date><activity-status code="2">Implementation</activity-status><contact-info><organisation>Department for International Development</organisation><telephone>+44 (0) 1355 84 3132</telephone><email>enquiry@dfid.gov.uk</email><mailing-address>Public Enquiry Point, Abercrombie House, Eaglesham Road, East Kilbride, Glasgow G75 8EA</mailing-address></contact-info><default-tied-status code="5">Untied</default-tied-status><policy-marker code="1" vocabulary="DAC" significance="1">Gender Equality</policy-marker><policy-marker code="2" vocabulary="DAC" significance="0">Aid to Environment</policy-marker><policy-marker code="3" vocabulary="DAC" significance="0">Participatory Development/Good Governance</policy-marker><policy-marker code="4" vocabulary="DAC" significance="0">Trade Development</policy-marker><policy-marker code="5" vocabulary="DAC" significance="0">Aid Targeting the Objectives of the Convention on Biological Diversity</policy-marker><policy-marker code="6" vocabulary="DAC" significance="0">Aid Targeting the Objectives of the Framework Convention on Climate Change - Mitigation</policy-marker><policy-marker code="7" vocabulary="DAC" significance="0">Aid Targeting the Objectives of the Framework Convention on Climate Change - Adaptation</policy-marker><policy-marker code="8" vocabulary="DAC" significance="0">Aid Targeting the Objectives of the Convention to Combat Desertification</policy-marker><transaction><value value-date="2008-04-01">30000</value><transaction-type code="C">Commitment</transaction-type><transaction-date iso-date="2009-02-01">Total Commitment to 01 Mar 2011</transaction-date></transaction><transaction><value currency="GBP" value-date="2009-03-31">30000</value><transaction-type code="D">Disbursement</transaction-type><provider-org ref="GB-1">Department for International Development</provider-org><description>Aggregated spend data - Financial Year 2008 Quarter 4</description><transaction-date iso-date="2009-03-31"/></transaction><budget type="Original"><period-start iso-date="2008-04-01"/><period-end iso-date="2009-03-31"/><value value-date="2008-04-01" currency="GBP">30000</value></budget><related-activity ref="GB-1-114465" type="1">WB Nicaragua Trust Fund</related-activity><related-activity ref="GB-1-114465-102" type="3">MULTILATORGANISATION for WB Nicaragua Trust Fund</related-activity><legacy-data name="12240 Basic Nutrition, Health (MDG Other Health)" value="12240" iati-equivalent="sector">18%</legacy-data><legacy-data name="14030 Basic Drinking Water, (MDG Water and Sanitation)" value="14030" iati-equivalent="sector">36%</legacy-data><legacy-data name="21022 Road Transport: Rural Feeder Roads (Wealth Creation)" value="21022" iati-equivalent="sector">23%</legacy-data><legacy-data name="23030 Power Generation/Renewable Sources: Energy (Wealth Creation)" value="23030" iati-equivalent="sector">23%</legacy-data></iati-activity><iati-activity xml:lang="en" default-currency="GBP" hierarchy="2"><reporting-org ref="GB-1" type="10">Department for International Development</reporting-org><participating-org ref="GB" type="10" role="Funding">UNITED KINGDOM</participating-org><participating-org ref="GB-1" type="10" role="Extending">Department for International Development</participating-org><participating-org ref="44001" role="Implementing">International Bank for Reconstruction and Development</participating-org><recipient-country code="NI">Nicaragua</recipient-country><collaboration-type code="1">Bilateral</collaboration-type><default-flow-type code="10">ODA</default-flow-type><default-aid-type code="C01">Project-type interventions</default-aid-type><default-finance-type code="110">Aid grant excluding debt reorganisation</default-finance-type><iati-identifier>GB-1-114465-102</iati-identifier><other-identifier owner-ref="GB-1" owner-name="DFID">114465-102</other-identifier><title>MULTILATORGANISATION for WB Nicaragua Trust Fund</title><sector code="14030" percentage="24">Basic drinking water supply and basic sanitation</sector><sector code="21020" percentage="23">Road transport</sector><sector code="23020" percentage="23">Power generation/non-renewable sources</sector><sector code="12240" percentage="18">Basic nutrition</sector><sector code="99810" percentage="12">Sectors not specified</sector><activity-date type="end-actual">2011-03-01</activity-date><activity-date type="end-planned">2011-03-01</activity-date><activity-date type="start-actual">2009-02-01</activity-date><activity-date type="start-planned">2009-02-01</activity-date><activity-status code="2">Implementation</activity-status><contact-info><organisation>Department for International Development</organisation><telephone>+44 (0) 1355 84 3132</telephone><email>enquiry@dfid.gov.uk</email><mailing-address>Public Enquiry Point, Abercrombie House, Eaglesham Road, East Kilbride, Glasgow G75 8EA</mailing-address></contact-info><default-tied-status code="5">Untied</default-tied-status><policy-marker code="1" vocabulary="DAC" significance="1">Gender Equality</policy-marker><policy-marker code="2" vocabulary="DAC" significance="0">Aid to Environment</policy-marker><policy-marker code="3" vocabulary="DAC" significance="0">Participatory Development/Good Governance</policy-marker><policy-marker code="4" vocabulary="DAC" significance="0">Trade Development</policy-marker><policy-marker code="5" vocabulary="DAC" significance="0">Aid Targeting the Objectives of the Convention on Biological Diversity</policy-marker><policy-marker code="6" vocabulary="DAC" significance="0">Aid Targeting the Objectives of the Framework Convention on Climate Change - Mitigation</policy-marker><policy-marker code="7" vocabulary="DAC" significance="0">Aid Targeting the Objectives of the Framework Convention on Climate Change - Adaptation</policy-marker><policy-marker code="8" vocabulary="DAC" significance="0">Aid Targeting the Objectives of the Convention to Combat Desertification</policy-marker><transaction><value value-date="2010-04-01">4000000</value><transaction-type code="C">Commitment</transaction-type><transaction-date iso-date="2009-02-01">Total Commitment to 01 Mar 2011</transaction-date></transaction><transaction><value currency="GBP" value-date="2009-12-31">2000000</value><transaction-type code="D">Disbursement</transaction-type><provider-org ref="GB-1">Department for International Development</provider-org><description>Aggregated spend data - Financial Year 2009 Quarter 3</description><transaction-date iso-date="2009-12-31"/></transaction><transaction><value currency="GBP" value-date="2010-08-20">1000000</value><transaction-type code="D">Disbursement</transaction-type><provider-org ref="GB-1">Department for International Development</provider-org><receiver-org ref="44001">International Bank for Reconstruction and Development</receiver-org><description>Aid to international organisations</description><transaction-date iso-date="2010-08-20"/></transaction><transaction><value currency="GBP" value-date="2010-12-09">1000000</value><transaction-type code="D">Disbursement</transaction-type><provider-org ref="GB-1">Department for International Development</provider-org><receiver-org ref="44001">International Bank for Reconstruction and Development</receiver-org><description>Aid to international organisations</description><transaction-date iso-date="2010-12-09"/></transaction><budget type="Revised"><period-start iso-date="2009-04-01"/><period-end iso-date="2010-03-31"/><value value-date="2009-04-01" currency="GBP">2000000</value></budget><budget type="Revised"><period-start iso-date="2010-04-01"/><period-end iso-date="2011-03-31"/><value value-date="2010-04-01" currency="GBP">2000000</value></budget><related-activity ref="GB-1-114465" type="1">WB Nicaragua Trust Fund</related-activity><related-activity ref="GB-1-114465-101" type="3">PROCOFSERVICES and P0300 for WB Nicaragua Trust Fund</related-activity><legacy-data name="12240 Basic Nutrition, Health (MDG Other Health)" value="12240" iati-equivalent="sector">18%</legacy-data><legacy-data name="14030 Basic Drinking Water, (MDG Water and Sanitation)" value="14030" iati-equivalent="sector">24%</legacy-data><legacy-data name="21022 Road Transport: Rural Feeder Roads (Wealth Creation)" value="21022" iati-equivalent="sector">23%</legacy-data><legacy-data name="23020 Power Generation/Non-Renewable Sources: Energy (Wealth Creation)" value="23020" iati-equivalent="sector">23%</legacy-data><legacy-data name="88889 Multilateral Capacity Building and Administration (Global Partnerships)" value="88889" iati-equivalent="sector">12%</legacy-data></iati-activity><iati-activity xml:lang="en" default-currency="GBP" hierarchy="1"><reporting-org ref="GB-1" type="10">Department for International Development</reporting-org><participating-org ref="GB" type="10" role="Funding">UNITED KINGDOM</participating-org><participating-org ref="GB-1" type="10" role="Extending">Department for International Development</participating-org><iati-identifier>GB-1-201083</iati-identifier><other-identifier owner-ref="GB-1" owner-name="DFID">201083</other-identifier><title>Support to Civil Society Common Fund Nicaragua</title><description>CSOs Enabled To Enabled To Influence Public Policy</description><activity-date type="end-actual">2011-03-31</activity-date><activity-date type="end-planned">2011-03-31</activity-date><activity-date type="start-actual">2009-11-20</activity-date><activity-date type="start-planned">2009-04-01</activity-date><activity-status code="4">Post-completion</activity-status><contact-info><organisation>Department for International Development</organisation><telephone>+44 (0) 1355 84 3132</telephone><email>enquiry@dfid.gov.uk</email><mailing-address>Public Enquiry Point, Abercrombie House, Eaglesham Road, East Kilbride, Glasgow G75 8EA</mailing-address></contact-info><default-tied-status code="5">Untied</default-tied-status><related-activity ref="GB-1-201083-101" type="2">Other Bilateral Donor for Civil Society Common Fund Nicaragua</related-activity></iati-activity><iati-activity xml:lang="en" default-currency="GBP" hierarchy="2"><reporting-org ref="GB-1" type="10">Department for International Development</reporting-org><participating-org ref="GB" type="10" role="Funding">UNITED KINGDOM</participating-org><participating-org ref="GB-1" type="10" role="Extending">Department for International Development</participating-org><participating-org ref="13000" role="Implementing">Third Country Government (Delegated co-operation)</participating-org><recipient-country code="NI">Nicaragua</recipient-country><collaboration-type code="1">Bilateral</collaboration-type><default-flow-type code="10">ODA</default-flow-type><default-aid-type code="B04">Basket funds/pooled funding</default-aid-type><default-finance-type code="110">Aid grant excluding debt reorganisation</default-finance-type><iati-identifier>GB-1-201083-101</iati-identifier><other-identifier owner-ref="GB-1" owner-name="DFID">201083-101</other-identifier><title>Other Bilateral Donor for Civil Society Common Fund Nicaragua</title><sector code="15150">Democratic participation and civil society</sector><activity-date type="end-actual">2011-03-31</activity-date><activity-date type="end-planned">2011-03-31</activity-date><activity-date type="start-actual">2009-04-01</activity-date><activity-date type="start-planned">2009-04-01</activity-date><activity-status code="4">Post-completion</activity-status><contact-info><organisation>Department for International Development</organisation><telephone>+44 (0) 1355 84 3132</telephone><email>enquiry@dfid.gov.uk</email><mailing-address>Public Enquiry Point, Abercrombie House, Eaglesham Road, East Kilbride, Glasgow G75 8EA</mailing-address></contact-info><default-tied-status code="5">Untied</default-tied-status><policy-marker code="1" vocabulary="DAC" significance="1">Gender Equality</policy-marker><policy-marker code="2" vocabulary="DAC" significance="0">Aid to Environment</policy-marker><policy-marker code="3" vocabulary="DAC" significance="2">Participatory Development/Good Governance</policy-marker><policy-marker code="4" vocabulary="DAC" significance="0">Trade Development</policy-marker><policy-marker code="5" vocabulary="DAC" significance="0">Aid Targeting the Objectives of the Convention on Biological Diversity</policy-marker><policy-marker code="6" vocabulary="DAC" significance="0">Aid Targeting the Objectives of the Framework Convention on Climate Change - Mitigation</policy-marker><policy-marker code="7" vocabulary="DAC" significance="0">Aid Targeting the Objectives of the Framework Convention on Climate Change - Adaptation</policy-marker><policy-marker code="8" vocabulary="DAC" significance="0">Aid Targeting the Objectives of the Convention to Combat Desertification</policy-marker><transaction><value value-date="2010-04-01">745000</value><transaction-type code="C">Commitment</transaction-type><transaction-date iso-date="2009-04-01">Total Commitment to 31 Mar 2011</transaction-date></transaction><transaction><value currency="GBP" value-date="2009-12-31">300000</value><transaction-type code="D">Disbursement</transaction-type><provider-org ref="GB-1">Department for International Development</provider-org><description>Aggregated spend data - Financial Year 2009 Quarter 3</description><transaction-date iso-date="2009-12-31"/></transaction><transaction><value currency="GBP" value-date="2010-11-16">445000</value><transaction-type code="D">Disbursement</transaction-type><provider-org ref="GB-1">Department for International Development</provider-org><receiver-org ref="13000">Third Country Government (Delegated co-operation)</receiver-org><description>Aid to other bilateral donors</description><transaction-date iso-date="2010-11-16"/></transaction><budget type="Revised"><period-start iso-date="2009-04-01"/><period-end iso-date="2010-03-31"/><value value-date="2009-04-01" currency="GBP">300000</value></budget><budget type="Revised"><period-start iso-date="2010-04-01"/><period-end iso-date="2011-03-31"/><value value-date="2010-04-01" currency="GBP">445000</value></budget><related-activity ref="GB-1-201083" type="1">Support to Civil Society Common Fund Nicaragua</related-activity><legacy-data name="15150 Strengthening Civil Society: (Governance and Security)" value="15150" iati-equivalent="sector"/></iati-activity></iati-activities>