<iati-activities version="1.01" generated-datetime="2013-03-28T16:48:56Z"><ir:registry-record xml:lang="en" file-id="GB-1" source-url="http://projects.dfid.gov.uk/iati/Country/PH" publisher-id="GB-1" publisher-role="Funding" contact-email="ppisupport@dfid.gov.uk" donor-id="GB-1" donor-type="10" title="DFID Activity File" activity-period="All Periods" last-updated-datetime="2013-03-28T16:48:56Z" generated-datetime="2013-03-28T16:48:56Z" verification-status="1" format="xml" license="IATI" xmlns:ir="http://iatiregistry.org/ns/record#"/><iati-activity xml:lang="en" default-currency="GBP" hierarchy="1"><reporting-org ref="GB-1" type="10">Department for International Development</reporting-org><participating-org ref="GB" type="10" role="Funding">UNITED KINGDOM</participating-org><participating-org ref="GB-1" type="10" role="Extending">Department for International Development</participating-org><iati-identifier>GB-1-201217</iati-identifier><other-identifier owner-ref="GB-1" owner-name="DFID">201217</other-identifier><title>Philippines - Typhoon KETSANA Sept 2009</title><description>Provision of emergency relief for the affected population of the Philippines Ketsana</description><activity-date type="end-actual">2010-12-31</activity-date><activity-date type="end-planned">2010-12-31</activity-date><activity-date type="start-actual">2009-10-16</activity-date><activity-date type="start-planned">2009-10-07</activity-date><activity-status code="4">Post-completion</activity-status><contact-info><organisation>Department for International Development</organisation><telephone>+44 (0) 1355 84 3132</telephone><email>enquiry@dfid.gov.uk</email><mailing-address>Public Enquiry Point, Abercrombie House, Eaglesham Road, East Kilbride, Glasgow G75 8EA</mailing-address></contact-info><default-tied-status code="5">Untied</default-tied-status><related-activity ref="GB-1-201217-102" type="2">IFRC Philippines Typhoon Response</related-activity><related-activity ref="GB-1-201217-103" type="2">Oxfam Philippines Typhoon KETSANA Response</related-activity></iati-activity><iati-activity xml:lang="en" default-currency="GBP" hierarchy="2"><reporting-org ref="GB-1" type="10">Department for International Development</reporting-org><participating-org ref="GB" type="10" role="Funding">UNITED KINGDOM</participating-org><participating-org ref="GB-1" type="10" role="Extending">Department for International Development</participating-org><participating-org ref="21016" role="Implementing">International Committee of the Red Cross</participating-org><recipient-country code="PH">Philippines</recipient-country><collaboration-type code="5">Aid through NGOs</collaboration-type><default-flow-type code="10">ODA</default-flow-type><default-aid-type code="C01">Project-type interventions</default-aid-type><default-finance-type code="110">Aid grant excluding debt reorganisation</default-finance-type><iati-identifier>GB-1-201217-102</iati-identifier><other-identifier owner-ref="GB-1" owner-name="DFID">201217-102</other-identifier><title>IFRC Philippines Typhoon Response</title><sector code="72010">Material relief assistance and services</sector><activity-date type="end-actual">2010-03-08</activity-date><activity-date type="end-planned">2010-03-08</activity-date><activity-date type="start-actual">2009-10-09</activity-date><activity-date type="start-planned">2009-10-09</activity-date><activity-status code="4">Post-completion</activity-status><contact-info><organisation>Department for International Development</organisation><telephone>+44 (0) 1355 84 3132</telephone><email>enquiry@dfid.gov.uk</email><mailing-address>Public Enquiry Point, Abercrombie House, Eaglesham Road, East Kilbride, Glasgow G75 8EA</mailing-address></contact-info><default-tied-status code="5">Untied</default-tied-status><policy-marker code="1" vocabulary="DAC" significance="0">Gender Equality</policy-marker><policy-marker code="2" vocabulary="DAC" significance="0">Aid to Environment</policy-marker><policy-marker code="3" vocabulary="DAC" significance="0">Participatory Development/Good Governance</policy-marker><policy-marker code="4" vocabulary="DAC" significance="0">Trade Development</policy-marker><policy-marker code="5" vocabulary="DAC" significance="0">Aid Targeting the Objectives of the Convention on Biological Diversity</policy-marker><policy-marker code="6" vocabulary="DAC" significance="0">Aid Targeting the Objectives of the Framework Convention on Climate Change - Mitigation</policy-marker><policy-marker code="7" vocabulary="DAC" significance="0">Aid Targeting the Objectives of the Framework Convention on Climate Change - Adaptation</policy-marker><policy-marker code="8" vocabulary="DAC" significance="0">Aid Targeting the Objectives of the Convention to Combat Desertification</policy-marker><transaction><value value-date="2009-04-01">250000</value><transaction-type code="C">Commitment</transaction-type><transaction-date iso-date="2009-10-09">Total Commitment to 08 Mar 2010</transaction-date></transaction><transaction><value currency="GBP" value-date="2009-12-31">250000</value><transaction-type code="D">Disbursement</transaction-type><provider-org ref="GB-1">Department for International Development</provider-org><description>Aggregated spend data - Financial Year 2009 Quarter 3</description><transaction-date iso-date="2009-12-31"/></transaction><budget type="Original"><period-start iso-date="2009-04-01"/><period-end iso-date="2010-03-31"/><value value-date="2009-04-01" currency="GBP">250000</value></budget><related-activity ref="GB-1-201217" type="1">Philippines - Typhoon KETSANA Sept 2009</related-activity><related-activity ref="GB-1-201217-103" type="3">Oxfam Philippines Typhoon KETSANA Response</related-activity><legacy-data name="72010 Material Relief Assistance and Services, Humanitarian (MDG Humanitarian)" value="72010" iati-equivalent="sector"/></iati-activity><iati-activity xml:lang="en" default-currency="GBP" hierarchy="2"><reporting-org ref="GB-1" type="10">Department for International Development</reporting-org><participating-org ref="GB" type="10" role="Funding">UNITED KINGDOM</participating-org><participating-org ref="GB-1" type="10" role="Extending">Department for International Development</participating-org><participating-org ref="21000" role="Implementing">INTERNATIONAL NGO</participating-org><recipient-country code="PH">Philippines</recipient-country><collaboration-type code="5">Aid through NGOs</collaboration-type><default-flow-type code="10">ODA</default-flow-type><default-aid-type code="C01">Project-type interventions</default-aid-type><default-finance-type code="110">Aid grant excluding debt reorganisation</default-finance-type><iati-identifier>GB-1-201217-103</iati-identifier><other-identifier owner-ref="GB-1" owner-name="DFID">201217-103</other-identifier><title>Oxfam Philippines Typhoon KETSANA Response</title><sector code="72010">Material relief assistance and services</sector><activity-date type="end-actual">2010-01-18</activity-date><activity-date type="end-planned">2010-01-18</activity-date><activity-date type="start-actual">2009-10-19</activity-date><activity-date type="start-planned">2009-10-19</activity-date><activity-status code="4">Post-completion</activity-status><contact-info><organisation>Department for International Development</organisation><telephone>+44 (0) 1355 84 3132</telephone><email>enquiry@dfid.gov.uk</email><mailing-address>Public Enquiry Point, Abercrombie House, Eaglesham Road, East Kilbride, Glasgow G75 8EA</mailing-address></contact-info><default-tied-status code="5">Untied</default-tied-status><policy-marker code="1" vocabulary="DAC" significance="0">Gender Equality</policy-marker><policy-marker code="2" vocabulary="DAC" significance="0">Aid to Environment</policy-marker><policy-marker code="3" vocabulary="DAC" significance="0">Participatory Development/Good Governance</policy-marker><policy-marker code="4" vocabulary="DAC" significance="0">Trade Development</policy-marker><policy-marker code="5" vocabulary="DAC" significance="0">Aid Targeting the Objectives of the Convention on Biological Diversity</policy-marker><policy-marker code="6" vocabulary="DAC" significance="0">Aid Targeting the Objectives of the Framework Convention on Climate Change - Mitigation</policy-marker><policy-marker code="7" vocabulary="DAC" significance="0">Aid Targeting the Objectives of the Framework Convention on Climate Change - Adaptation</policy-marker><policy-marker code="8" vocabulary="DAC" significance="0">Aid Targeting the Objectives of the Convention to Combat Desertification</policy-marker><transaction><value value-date="2009-04-01">250000</value><transaction-type code="C">Commitment</transaction-type><transaction-date iso-date="2009-10-19">Total Commitment to 18 Jan 2010</transaction-date></transaction><transaction><value currency="GBP" value-date="2009-12-31">250000</value><transaction-type code="D">Disbursement</transaction-type><provider-org ref="GB-1">Department for International Development</provider-org><description>Aggregated spend data - Financial Year 2009 Quarter 3</description><transaction-date iso-date="2009-12-31"/></transaction><budget type="Original"><period-start iso-date="2009-04-01"/><period-end iso-date="2010-03-31"/><value value-date="2009-04-01" currency="GBP">250000</value></budget><related-activity ref="GB-1-201217" type="1">Philippines - Typhoon KETSANA Sept 2009</related-activity><related-activity ref="GB-1-201217-102" type="3">IFRC Philippines Typhoon Response</related-activity><legacy-data name="72010 Material Relief Assistance and Services, Humanitarian (MDG Humanitarian)" value="72010" iati-equivalent="sector"/></iati-activity><iati-activity xml:lang="en" default-currency="GBP" hierarchy="1"><reporting-org ref="GB-1" type="10">Department for International Development</reporting-org><participating-org ref="GB" type="10" role="Funding">UNITED KINGDOM</participating-org><participating-org ref="GB-1" type="10" role="Extending">Department for International Development</participating-org><iati-identifier>GB-1-203785</iati-identifier><other-identifier owner-ref="GB-1" owner-name="DFID">203785</other-identifier><title>Philippines Typhoon Bopha (Pablo) emergency response</title><description>To ensure that the specific needs of women, girls and boys are mainstreamed into all areas of the emergency response, providing a safer and more secure environment for the most vulnerable, allowing them to rebuild their lives more rapidly .</description><activity-date type="end-actual">2013-08-31</activity-date><activity-date type="end-planned">2013-08-31</activity-date><activity-date type="start-actual">2012-12-18</activity-date><activity-date type="start-planned">2012-12-13</activity-date><activity-status code="2">Implementation</activity-status><contact-info><organisation>Department for International Development</organisation><telephone>+44 (0) 1355 84 3132</telephone><email>enquiry@dfid.gov.uk</email><mailing-address>Public Enquiry Point, Abercrombie House, Eaglesham Road, East Kilbride, Glasgow G75 8EA</mailing-address></contact-info><default-tied-status code="5">Untied</default-tied-status><related-activity ref="GB-1-203785-101" type="2">Philippines Typhoon Bopha emergency response</related-activity><document-link url="http://projects.dfid.gov.uk/IATI/document/3859246" format="application/vnd.ms-excel"><title>Logical framework 203785.xlsx</title><category code="A08">Results, outcomes and outputs</category></document-link></iati-activity><iati-activity xml:lang="en" default-currency="GBP" hierarchy="2"><reporting-org ref="GB-1" type="10">Department for International Development</reporting-org><participating-org ref="GB" type="10" role="Funding">UNITED KINGDOM</participating-org><participating-org ref="GB-1" type="10" role="Extending">Department for International Development</participating-org><participating-org ref="41121" role="Implementing">United Nations Office of the United Nations High Commissioner for Refugees</participating-org><recipient-country code="PH">Philippines</recipient-country><collaboration-type code="1">Bilateral</collaboration-type><default-flow-type code="10">ODA</default-flow-type><default-aid-type code="C01">Project-type interventions</default-aid-type><default-finance-type code="110">Aid grant excluding debt reorganisation</default-finance-type><iati-identifier>GB-1-203785-101</iati-identifier><other-identifier owner-ref="GB-1" owner-name="DFID">203785-101</other-identifier><title>Philippines Typhoon Bopha emergency response</title><sector code="72050">Relief co-ordination; protection and support services</sector><activity-date type="end-actual">2013-08-31</activity-date><activity-date type="end-planned">2013-08-31</activity-date><activity-date type="start-actual">2012-12-13</activity-date><activity-date type="start-planned">2012-12-13</activity-date><activity-status code="2">Implementation</activity-status><contact-info><organisation>Department for International Development</organisation><telephone>+44 (0) 1355 84 3132</telephone><email>enquiry@dfid.gov.uk</email><mailing-address>Public Enquiry Point, Abercrombie House, Eaglesham Road, East Kilbride, Glasgow G75 8EA</mailing-address></contact-info><default-tied-status code="5">Untied</default-tied-status><policy-marker code="1" vocabulary="DAC" significance="1">Gender Equality</policy-marker><policy-marker code="2" vocabulary="DAC" significance="0">Aid to Environment</policy-marker><policy-marker code="3" vocabulary="DAC" significance="0">Participatory Development/Good Governance</policy-marker><policy-marker code="4" vocabulary="DAC" significance="0">Trade Development</policy-marker><policy-marker code="5" vocabulary="DAC" significance="0">Aid Targeting the Objectives of the Convention on Biological Diversity</policy-marker><policy-marker code="6" vocabulary="DAC" significance="0">Aid Targeting the Objectives of the Framework Convention on Climate Change - Mitigation</policy-marker><policy-marker code="7" vocabulary="DAC" significance="0">Aid Targeting the Objectives of the Framework Convention on Climate Change - Adaptation</policy-marker><policy-marker code="8" vocabulary="DAC" significance="0">Aid Targeting the Objectives of the Convention to Combat Desertification</policy-marker><transaction><value value-date="2012-04-01">308600</value><transaction-type code="C">Commitment</transaction-type><transaction-date iso-date="2012-12-13">Total Commitment to 31 Aug 2013</transaction-date></transaction><transaction><value currency="GBP" value-date="2013-01-03">246880</value><transaction-type code="D">Disbursement</transaction-type><provider-org ref="GB-1">Department for International Development</provider-org><receiver-org ref="41121">United Nations Office of the United Nations High Commissioner for Refugees</receiver-org><description>Emergency / Humanitarian Assistance</description><transaction-date iso-date="2013-01-03"/></transaction><transaction><value currency="GBP" value-date="2013-01-07">246880</value><transaction-type code="D">Disbursement</transaction-type><provider-org ref="GB-1">Department for International Development</provider-org><receiver-org>Journal Transaction</receiver-org><description>Emergency / Humanitarian Assistance</description><transaction-date iso-date="2013-01-07"/></transaction><transaction><value currency="GBP" value-date="2013-01-07">-246880</value><transaction-type code="D">Disbursement</transaction-type><provider-org ref="GB-1">Department for International Development</provider-org><receiver-org>Journal Transaction</receiver-org><description>Emergency / Humanitarian Assistance</description><transaction-date iso-date="2013-01-07"/></transaction><budget type="Original"><period-start iso-date="2012-04-01"/><period-end iso-date="2013-03-31"/><value value-date="2012-04-01" currency="GBP">308600</value></budget><related-activity ref="GB-1-203785" type="1">Philippines Typhoon Bopha (Pablo) emergency response</related-activity><legacy-data name="72050 Relief Coordination, Protection and Support Services, Humanitarian (MDG Humanitarian)" value="72050" iati-equivalent="sector"/></iati-activity></iati-activities>