<iati-activities version="1.01" generated-datetime="2013-03-28T16:48:56Z"><ir:registry-record xml:lang="en" file-id="GB-1" source-url="http://projects.dfid.gov.uk/iati/Country/TR" publisher-id="GB-1" publisher-role="Funding" contact-email="ppisupport@dfid.gov.uk" donor-id="GB-1" donor-type="10" title="DFID Activity File" activity-period="All Periods" last-updated-datetime="2013-03-28T16:48:56Z" generated-datetime="2013-03-28T16:48:56Z" verification-status="1" format="xml" license="IATI" xmlns:ir="http://iatiregistry.org/ns/record#"/><iati-activity xml:lang="en" default-currency="GBP" hierarchy="1"><reporting-org ref="GB-1" type="10">Department for International Development</reporting-org><participating-org ref="GB" type="10" role="Funding">UNITED KINGDOM</participating-org><participating-org ref="GB-1" type="10" role="Extending">Department for International Development</participating-org><iati-identifier>GB-1-109197</iati-identifier><other-identifier owner-ref="GB-1" owner-name="DFID">109197</other-identifier><title>ECGD Premium Payments</title><description>To pay ECGD premiums on ECGD-backed loan.</description><activity-date type="end-actual">2010-01-27</activity-date><activity-date type="end-planned">2010-01-27</activity-date><activity-date type="start-actual">1988-06-01</activity-date><activity-date type="start-planned">1988-05-05</activity-date><activity-status code="4">Post-completion</activity-status><contact-info><organisation>Department for International Development</organisation><telephone>+44 (0) 1355 84 3132</telephone><email>enquiry@dfid.gov.uk</email><mailing-address>Public Enquiry Point, Abercrombie House, Eaglesham Road, East Kilbride, Glasgow G75 8EA</mailing-address></contact-info><default-tied-status code="5">Untied</default-tied-status><related-activity ref="GB-1-109197-101" type="2">NONBUDSUPPFINAID and P0046 for ECGD Premium Payments</related-activity></iati-activity><iati-activity xml:lang="en" default-currency="GBP" hierarchy="2"><reporting-org ref="GB-1" type="10">Department for International Development</reporting-org><participating-org ref="GB" type="10" role="Funding">UNITED KINGDOM</participating-org><participating-org ref="GB-1" type="10" role="Extending">Department for International Development</participating-org><participating-org ref="11000" role="Implementing">Donor Government</participating-org><recipient-country code="TR">Turkey</recipient-country><collaboration-type code="1">Bilateral</collaboration-type><default-flow-type code="10">ODA</default-flow-type><default-aid-type code="C01">Project-type interventions</default-aid-type><default-finance-type code="210">Interest subsidy grant in AF</default-finance-type><iati-identifier>GB-1-109197-101</iati-identifier><other-identifier owner-ref="GB-1" owner-name="DFID">109197-101</other-identifier><title>NONBUDSUPPFINAID and P0046 for ECGD Premium Payments</title><sector code="32210">Mineral/mining policy and administrative management</sector><activity-date type="end-actual">2010-01-27</activity-date><activity-date type="end-planned">2010-01-27</activity-date><activity-date type="start-actual">1988-05-05</activity-date><activity-date type="start-planned">1988-05-05</activity-date><activity-status code="4">Post-completion</activity-status><contact-info><organisation>Department for International Development</organisation><telephone>+44 (0) 1355 84 3132</telephone><email>enquiry@dfid.gov.uk</email><mailing-address>Public Enquiry Point, Abercrombie House, Eaglesham Road, East Kilbride, Glasgow G75 8EA</mailing-address></contact-info><default-tied-status code="5">Untied</default-tied-status><policy-marker code="1" vocabulary="DAC" significance="0">Gender Equality</policy-marker><policy-marker code="2" vocabulary="DAC" significance="0">Aid to Environment</policy-marker><policy-marker code="3" vocabulary="DAC" significance="0">Participatory Development/Good Governance</policy-marker><policy-marker code="4" vocabulary="DAC" significance="2">Trade Development</policy-marker><policy-marker code="5" vocabulary="DAC" significance="0">Aid Targeting the Objectives of the Convention on Biological Diversity</policy-marker><policy-marker code="6" vocabulary="DAC" significance="0">Aid Targeting the Objectives of the Framework Convention on Climate Change - Mitigation</policy-marker><policy-marker code="7" vocabulary="DAC" significance="0">Aid Targeting the Objectives of the Framework Convention on Climate Change - Adaptation</policy-marker><policy-marker code="8" vocabulary="DAC" significance="0">Aid Targeting the Objectives of the Convention to Combat Desertification</policy-marker><transaction><value value-date="2008-04-01">57272306</value><transaction-type code="C">Commitment</transaction-type><transaction-date iso-date="1988-05-05">Total Commitment to 27 Jan 2010</transaction-date></transaction><transaction><value currency="GBP" value-date="2002-03-31">49533531</value><transaction-type code="D">Disbursement</transaction-type><provider-org ref="GB-1">Department for International Development</provider-org><description>Aggregated spend data - Financial Year 2001 Quarter 4</description><transaction-date iso-date="2002-03-31"/></transaction><transaction><value currency="GBP" value-date="2002-06-30">1037131</value><transaction-type code="D">Disbursement</transaction-type><provider-org ref="GB-1">Department for International Development</provider-org><description>Aggregated spend data - Financial Year 2002 Quarter 1</description><transaction-date iso-date="2002-06-30"/></transaction><transaction><value currency="GBP" value-date="2002-12-31">1031793</value><transaction-type code="D">Disbursement</transaction-type><provider-org ref="GB-1">Department for International Development</provider-org><description>Aggregated spend data - Financial Year 2002 Quarter 3</description><transaction-date iso-date="2002-12-31"/></transaction><transaction><value currency="GBP" value-date="2003-06-30">130378</value><transaction-type code="D">Disbursement</transaction-type><provider-org ref="GB-1">Department for International Development</provider-org><description>Aggregated spend data - Financial Year 2003 Quarter 1</description><transaction-date iso-date="2003-06-30"/></transaction><transaction><value currency="GBP" value-date="2003-09-30">59756</value><transaction-type code="D">Disbursement</transaction-type><provider-org ref="GB-1">Department for International Development</provider-org><description>Aggregated spend data - Financial Year 2003 Quarter 2</description><transaction-date iso-date="2003-09-30"/></transaction><transaction><value currency="GBP" value-date="2003-12-31">1620770</value><transaction-type code="D">Disbursement</transaction-type><provider-org ref="GB-1">Department for International Development</provider-org><description>Aggregated spend data - Financial Year 2003 Quarter 3</description><transaction-date iso-date="2003-12-31"/></transaction><transaction><value currency="GBP" value-date="2004-03-31">55084</value><transaction-type code="D">Disbursement</transaction-type><provider-org ref="GB-1">Department for International Development</provider-org><description>Aggregated spend data - Financial Year 2003 Quarter 4</description><transaction-date iso-date="2004-03-31"/></transaction><transaction><value currency="GBP" value-date="2004-06-30">723998</value><transaction-type code="D">Disbursement</transaction-type><provider-org ref="GB-1">Department for International Development</provider-org><description>Aggregated spend data - Financial Year 2004 Quarter 1</description><transaction-date iso-date="2004-06-30"/></transaction><transaction><value currency="GBP" value-date="2004-09-30">48552</value><transaction-type code="D">Disbursement</transaction-type><provider-org ref="GB-1">Department for International Development</provider-org><description>Aggregated spend data - Financial Year 2004 Quarter 2</description><transaction-date iso-date="2004-09-30"/></transaction><transaction><value currency="GBP" value-date="2004-12-31">644067</value><transaction-type code="D">Disbursement</transaction-type><provider-org ref="GB-1">Department for International Development</provider-org><description>Aggregated spend data - Financial Year 2004 Quarter 3</description><transaction-date iso-date="2004-12-31"/></transaction><transaction><value currency="GBP" value-date="2005-03-31">41647</value><transaction-type code="D">Disbursement</transaction-type><provider-org ref="GB-1">Department for International Development</provider-org><description>Aggregated spend data - Financial Year 2004 Quarter 4</description><transaction-date iso-date="2005-03-31"/></transaction><transaction><value currency="GBP" value-date="2005-06-30">559797</value><transaction-type code="D">Disbursement</transaction-type><provider-org ref="GB-1">Department for International Development</provider-org><description>Aggregated spend data - Financial Year 2005 Quarter 1</description><transaction-date iso-date="2005-06-30"/></transaction><transaction><value currency="GBP" value-date="2005-09-30">36214</value><transaction-type code="D">Disbursement</transaction-type><provider-org ref="GB-1">Department for International Development</provider-org><description>Aggregated spend data - Financial Year 2005 Quarter 2</description><transaction-date iso-date="2005-09-30"/></transaction><transaction><value currency="GBP" value-date="2005-12-31">487931</value><transaction-type code="D">Disbursement</transaction-type><provider-org ref="GB-1">Department for International Development</provider-org><description>Aggregated spend data - Financial Year 2005 Quarter 3</description><transaction-date iso-date="2005-12-31"/></transaction><transaction><value currency="GBP" value-date="2006-03-31">30459</value><transaction-type code="D">Disbursement</transaction-type><provider-org ref="GB-1">Department for International Development</provider-org><description>Aggregated spend data - Financial Year 2005 Quarter 4</description><transaction-date iso-date="2006-03-31"/></transaction><transaction><value currency="GBP" value-date="2006-06-30">402206</value><transaction-type code="D">Disbursement</transaction-type><provider-org ref="GB-1">Department for International Development</provider-org><description>Aggregated spend data - Financial Year 2006 Quarter 1</description><transaction-date iso-date="2006-06-30"/></transaction><transaction><value currency="GBP" value-date="2006-09-30">24638</value><transaction-type code="D">Disbursement</transaction-type><provider-org ref="GB-1">Department for International Development</provider-org><description>Aggregated spend data - Financial Year 2006 Quarter 2</description><transaction-date iso-date="2006-09-30"/></transaction><transaction><value currency="GBP" value-date="2007-03-31">313648</value><transaction-type code="D">Disbursement</transaction-type><provider-org ref="GB-1">Department for International Development</provider-org><description>Aggregated spend data - Financial Year 2006 Quarter 4</description><transaction-date iso-date="2007-03-31"/></transaction><transaction><value currency="GBP" value-date="2007-06-30">666054</value><transaction-type code="D">Disbursement</transaction-type><provider-org ref="GB-1">Department for International Development</provider-org><description>Aggregated spend data - Financial Year 2007 Quarter 1</description><transaction-date iso-date="2007-06-30"/></transaction><transaction><value currency="GBP" value-date="2007-09-30">54025</value><transaction-type code="D">Disbursement</transaction-type><provider-org ref="GB-1">Department for International Development</provider-org><description>Aggregated spend data - Financial Year 2007 Quarter 2</description><transaction-date iso-date="2007-09-30"/></transaction><transaction><value currency="GBP" value-date="2007-12-31">160047</value><transaction-type code="D">Disbursement</transaction-type><provider-org ref="GB-1">Department for International Development</provider-org><description>Aggregated spend data - Financial Year 2007 Quarter 3</description><transaction-date iso-date="2007-12-31"/></transaction><transaction><value currency="GBP" value-date="2008-03-31">7111</value><transaction-type code="D">Disbursement</transaction-type><provider-org ref="GB-1">Department for International Development</provider-org><description>Aggregated spend data - Financial Year 2007 Quarter 4</description><transaction-date iso-date="2008-03-31"/></transaction><transaction><value currency="GBP" value-date="2008-06-30">80414</value><transaction-type code="D">Disbursement</transaction-type><provider-org ref="GB-1">Department for International Development</provider-org><description>Aggregated spend data - Financial Year 2008 Quarter 1</description><transaction-date iso-date="2008-06-30"/></transaction><transaction><value currency="GBP" value-date="2008-09-30">82224</value><transaction-type code="D">Disbursement</transaction-type><provider-org ref="GB-1">Department for International Development</provider-org><description>Aggregated spend data - Financial Year 2008 Quarter 2</description><transaction-date iso-date="2008-09-30"/></transaction><budget type="Original"><period-start iso-date="2001-04-01"/><period-end iso-date="2002-03-31"/><value value-date="2001-04-01" currency="GBP">49533531</value></budget><budget type="Original"><period-start iso-date="2002-04-01"/><period-end iso-date="2003-03-31"/><value value-date="2002-04-01" currency="GBP">2068925</value></budget><budget type="Original"><period-start iso-date="2003-04-01"/><period-end iso-date="2004-03-31"/><value value-date="2003-04-01" currency="GBP">1865989</value></budget><budget type="Original"><period-start iso-date="2004-04-01"/><period-end iso-date="2005-03-31"/><value value-date="2004-04-01" currency="GBP">1458266</value></budget><budget type="Original"><period-start iso-date="2005-04-01"/><period-end iso-date="2006-03-31"/><value value-date="2005-04-01" currency="GBP">1114403</value></budget><budget type="Original"><period-start iso-date="2006-04-01"/><period-end iso-date="2007-03-31"/><value value-date="2006-04-01" currency="GBP">740493</value></budget><budget type="Original"><period-start iso-date="2007-04-01"/><period-end iso-date="2008-03-31"/><value value-date="2007-04-01" currency="GBP">385839</value></budget><budget type="Original"><period-start iso-date="2008-04-01"/><period-end iso-date="2009-03-31"/><value value-date="2008-04-01" currency="GBP">104858</value></budget><related-activity ref="GB-1-109197" type="1">ECGD Premium Payments</related-activity><legacy-data name="32210 Mineral/Mining Policy and Administrative Management (Wealth Creation)" value="32210" iati-equivalent="sector"/></iati-activity><iati-activity xml:lang="en" default-currency="GBP" hierarchy="1"><reporting-org ref="GB-1" type="10">Department for International Development</reporting-org><participating-org ref="GB" type="10" role="Funding">UNITED KINGDOM</participating-org><participating-org ref="GB-1" type="10" role="Extending">Department for International Development</participating-org><iati-identifier>GB-1-202965</iati-identifier><other-identifier owner-ref="GB-1" owner-name="DFID">202965</other-identifier><title>Turkey Earthquake 2011</title><description>To provide immediate humanitarian assistance to the victims of the  earthquake which occured in eastern Turkey in October 2011</description><activity-date type="end-actual">2012-11-30</activity-date><activity-date type="end-planned">2012-11-30</activity-date><activity-date type="start-actual">2011-10-27</activity-date><activity-date type="start-planned">2011-10-27</activity-date><activity-status code="2">Implementation</activity-status><contact-info><organisation>Department for International Development</organisation><telephone>+44 (0) 1355 84 3132</telephone><email>enquiry@dfid.gov.uk</email><mailing-address>Public Enquiry Point, Abercrombie House, Eaglesham Road, East Kilbride, Glasgow G75 8EA</mailing-address></contact-info><default-tied-status code="5">Untied</default-tied-status><related-activity ref="GB-1-202965-101" type="2">Turkey Earthquake- Humanitarian Relief</related-activity><document-link url="http://projects.dfid.gov.uk/IATI/document/3434822" format="application/msword"><title>Business Case and Summary 202965.doc</title><category code="A05">Budget</category><category code="A04">Conditions</category><category code="A03">Intended ultimate beneficiaries</category><category code="A02">Objectives / Purpose of activity</category><category code="A01">Pre- and post-project impact appraisal</category></document-link></iati-activity><iati-activity xml:lang="en" default-currency="GBP" hierarchy="2"><reporting-org ref="GB-1" type="10">Department for International Development</reporting-org><participating-org ref="GB" type="10" role="Funding">UNITED KINGDOM</participating-org><participating-org ref="GB-1" type="10" role="Extending">Department for International Development</participating-org><participating-org ref="52000" role="Implementing">Other.</participating-org><recipient-country code="TR">Turkey</recipient-country><collaboration-type code="1">Bilateral</collaboration-type><default-flow-type code="10">ODA</default-flow-type><default-aid-type code="C01">Project-type interventions</default-aid-type><default-finance-type code="110">Aid grant excluding debt reorganisation</default-finance-type><iati-identifier>GB-1-202965-101</iati-identifier><other-identifier owner-ref="GB-1" owner-name="DFID">202965-101</other-identifier><title>Turkey Earthquake- Humanitarian Relief</title><sector code="72010">Material relief assistance and services</sector><activity-date type="end-actual">2012-08-31</activity-date><activity-date type="end-planned">2012-08-31</activity-date><activity-date type="start-actual">2011-10-27</activity-date><activity-date type="start-planned">2011-10-27</activity-date><activity-status code="2">Implementation</activity-status><contact-info><organisation>Department for International Development</organisation><telephone>+44 (0) 1355 84 3132</telephone><email>enquiry@dfid.gov.uk</email><mailing-address>Public Enquiry Point, Abercrombie House, Eaglesham Road, East Kilbride, Glasgow G75 8EA</mailing-address></contact-info><default-tied-status code="5">Untied</default-tied-status><policy-marker code="1" vocabulary="DAC" significance="0">Gender Equality</policy-marker><policy-marker code="2" vocabulary="DAC" significance="0">Aid to Environment</policy-marker><policy-marker code="3" vocabulary="DAC" significance="0">Participatory Development/Good Governance</policy-marker><policy-marker code="4" vocabulary="DAC" significance="0">Trade Development</policy-marker><policy-marker code="5" vocabulary="DAC" significance="0">Aid Targeting the Objectives of the Convention on Biological Diversity</policy-marker><policy-marker code="6" vocabulary="DAC" significance="0">Aid Targeting the Objectives of the Framework Convention on Climate Change - Mitigation</policy-marker><policy-marker code="7" vocabulary="DAC" significance="0">Aid Targeting the Objectives of the Framework Convention on Climate Change - Adaptation</policy-marker><policy-marker code="8" vocabulary="DAC" significance="0">Aid Targeting the Objectives of the Convention to Combat Desertification</policy-marker><transaction><value value-date="2012-04-01">432292</value><transaction-type code="C">Commitment</transaction-type><transaction-date iso-date="2011-10-27">Total Commitment to 31 Aug 2012</transaction-date></transaction><transaction><value currency="GBP" value-date="2011-11-23">5067</value><transaction-type code="D">Disbursement</transaction-type><provider-org ref="GB-1">Department for International Development</provider-org><receiver-org ref="52000">Other.</receiver-org><description>Technical &amp; Advisory services</description><transaction-date iso-date="2011-11-23"/></transaction><transaction><value currency="GBP" value-date="2011-11-24">209610</value><transaction-type code="D">Disbursement</transaction-type><provider-org ref="GB-1">Department for International Development</provider-org><receiver-org ref="52000">Other.</receiver-org><description>Technical &amp; Advisory services</description><transaction-date iso-date="2011-11-24"/></transaction><transaction><value currency="GBP" value-date="2011-12-02">250000</value><transaction-type code="D">Disbursement</transaction-type><provider-org ref="GB-1">Department for International Development</provider-org><receiver-org>Journal Transaction</receiver-org><description>Aid to civil society organisations / NGOs</description><transaction-date iso-date="2011-12-02"/></transaction><transaction><value currency="GBP" value-date="2011-12-05">-250000</value><transaction-type code="D">Disbursement</transaction-type><provider-org ref="GB-1">Department for International Development</provider-org><receiver-org>Journal Transaction</receiver-org><description>Aid to civil society organisations / NGOs</description><transaction-date iso-date="2011-12-05"/></transaction><transaction><value currency="GBP" value-date="2012-01-06">230000</value><transaction-type code="D">Disbursement</transaction-type><provider-org ref="GB-1">Department for International Development</provider-org><receiver-org>Journal Transaction</receiver-org><description>Technical &amp; Advisory services</description><transaction-date iso-date="2012-01-06"/></transaction><transaction><value currency="GBP" value-date="2012-01-06">22000</value><transaction-type code="D">Disbursement</transaction-type><provider-org ref="GB-1">Department for International Development</provider-org><receiver-org>Journal Transaction</receiver-org><description>Aid to civil society organisations / NGOs</description><transaction-date iso-date="2012-01-06"/></transaction><transaction><value currency="GBP" value-date="2012-01-06">-230000</value><transaction-type code="D">Disbursement</transaction-type><provider-org ref="GB-1">Department for International Development</provider-org><receiver-org>Journal Transaction</receiver-org><description>Technical &amp; Advisory services</description><transaction-date iso-date="2012-01-06"/></transaction><transaction><value currency="GBP" value-date="2012-01-06">-22000</value><transaction-type code="D">Disbursement</transaction-type><provider-org ref="GB-1">Department for International Development</provider-org><receiver-org>Journal Transaction</receiver-org><description>Aid to civil society organisations / NGOs</description><transaction-date iso-date="2012-01-06"/></transaction><transaction><value currency="GBP" value-date="2012-01-09">547</value><transaction-type code="D">Disbursement</transaction-type><provider-org ref="GB-1">Department for International Development</provider-org><receiver-org ref="52000">Other.</receiver-org><description>Technical &amp; Advisory services</description><transaction-date iso-date="2012-01-09"/></transaction><transaction><value currency="GBP" value-date="2012-01-12">10434</value><transaction-type code="D">Disbursement</transaction-type><provider-org ref="GB-1">Department for International Development</provider-org><receiver-org ref="52000">Other.</receiver-org><description>Technical &amp; Advisory services</description><transaction-date iso-date="2012-01-12"/></transaction><transaction><value currency="GBP" value-date="2012-02-03">229544</value><transaction-type code="D">Disbursement</transaction-type><provider-org ref="GB-1">Department for International Development</provider-org><receiver-org>Journal Transaction</receiver-org><description>Technical &amp; Advisory services</description><transaction-date iso-date="2012-02-03"/></transaction><transaction><value currency="GBP" value-date="2012-02-03">13305</value><transaction-type code="D">Disbursement</transaction-type><provider-org ref="GB-1">Department for International Development</provider-org><receiver-org>Journal Transaction</receiver-org><description>Technical &amp; Advisory services</description><transaction-date iso-date="2012-02-03"/></transaction><transaction><value currency="GBP" value-date="2012-02-03">-229544</value><transaction-type code="D">Disbursement</transaction-type><provider-org ref="GB-1">Department for International Development</provider-org><receiver-org>Journal Transaction</receiver-org><description>Technical &amp; Advisory services</description><transaction-date iso-date="2012-02-03"/></transaction><transaction><value currency="GBP" value-date="2012-02-03">-13305</value><transaction-type code="D">Disbursement</transaction-type><provider-org ref="GB-1">Department for International Development</provider-org><receiver-org>Journal Transaction</receiver-org><description>Technical &amp; Advisory services</description><transaction-date iso-date="2012-02-03"/></transaction><transaction><value currency="GBP" value-date="2012-02-06">690</value><transaction-type code="D">Disbursement</transaction-type><provider-org ref="GB-1">Department for International Development</provider-org><receiver-org ref="52000">Other.</receiver-org><description>Technical &amp; Advisory services</description><transaction-date iso-date="2012-02-06"/></transaction><transaction><value currency="GBP" value-date="2012-03-05">229544</value><transaction-type code="D">Disbursement</transaction-type><provider-org ref="GB-1">Department for International Development</provider-org><receiver-org>Journal Transaction</receiver-org><description>Technical &amp; Advisory services</description><transaction-date iso-date="2012-03-05"/></transaction><transaction><value currency="GBP" value-date="2012-03-05">12614</value><transaction-type code="D">Disbursement</transaction-type><provider-org ref="GB-1">Department for International Development</provider-org><receiver-org>Journal Transaction</receiver-org><description>Technical &amp; Advisory services</description><transaction-date iso-date="2012-03-05"/></transaction><transaction><value currency="GBP" value-date="2012-03-05">-229544</value><transaction-type code="D">Disbursement</transaction-type><provider-org ref="GB-1">Department for International Development</provider-org><receiver-org>Journal Transaction</receiver-org><description>Technical &amp; Advisory services</description><transaction-date iso-date="2012-03-05"/></transaction><transaction><value currency="GBP" value-date="2012-03-05">-12614</value><transaction-type code="D">Disbursement</transaction-type><provider-org ref="GB-1">Department for International Development</provider-org><receiver-org>Journal Transaction</receiver-org><description>Technical &amp; Advisory services</description><transaction-date iso-date="2012-03-05"/></transaction><transaction><value currency="GBP" value-date="2012-03-06">198487</value><transaction-type code="D">Disbursement</transaction-type><provider-org ref="GB-1">Department for International Development</provider-org><receiver-org ref="52000">Other.</receiver-org><description>Technical &amp; Advisory services</description><transaction-date iso-date="2012-03-06"/></transaction><transaction><value currency="GBP" value-date="2012-03-31">52</value><transaction-type code="D">Disbursement</transaction-type><provider-org ref="GB-1">Department for International Development</provider-org><description>Aggregated spend of less than £500 - Financial Year 2011 Quarter 4</description><transaction-date iso-date="2012-03-31"/></transaction><transaction><value currency="GBP" value-date="2012-04-05">12614</value><transaction-type code="D">Disbursement</transaction-type><provider-org ref="GB-1">Department for International Development</provider-org><receiver-org>Journal Transaction</receiver-org><description>Technical &amp; Advisory services</description><transaction-date iso-date="2012-04-05"/></transaction><transaction><value currency="GBP" value-date="2012-04-10">-12614</value><transaction-type code="D">Disbursement</transaction-type><provider-org ref="GB-1">Department for International Development</provider-org><receiver-org>Journal Transaction</receiver-org><description>Technical &amp; Advisory services</description><transaction-date iso-date="2012-04-10"/></transaction><transaction><value currency="GBP" value-date="2012-05-03">12614</value><transaction-type code="D">Disbursement</transaction-type><provider-org ref="GB-1">Department for International Development</provider-org><receiver-org>Journal Transaction</receiver-org><description>Technical &amp; Advisory services</description><transaction-date iso-date="2012-05-03"/></transaction><transaction><value currency="GBP" value-date="2012-05-03">-12614</value><transaction-type code="D">Disbursement</transaction-type><provider-org ref="GB-1">Department for International Development</provider-org><receiver-org>Journal Transaction</receiver-org><description>Technical &amp; Advisory services</description><transaction-date iso-date="2012-05-03"/></transaction><transaction><value currency="GBP" value-date="2012-05-14">3387</value><transaction-type code="D">Disbursement</transaction-type><provider-org ref="GB-1">Department for International Development</provider-org><receiver-org ref="52000">Other.</receiver-org><description>Technical &amp; Advisory services</description><transaction-date iso-date="2012-05-14"/></transaction><transaction><value currency="GBP" value-date="2012-06-11">12614</value><transaction-type code="D">Disbursement</transaction-type><provider-org ref="GB-1">Department for International Development</provider-org><receiver-org>Journal Transaction</receiver-org><description>Technical &amp; Advisory services</description><transaction-date iso-date="2012-06-11"/></transaction><transaction><value currency="GBP" value-date="2012-06-11">-12614</value><transaction-type code="D">Disbursement</transaction-type><provider-org ref="GB-1">Department for International Development</provider-org><receiver-org>Journal Transaction</receiver-org><description>Technical &amp; Advisory services</description><transaction-date iso-date="2012-06-11"/></transaction><transaction><value currency="GBP" value-date="2012-07-03">12614</value><transaction-type code="D">Disbursement</transaction-type><provider-org ref="GB-1">Department for International Development</provider-org><receiver-org>Journal Transaction</receiver-org><description>Technical &amp; Advisory services</description><transaction-date iso-date="2012-07-03"/></transaction><transaction><value currency="GBP" value-date="2012-07-05">-12614</value><transaction-type code="D">Disbursement</transaction-type><provider-org ref="GB-1">Department for International Development</provider-org><receiver-org>Journal Transaction</receiver-org><description>Technical &amp; Advisory services</description><transaction-date iso-date="2012-07-05"/></transaction><transaction><value currency="GBP" value-date="2012-08-17">4016</value><transaction-type code="D">Disbursement</transaction-type><provider-org ref="GB-1">Department for International Development</provider-org><receiver-org ref="52000">Other.</receiver-org><description>Technical &amp; Advisory services</description><transaction-date iso-date="2012-08-17"/></transaction><budget type="Revised"><period-start iso-date="2011-04-01"/><period-end iso-date="2012-03-31"/><value value-date="2011-04-01" currency="GBP">437502</value></budget><budget type="Revised"><period-start iso-date="2012-04-01"/><period-end iso-date="2013-03-31"/><value value-date="2012-04-01" currency="GBP">-5210</value></budget><related-activity ref="GB-1-202965" type="1">Turkey Earthquake 2011</related-activity><legacy-data name="72010 Material Relief Assistance and Services, Humanitarian (MDG Humanitarian)" value="72010" iati-equivalent="sector"/></iati-activity></iati-activities>