<iati-activities version="1.01" generated-datetime="2013-03-28T16:48:56Z"><ir:registry-record xml:lang="en" file-id="GB-1" source-url="http://projects.dfid.gov.uk/iati/Country/UA" publisher-id="GB-1" publisher-role="Funding" contact-email="ppisupport@dfid.gov.uk" donor-id="GB-1" donor-type="10" title="DFID Activity File" activity-period="All Periods" last-updated-datetime="2013-03-28T16:48:56Z" generated-datetime="2013-03-28T16:48:56Z" verification-status="1" format="xml" license="IATI" xmlns:ir="http://iatiregistry.org/ns/record#"/><iati-activity xml:lang="en" default-currency="GBP" hierarchy="1"><reporting-org ref="GB-1" type="10">Department for International Development</reporting-org><participating-org ref="GB" type="10" role="Funding">UNITED KINGDOM</participating-org><participating-org ref="GB-1" type="10" role="Extending">Department for International Development</participating-org><iati-identifier>GB-1-109899</iati-identifier><other-identifier owner-ref="GB-1" owner-name="DFID">109899</other-identifier><title>Strengthening the Voices of Older People CSCF364</title><description>To build the capacity of poor and excluded older people in Ukraine to understand and demand their rights; to organise and get their voice heard; and to demand better services available to them and better access to these</description><activity-date type="end-actual">2010-05-30</activity-date><activity-date type="end-planned">2010-05-30</activity-date><activity-date type="start-actual">2007-01-09</activity-date><activity-date type="start-planned">2006-04-01</activity-date><activity-status code="4">Post-completion</activity-status><contact-info><organisation>Department for International Development</organisation><telephone>+44 (0) 1355 84 3132</telephone><email>enquiry@dfid.gov.uk</email><mailing-address>Public Enquiry Point, Abercrombie House, Eaglesham Road, East Kilbride, Glasgow G75 8EA</mailing-address></contact-info><default-tied-status code="5">Untied</default-tied-status><related-activity ref="GB-1-109899-101" type="2">NOTFORPROFITORG and P0118 for Strengthening the Voices of Older People CSCF364</related-activity><related-activity ref="GB-1-109899-102" type="2">Accountable Grant CSCF0364: Strengtheneing the voices of older people in Ukraine</related-activity></iati-activity><iati-activity xml:lang="en" default-currency="GBP" hierarchy="2"><reporting-org ref="GB-1" type="10">Department for International Development</reporting-org><participating-org ref="GB" type="10" role="Funding">UNITED KINGDOM</participating-org><participating-org ref="GB-1" type="10" role="Extending">Department for International Development</participating-org><participating-org ref="22000" role="Implementing">Donor country-based NGO</participating-org><recipient-country code="UA">Ukraine</recipient-country><collaboration-type code="5">Aid through NGOs</collaboration-type><default-flow-type code="10">ODA</default-flow-type><default-aid-type code="C01">Project-type interventions</default-aid-type><default-finance-type code="110">Aid grant excluding debt reorganisation</default-finance-type><iati-identifier>GB-1-109899-101</iati-identifier><other-identifier owner-ref="GB-1" owner-name="DFID">109899-101</other-identifier><title>NOTFORPROFITORG and P0118 for Strengthening the Voices of Older People CSCF364</title><sector code="15150" percentage="51">Democratic participation and civil society</sector><sector code="16010" percentage="49">Social/welfare services</sector><activity-date type="end-actual">2010-05-30</activity-date><activity-date type="end-planned">2010-05-30</activity-date><activity-date type="start-actual">2006-04-01</activity-date><activity-date type="start-planned">2006-04-01</activity-date><activity-status code="4">Post-completion</activity-status><contact-info><organisation>Department for International Development</organisation><telephone>+44 (0) 1355 84 3132</telephone><email>enquiry@dfid.gov.uk</email><mailing-address>Public Enquiry Point, Abercrombie House, Eaglesham Road, East Kilbride, Glasgow G75 8EA</mailing-address></contact-info><default-tied-status code="5">Untied</default-tied-status><policy-marker code="1" vocabulary="DAC" significance="0">Gender Equality</policy-marker><policy-marker code="2" vocabulary="DAC" significance="0">Aid to Environment</policy-marker><policy-marker code="3" vocabulary="DAC" significance="2">Participatory Development/Good Governance</policy-marker><policy-marker code="4" vocabulary="DAC" significance="0">Trade Development</policy-marker><policy-marker code="5" vocabulary="DAC" significance="0">Aid Targeting the Objectives of the Convention on Biological Diversity</policy-marker><policy-marker code="6" vocabulary="DAC" significance="0">Aid Targeting the Objectives of the Framework Convention on Climate Change - Mitigation</policy-marker><policy-marker code="7" vocabulary="DAC" significance="0">Aid Targeting the Objectives of the Framework Convention on Climate Change - Adaptation</policy-marker><policy-marker code="8" vocabulary="DAC" significance="0">Aid Targeting the Objectives of the Convention to Combat Desertification</policy-marker><transaction><value value-date="2008-04-01">154033</value><transaction-type code="C">Commitment</transaction-type><transaction-date iso-date="2006-04-01">Total Commitment to 30 May 2010</transaction-date></transaction><transaction><value currency="GBP" value-date="2007-03-31">15114</value><transaction-type code="D">Disbursement</transaction-type><provider-org ref="GB-1">Department for International Development</provider-org><description>Aggregated spend data - Financial Year 2006 Quarter 4</description><transaction-date iso-date="2007-03-31"/></transaction><transaction><value currency="GBP" value-date="2007-06-30">12814</value><transaction-type code="D">Disbursement</transaction-type><provider-org ref="GB-1">Department for International Development</provider-org><description>Aggregated spend data - Financial Year 2007 Quarter 1</description><transaction-date iso-date="2007-06-30"/></transaction><transaction><value currency="GBP" value-date="2008-06-30">60829</value><transaction-type code="D">Disbursement</transaction-type><provider-org ref="GB-1">Department for International Development</provider-org><description>Aggregated spend data - Financial Year 2008 Quarter 1</description><transaction-date iso-date="2008-06-30"/></transaction><transaction><value currency="GBP" value-date="2008-12-31">53629</value><transaction-type code="D">Disbursement</transaction-type><provider-org ref="GB-1">Department for International Development</provider-org><description>Aggregated spend data - Financial Year 2008 Quarter 3</description><transaction-date iso-date="2008-12-31"/></transaction><transaction><value currency="GBP" value-date="2009-03-31">11647</value><transaction-type code="D">Disbursement</transaction-type><provider-org ref="GB-1">Department for International Development</provider-org><description>Aggregated spend data - Financial Year 2008 Quarter 4</description><transaction-date iso-date="2009-03-31"/></transaction><budget type="Original"><period-start iso-date="2006-04-01"/><period-end iso-date="2007-03-31"/><value value-date="2006-04-01" currency="GBP">15114</value></budget><budget type="Original"><period-start iso-date="2007-04-01"/><period-end iso-date="2008-03-31"/><value value-date="2007-04-01" currency="GBP">12814</value></budget><budget type="Revised"><period-start iso-date="2008-04-01"/><period-end iso-date="2009-03-31"/><value value-date="2008-04-01" currency="GBP">126105</value></budget><related-activity ref="GB-1-109899" type="1">Strengthening the Voices of Older People CSCF364</related-activity><related-activity ref="GB-1-109899-102" type="3">Accountable Grant CSCF0364: Strengtheneing the voices of older people in Ukraine</related-activity><legacy-data name="15150 Strengthening Civil Society: (Governance and Security)" value="15150" iati-equivalent="sector">51%</legacy-data><legacy-data name="16011 Social Protection, Social Infrastructure and Services (MDG Poverty, Hunger and Vulnerability)" value="16011" iati-equivalent="sector">49%</legacy-data></iati-activity><iati-activity xml:lang="en" default-currency="GBP" hierarchy="2"><reporting-org ref="GB-1" type="10">Department for International Development</reporting-org><participating-org ref="GB" type="10" role="Funding">UNITED KINGDOM</participating-org><participating-org ref="GB-1" type="10" role="Extending">Department for International Development</participating-org><participating-org ref="22000" role="Implementing">Donor country-based NGO</participating-org><recipient-country code="UA">Ukraine</recipient-country><collaboration-type code="5">Aid through NGOs</collaboration-type><default-flow-type code="10">ODA</default-flow-type><default-aid-type code="C01">Project-type interventions</default-aid-type><default-finance-type code="110">Aid grant excluding debt reorganisation</default-finance-type><iati-identifier>GB-1-109899-102</iati-identifier><other-identifier owner-ref="GB-1" owner-name="DFID">109899-102</other-identifier><title>Accountable Grant CSCF0364: Strengtheneing the voices of older people in Ukraine</title><sector code="15150" percentage="51">Democratic participation and civil society</sector><sector code="16010" percentage="49">Social/welfare services</sector><activity-date type="end-actual">2010-03-01</activity-date><activity-date type="end-planned">2010-03-01</activity-date><activity-date type="start-actual">2007-01-09</activity-date><activity-date type="start-planned">2007-01-09</activity-date><activity-status code="4">Post-completion</activity-status><contact-info><organisation>Department for International Development</organisation><telephone>+44 (0) 1355 84 3132</telephone><email>enquiry@dfid.gov.uk</email><mailing-address>Public Enquiry Point, Abercrombie House, Eaglesham Road, East Kilbride, Glasgow G75 8EA</mailing-address></contact-info><default-tied-status code="5">Untied</default-tied-status><policy-marker code="1" vocabulary="DAC" significance="0">Gender Equality</policy-marker><policy-marker code="2" vocabulary="DAC" significance="0">Aid to Environment</policy-marker><policy-marker code="3" vocabulary="DAC" significance="2">Participatory Development/Good Governance</policy-marker><policy-marker code="4" vocabulary="DAC" significance="0">Trade Development</policy-marker><policy-marker code="5" vocabulary="DAC" significance="0">Aid Targeting the Objectives of the Convention on Biological Diversity</policy-marker><policy-marker code="6" vocabulary="DAC" significance="0">Aid Targeting the Objectives of the Framework Convention on Climate Change - Mitigation</policy-marker><policy-marker code="7" vocabulary="DAC" significance="0">Aid Targeting the Objectives of the Framework Convention on Climate Change - Adaptation</policy-marker><policy-marker code="8" vocabulary="DAC" significance="0">Aid Targeting the Objectives of the Convention to Combat Desertification</policy-marker><transaction><value value-date="2009-04-01">34373</value><transaction-type code="C">Commitment</transaction-type><transaction-date iso-date="2007-01-09">Total Commitment to 01 Mar 2010</transaction-date></transaction><transaction><value currency="GBP" value-date="2009-06-30">16287</value><transaction-type code="D">Disbursement</transaction-type><provider-org ref="GB-1">Department for International Development</provider-org><description>Aggregated spend data - Financial Year 2009 Quarter 1</description><transaction-date iso-date="2009-06-30"/></transaction><transaction><value currency="GBP" value-date="2009-09-30">18086</value><transaction-type code="D">Disbursement</transaction-type><provider-org ref="GB-1">Department for International Development</provider-org><description>Aggregated spend data - Financial Year 2009 Quarter 2</description><transaction-date iso-date="2009-09-30"/></transaction><budget type="Revised"><period-start iso-date="2009-04-01"/><period-end iso-date="2010-03-31"/><value value-date="2009-04-01" currency="GBP">34373</value></budget><related-activity ref="GB-1-109899" type="1">Strengthening the Voices of Older People CSCF364</related-activity><related-activity ref="GB-1-109899-101" type="3">NOTFORPROFITORG and P0118 for Strengthening the Voices of Older People CSCF364</related-activity><legacy-data name="15150 Strengthening Civil Society: (Governance and Security)" value="15150" iati-equivalent="sector">51%</legacy-data><legacy-data name="16011 Social Protection, Social Infrastructure and Services (MDG Poverty, Hunger and Vulnerability)" value="16011" iati-equivalent="sector">49%</legacy-data></iati-activity><iati-activity xml:lang="en" default-currency="GBP" hierarchy="1"><reporting-org ref="GB-1" type="10">Department for International Development</reporting-org><participating-org ref="GB" type="10" role="Funding">UNITED KINGDOM</participating-org><participating-org ref="GB-1" type="10" role="Extending">Department for International Development</participating-org><iati-identifier>GB-1-201810</iati-identifier><other-identifier owner-ref="GB-1" owner-name="DFID">201810</other-identifier><title>Handover of Management for Donbass Microfinance Fund</title><description>Management of Micro Finance Fund</description><activity-date type="end-actual">2012-03-31</activity-date><activity-date type="end-planned">2012-03-31</activity-date><activity-date type="start-actual">2010-05-14</activity-date><activity-date type="start-planned">2010-06-01</activity-date><activity-status code="4">Post-completion</activity-status><contact-info><organisation>Department for International Development</organisation><telephone>+44 (0) 1355 84 3132</telephone><email>enquiry@dfid.gov.uk</email><mailing-address>Public Enquiry Point, Abercrombie House, Eaglesham Road, East Kilbride, Glasgow G75 8EA</mailing-address></contact-info><default-tied-status code="5">Untied</default-tied-status><related-activity ref="GB-1-201810-101" type="2">Handover of Management for Donbass Micro Finance Fund</related-activity><document-link url="http://projects.dfid.gov.uk/IATI/document/3496293" format="application/msword"><title>Project completion review 201810.doc</title></document-link></iati-activity><iati-activity xml:lang="en" default-currency="GBP" hierarchy="2"><reporting-org ref="GB-1" type="10">Department for International Development</reporting-org><participating-org ref="GB" type="10" role="Funding">UNITED KINGDOM</participating-org><participating-org ref="GB-1" type="10" role="Extending">Department for International Development</participating-org><participating-org ref="20000" role="Implementing">NON-GOVERNMENTAL ORGANISATIONS (NGOs) AND CIVIL SOCIETY</participating-org><recipient-country code="UA">Ukraine</recipient-country><collaboration-type code="5">Aid through NGOs</collaboration-type><default-flow-type code="10">ODA</default-flow-type><default-aid-type code="C01">Project-type interventions</default-aid-type><default-finance-type code="110">Aid grant excluding debt reorganisation</default-finance-type><iati-identifier>GB-1-201810-101</iati-identifier><other-identifier owner-ref="GB-1" owner-name="DFID">201810-101</other-identifier><title>Handover of Management for Donbass Micro Finance Fund</title><sector code="15110">Public sector policy and administrative management</sector><activity-date type="end-actual">2012-03-31</activity-date><activity-date type="end-planned">2012-03-31</activity-date><activity-date type="start-actual">2010-06-01</activity-date><activity-date type="start-planned">2010-06-01</activity-date><activity-status code="4">Post-completion</activity-status><contact-info><organisation>Department for International Development</organisation><telephone>+44 (0) 1355 84 3132</telephone><email>enquiry@dfid.gov.uk</email><mailing-address>Public Enquiry Point, Abercrombie House, Eaglesham Road, East Kilbride, Glasgow G75 8EA</mailing-address></contact-info><default-tied-status code="5">Untied</default-tied-status><policy-marker code="1" vocabulary="DAC" significance="0">Gender Equality</policy-marker><policy-marker code="2" vocabulary="DAC" significance="0">Aid to Environment</policy-marker><policy-marker code="3" vocabulary="DAC" significance="0">Participatory Development/Good Governance</policy-marker><policy-marker code="4" vocabulary="DAC" significance="0">Trade Development</policy-marker><policy-marker code="5" vocabulary="DAC" significance="0">Aid Targeting the Objectives of the Convention on Biological Diversity</policy-marker><policy-marker code="6" vocabulary="DAC" significance="0">Aid Targeting the Objectives of the Framework Convention on Climate Change - Mitigation</policy-marker><policy-marker code="7" vocabulary="DAC" significance="0">Aid Targeting the Objectives of the Framework Convention on Climate Change - Adaptation</policy-marker><policy-marker code="8" vocabulary="DAC" significance="0">Aid Targeting the Objectives of the Convention to Combat Desertification</policy-marker><transaction><value value-date="2011-04-01">18000</value><transaction-type code="C">Commitment</transaction-type><transaction-date iso-date="2010-06-01">Total Commitment to 31 Mar 2012</transaction-date></transaction><transaction><value currency="GBP" value-date="2011-01-28">9000</value><transaction-type code="D">Disbursement</transaction-type><provider-org ref="GB-1">Department for International Development</provider-org><receiver-org>Journal Transaction</receiver-org><description>Aid to civil society organisations / NGOs</description><transaction-date iso-date="2011-01-28"/></transaction><transaction><value currency="GBP" value-date="2011-01-28">-9000</value><transaction-type code="D">Disbursement</transaction-type><provider-org ref="GB-1">Department for International Development</provider-org><receiver-org>Journal Transaction</receiver-org><description>Aid to civil society organisations / NGOs</description><transaction-date iso-date="2011-01-28"/></transaction><transaction><value currency="GBP" value-date="2011-04-26">9000</value><transaction-type code="D">Disbursement</transaction-type><provider-org ref="GB-1">Department for International Development</provider-org><receiver-org>Journal Transaction</receiver-org><description>Aid to civil society organisations / NGOs</description><transaction-date iso-date="2011-04-26"/></transaction><transaction><value currency="GBP" value-date="2011-04-28">-9000</value><transaction-type code="D">Disbursement</transaction-type><provider-org ref="GB-1">Department for International Development</provider-org><receiver-org>Journal Transaction</receiver-org><description>Aid to civil society organisations / NGOs</description><transaction-date iso-date="2011-04-28"/></transaction><transaction><value currency="GBP" value-date="2012-03-20">18000</value><transaction-type code="D">Disbursement</transaction-type><provider-org ref="GB-1">Department for International Development</provider-org><receiver-org ref="22000">Donor country-based NGO</receiver-org><description>Aid to civil society organisations / NGOs</description><transaction-date iso-date="2012-03-20"/></transaction><budget type="Original"><period-start iso-date="2010-04-01"/><period-end iso-date="2011-03-31"/><value value-date="2010-04-01" currency="GBP">9000</value></budget><budget type="Original"><period-start iso-date="2011-04-01"/><period-end iso-date="2012-03-31"/><value value-date="2011-04-01" currency="GBP">9000</value></budget><related-activity ref="GB-1-201810" type="1">Handover of Management for Donbass Microfinance Fund</related-activity><legacy-data name="15110 Economic and Development Policy/Planning: (Governance and Security)" value="15110" iati-equivalent="sector"/></iati-activity></iati-activities>