<iati-activities version="1.01" generated-datetime="2013-03-28T16:48:56Z"><ir:registry-record xml:lang="en" file-id="GB-1" source-url="http://projects.dfid.gov.uk/iati/Country/VU" publisher-id="GB-1" publisher-role="Funding" contact-email="ppisupport@dfid.gov.uk" donor-id="GB-1" donor-type="10" title="DFID Activity File" activity-period="All Periods" last-updated-datetime="2013-03-28T16:48:56Z" generated-datetime="2013-03-28T16:48:56Z" verification-status="1" format="xml" license="IATI" xmlns:ir="http://iatiregistry.org/ns/record#"/><iati-activity xml:lang="en" default-currency="GBP" hierarchy="1"><reporting-org ref="GB-1" type="10">Department for International Development</reporting-org><participating-org ref="GB" type="10" role="Funding">UNITED KINGDOM</participating-org><participating-org ref="GB-1" type="10" role="Extending">Department for International Development</participating-org><iati-identifier>GB-1-200188</iati-identifier><other-identifier owner-ref="GB-1" owner-name="DFID">200188</other-identifier><title>UK Multilateral Debt Relief Initiative (UK MDRI) - Bhutan - Lesotho - Samoa - Vanuatu</title><description>UK debt relief for qualifying countries to help achieve the Millennium Development Goals.</description><activity-date type="end-actual">2013-10-03</activity-date><activity-date type="end-planned">2013-10-03</activity-date><activity-date type="start-actual">2008-10-27</activity-date><activity-date type="start-planned">2008-10-03</activity-date><activity-status code="2">Implementation</activity-status><contact-info><organisation>Department for International Development</organisation><telephone>+44 (0) 1355 84 3132</telephone><email>enquiry@dfid.gov.uk</email><mailing-address>Public Enquiry Point, Abercrombie House, Eaglesham Road, East Kilbride, Glasgow G75 8EA</mailing-address></contact-info><default-tied-status code="5">Untied</default-tied-status><related-activity ref="GB-1-200188-102" type="2">UK Multilateral Debt Relief Initiative (UK MDRI) - Lesotho</related-activity><related-activity ref="GB-1-200188-103" type="2">UK Multilateral Debt Relief Initiative (UK MDRI)- Samoa</related-activity><related-activity ref="GB-1-200188-104" type="2">UK Multilateral Debt Relief Initiative (UK MDRI) Vanuatu</related-activity></iati-activity><iati-activity xml:lang="en" default-currency="GBP" hierarchy="2"><reporting-org ref="GB-1" type="10">Department for International Development</reporting-org><participating-org ref="GB" type="10" role="Funding">UNITED KINGDOM</participating-org><participating-org ref="GB-1" type="10" role="Extending">Department for International Development</participating-org><participating-org ref="52000" role="Implementing">Other.</participating-org><recipient-country code="VU">Vanuatu</recipient-country><collaboration-type code="1">Bilateral</collaboration-type><default-flow-type code="10">ODA</default-flow-type><default-aid-type code="F01">Debt relief</default-aid-type><iati-identifier>GB-1-200188-104</iati-identifier><other-identifier owner-ref="GB-1" owner-name="DFID">200188-104</other-identifier><title>UK Multilateral Debt Relief Initiative (UK MDRI) Vanuatu</title><sector code="60010">Actions relating to debt</sector><activity-date type="end-actual">2013-07-31</activity-date><activity-date type="end-planned">2013-07-31</activity-date><activity-date type="start-actual">2008-10-03</activity-date><activity-date type="start-planned">2008-10-03</activity-date><activity-status code="2">Implementation</activity-status><contact-info><organisation>Department for International Development</organisation><telephone>+44 (0) 1355 84 3132</telephone><email>enquiry@dfid.gov.uk</email><mailing-address>Public Enquiry Point, Abercrombie House, Eaglesham Road, East Kilbride, Glasgow G75 8EA</mailing-address></contact-info><default-tied-status code="5">Untied</default-tied-status><policy-marker code="1" vocabulary="DAC" significance="0">Gender Equality</policy-marker><policy-marker code="2" vocabulary="DAC" significance="0">Aid to Environment</policy-marker><policy-marker code="3" vocabulary="DAC" significance="0">Participatory Development/Good Governance</policy-marker><policy-marker code="4" vocabulary="DAC" significance="0">Trade Development</policy-marker><policy-marker code="5" vocabulary="DAC" significance="0">Aid Targeting the Objectives of the Convention on Biological Diversity</policy-marker><policy-marker code="6" vocabulary="DAC" significance="0">Aid Targeting the Objectives of the Framework Convention on Climate Change - Mitigation</policy-marker><policy-marker code="7" vocabulary="DAC" significance="0">Aid Targeting the Objectives of the Framework Convention on Climate Change - Adaptation</policy-marker><policy-marker code="8" vocabulary="DAC" significance="0">Aid Targeting the Objectives of the Convention to Combat Desertification</policy-marker><transaction><value value-date="2013-04-01">648339</value><transaction-type code="C">Commitment</transaction-type><transaction-date iso-date="2008-10-03">Total Commitment to 31 Jul 2013</transaction-date></transaction><transaction><value currency="GBP" value-date="2008-12-31">33494</value><transaction-type code="D">Disbursement</transaction-type><provider-org ref="GB-1">Department for International Development</provider-org><description>Aggregated spend data - Financial Year 2008 Quarter 3</description><transaction-date iso-date="2008-12-31"/></transaction><transaction><value currency="GBP" value-date="2009-09-30">40041</value><transaction-type code="D">Disbursement</transaction-type><provider-org ref="GB-1">Department for International Development</provider-org><description>Aggregated spend data - Financial Year 2009 Quarter 2</description><transaction-date iso-date="2009-09-30"/></transaction><transaction><value currency="GBP" value-date="2010-08-11">41537</value><transaction-type code="D">Disbursement</transaction-type><provider-org ref="GB-1">Department for International Development</provider-org><receiver-org ref="52000">Other.</receiver-org><description>Debt Relief</description><transaction-date iso-date="2010-08-11"/></transaction><transaction><value currency="GBP" value-date="2011-12-08">42265</value><transaction-type code="D">Disbursement</transaction-type><provider-org ref="GB-1">Department for International Development</provider-org><receiver-org ref="52000">Other.</receiver-org><description>Debt Relief</description><transaction-date iso-date="2011-12-08"/></transaction><budget type="Revised"><period-start iso-date="2008-04-01"/><period-end iso-date="2009-03-31"/><value value-date="2008-04-01" currency="GBP">33494</value></budget><budget type="Revised"><period-start iso-date="2009-04-01"/><period-end iso-date="2010-03-31"/><value value-date="2009-04-01" currency="GBP">40041</value></budget><budget type="Revised"><period-start iso-date="2010-04-01"/><period-end iso-date="2011-03-31"/><value value-date="2010-04-01" currency="GBP">41537</value></budget><budget type="Revised"><period-start iso-date="2011-04-01"/><period-end iso-date="2012-03-31"/><value value-date="2011-04-01" currency="GBP">42265</value></budget><budget type="Revised"><period-start iso-date="2012-04-01"/><period-end iso-date="2013-03-31"/><value value-date="2012-04-01" currency="GBP">441000</value></budget><budget type="Revised"><period-start iso-date="2013-04-01"/><period-end iso-date="2014-03-31"/><value value-date="2013-04-01" currency="GBP">50000</value></budget><related-activity ref="GB-1-200188" type="1">UK Multilateral Debt Relief Initiative (UK MDRI) - Bhutan - Lesotho - Samoa - Vanuatu</related-activity><related-activity ref="GB-1-200188-102" type="3">UK Multilateral Debt Relief Initiative (UK MDRI) - Lesotho</related-activity><related-activity ref="GB-1-200188-103" type="3">UK Multilateral Debt Relief Initiative (UK MDRI)- Samoa</related-activity><legacy-data name="60010 Action Relating to Debt (Wealth Creation)" value="60010" iati-equivalent="sector"/></iati-activity></iati-activities>